company_id,year,free_cash_flow_cr,cfo_pat_ratio,cfo_quality_label,capex_intensity_pct,capex_intensity_label,fcf_conversion_pct,fcf_conversion_label,cfo_sign,cfi_sign,cff_sign,pattern_label,distress_flag,operating_activity,investing_activity
ABB,2012-12,42.0,0.696551724137931,Moderate,3.569267997580157,Moderate,20.792079207920793,CapEx Heavy,+,-,-,Reinvestor,False,101.0,-59.0
ABB,2014-03,0.0,0.0,Accrual Risk,0.0,Asset Light,0.0,CapEx Heavy,0,0,0,Unclassified,False,0.0,0.0
ABB,2015-03,-1899.0,-0.15283842794759825,Accrual Risk,81.43294014853649,Capital Intensive,-608.6538461538462,CapEx Heavy,-,-,+,Growth Funded by Debt,True,-35.0,-1864.0
ABB,2016-03,728.0,6.0549019607843135,High Quality,31.216526396327467,Capital Intensive,199.45205479452056,Efficient,+,-,-,Shareholder Returns,False,1544.0,-816.0
ABB,2017-03,459.0,7.902527075812275,High Quality,59.59352394075095,Capital Intensive,115.32663316582914,Efficient,+,-,-,Shareholder Returns,False,2189.0,-1730.0
ABB,2018-03,-994.0,5.4812967581047385,High Quality,96.78593086719223,Capital Intensive,-189.33333333333334,CapEx Heavy,+,-,+,Mixed,False,2198.0,-3192.0
ABB,2019-03,-459.0,5.757777777777778,High Quality,82.90296276162,Capital Intensive,-75.86776859504131,CapEx Heavy,+,-,+,Mixed,False,2591.0,-3050.0
ABB,2020-03,-206.0,9.168634064080944,High Quality,137.86953334962132,Capital Intensive,-27.212681638044916,CapEx Heavy,+,-,+,Mixed,False,5437.0,-5643.0
ABB,2021-03,-225.0,5.476121562952243,High Quality,93.01624129930394,Capital Intensive,-24.40347071583514,CapEx Heavy,+,-,-,Shareholder Returns,False,3784.0,-4009.0
ABB,2022-03,161.0,5.127659574468085,High Quality,80.11398330958681,Capital Intensive,14.87985212569316,CapEx Heavy,+,-,-,Shareholder Returns,False,4097.0,-3936.0
ABB,2023-03,-922.0,3.9799789251844047,High Quality,87.84819592447187,Capital Intensive,-76.45107794361525,CapEx Heavy,+,-,+,Mixed,False,3777.0,-4699.0
ABB,2024-03,1095.0,5.027477102414655,High Quality,84.51017267909045,Capital Intensive,75.36132140399174,Efficient,+,-,-,Shareholder Returns,False,6038.0,-4943.0
ADANIENSOL,2014-03,0.0,,,,,,,0,0,0,Unclassified,False,0.0,0.0
ADANIENSOL,2015-03,-1899.0,5.0,High Quality,1422.9007633587787,Capital Intensive,-1880.19801980198,CapEx Heavy,-,-,+,Growth Funded by Debt,True,-35.0,-1864.0
ADANIENSOL,2016-03,728.0,4.195652173913044,High Quality,37.192342752962624,Capital Intensive,37.77893098079917,Moderate,+,-,-,Shareholder Returns,False,1544.0,-816.0
ADANIENSOL,2017-03,459.0,5.262019230769231,High Quality,60.15299026425591,Capital Intensive,23.14674735249622,CapEx Heavy,+,-,-,Shareholder Returns,False,2189.0,-1730.0
ADANIENSOL,2018-03,-994.0,1.9230096237970253,High Quality,80.93306288032454,Capital Intensive,-35.17338995046001,CapEx Heavy,+,-,+,Mixed,False,2198.0,-3192.0
ADANIENSOL,2019-03,-459.0,4.635062611806798,High Quality,41.752224503764545,Capital Intensive,-16.52267818574514,CapEx Heavy,+,-,+,Mixed,False,2591.0,-3050.0
ADANIENSOL,2020-03,-206.0,7.701133144475921,High Quality,49.43062368605466,Capital Intensive,-4.837952090183185,CapEx Heavy,+,-,+,Mixed,False,5437.0,-5643.0
ADANIENSOL,2021-03,-225.0,2.933333333333333,High Quality,40.38887769494258,Capital Intensive,-5.69620253164557,CapEx Heavy,+,-,-,Shareholder Returns,False,3784.0,-4009.0
ADANIENSOL,2022-03,161.0,3.3147249190938513,High Quality,34.96180493871025,Capital Intensive,3.8278649548264383,CapEx Heavy,+,-,-,Shareholder Returns,False,4097.0,-3936.0
ADANIENSOL,2023-03,-922.0,2.9484777517564402,High Quality,35.34943203189649,Capital Intensive,-20.407259849490924,CapEx Heavy,+,-,+,Mixed,False,3777.0,-4699.0
ADANIENSOL,2024-03,1095.0,5.048494983277592,High Quality,29.764557114469802,Capital Intensive,19.17352477674663,CapEx Heavy,+,-,-,Shareholder Returns,False,6038.0,-4943.0
ADANIENT,2013-03,-7124.0,6.293924466338259,High Quality,31.892183288409704,Capital Intensive,-118.31921607706361,CapEx Heavy,+,-,+,Mixed,False,7666.0,-14790.0
ADANIENT,2014-03,221.0,3.109599395313681,High Quality,14.572224143265327,Capital Intensive,2.3553234573164232,CapEx Heavy,+,-,-,Shareholder Returns,False,8228.0,-8007.0
ADANIENT,2015-03,-2933.0,3.7127937336814623,High Quality,17.784844489257736,Capital Intensive,-23.55823293172691,CapEx Heavy,+,-,+,Mixed,False,8532.0,-11465.0
ADANIENT,2016-03,3287.0,5.112,High Quality,5.366384380145848,Moderate,195.19002375296913,Efficient,+,-,-,Shareholder Returns,False,5112.0,-1825.0
ADANIENT,2017-03,-686.0,0.8367567567567568,Moderate,3.996386828346974,Moderate,-36.067297581493165,CapEx Heavy,+,-,+,Mixed,False,774.0,-1460.0
ADANIENT,2018-03,-4707.0,4.952861952861953,High Quality,21.2921723638793,Capital Intensive,-230.96172718351323,CapEx Heavy,+,-,+,Mixed,False,2942.0,-7649.0
ADANIENT,2019-03,5723.0,6.395256916996048,High Quality,6.159142128334035,Moderate,290.655154900965,Efficient,+,+,-,Liquidating Assets,False,3236.0,2487.0
ADANIENT,2020-03,1372.0,2.3596153846153847,High Quality,2.4929152362739906,Asset Light,59.80819529206626,Moderate,+,-,-,Shareholder Returns,False,2454.0,-1082.0
ADANIENT,2021-03,-4568.0,3.8652007648183555,High Quality,21.77959885676708,Capital Intensive,-182.28252194732642,CapEx Heavy,+,-,+,Mixed,False,4043.0,-8611.0
ADANIENT,2022-03,-15656.0,1.7576142131979695,High Quality,24.54768078363584,Capital Intensive,-421.5401184706516,CapEx Heavy,+,-,+,Mixed,False,1385.0,-17041.0
ADANIENT,2023-03,2167.0,7.277456647398844,High Quality,12.120903246040458,Capital Intensive,24.574733499659786,CapEx Heavy,+,-,-,Shareholder Returns,False,17626.0,-15459.0
ADANIENT,2024-03,-8455.0,3.0920539730134933,High Quality,19.463602327293845,Capital Intensive,-74.31660367407929,CapEx Heavy,+,-,+,Mixed,False,10312.0,-18767.0
ADANIGREEN,2017-03,-1483.0,-0.5957446808510638,Accrual Risk,300.996015936255,Capital Intensive,-367.99007444168734,CapEx Heavy,+,-,+,Mixed,False,28.0,-1511.0
ADANIGREEN,2018-03,-3779.0,-4.702898550724638,Accrual Risk,299.18918918918916,Capital Intensive,-448.2799525504152,CapEx Heavy,+,-,+,Mixed,False,649.0,-4428.0
ADANIGREEN,2019-03,-1041.0,-3.4210526315789473,Accrual Risk,129.54324586977648,Capital Intensive,-68.2175622542595,CapEx Heavy,+,-,+,Mixed,False,1625.0,-2666.0
ADANIGREEN,2020-03,-1778.0,-28.897058823529413,Accrual Risk,146.8418987838368,Capital Intensive,-122.62068965517241,CapEx Heavy,+,-,+,Mixed,False,1965.0,-3743.0
ADANIGREEN,2021-03,-7536.0,8.796703296703297,High Quality,292.4775928297055,Capital Intensive,-336.27844712182065,CapEx Heavy,+,-,+,Mixed,False,1601.0,-9137.0
ADANIGREEN,2022-03,-15603.0,6.394683026584867,High Quality,364.89382427430354,Capital Intensive,-444.2767653758542,CapEx Heavy,+,-,+,Mixed,False,3127.0,-18730.0
ADANIGREEN,2023-03,3408.0,7.466598150051388,High Quality,49.60133744855967,Capital Intensive,68.57142857142857,Efficient,+,-,-,Shareholder Returns,False,7265.0,-3857.0
ADANIGREEN,2024-03,-13347.0,6.121428571428571,High Quality,228.4164859002169,Capital Intensive,-182.3858977862804,CapEx Heavy,+,-,+,Mixed,False,7713.0,-21060.0
ADANIPORTS,2013-03,-3757.0,0.8413666870042709,Moderate,143.58400894604418,Capital Intensive,-157.7246011754828,CapEx Heavy,+,-,+,Mixed,False,1379.0,-5136.0
ADANIPORTS,2014-03,-1378.0,0.6502010338885698,Moderate,51.96687370600414,Capital Intensive,-47.20794792737239,CapEx Heavy,+,-,+,Mixed,False,1132.0,-2510.0
ADANIPORTS,2015-03,572.0,1.3154044750430292,High Quality,40.39336801040312,Capital Intensive,14.659149154279858,CapEx Heavy,+,-,-,Shareholder Returns,False,3057.0,-2485.0
ADANIPORTS,2016-03,-1772.0,0.8336834733893558,Moderate,58.418905612603744,Capital Intensive,-38.71531570897968,CapEx Heavy,+,-,+,Mixed,False,2381.0,-4153.0
ADANIPORTS,2017-03,1434.0,1.0412608918503332,High Quality,31.152980210925463,Capital Intensive,26.46733111849391,CapEx Heavy,+,-,-,Shareholder Returns,False,4063.0,-2629.0
ADANIPORTS,2018-03,1762.0,1.5197831978319782,High Quality,33.966263357767374,Capital Intensive,24.6192538773229,CapEx Heavy,+,-,-,Shareholder Returns,False,5608.0,-3846.0
ADANIPORTS,2019-03,1661.0,1.4904820766378244,High Quality,39.98169336384439,Capital Intensive,25.181928441479684,CapEx Heavy,+,-,+,Mixed,False,6029.0,-4368.0
ADANIPORTS,2020-03,6653.0,1.9556142668428005,High Quality,6.308430893624189,Moderate,111.87153186480579,Efficient,+,-,-,Shareholder Returns,False,7402.0,-749.0
ADANIPORTS,2021-03,-6508.0,1.4965339671222024,High Quality,112.06374501992032,Capital Intensive,-74.90791896869244,CapEx Heavy,+,-,+,Mixed,False,7556.0,-14064.0
ADANIPORTS,2022-03,4927.0,2.103775489602261,High Quality,32.087154623517726,Capital Intensive,51.710747271200674,Moderate,+,-,-,Shareholder Returns,False,10420.0,-5493.0
ADANIPORTS,2023-03,-4816.0,2.2073826748284175,High Quality,80.1649721849223,Capital Intensive,-43.99378825248927,CapEx Heavy,+,-,-,Shareholder Returns,False,11900.0,-16716.0
ADANIPORTS,2024-03,8250.0,1.8531589338598222,High Quality,25.337875781513237,Capital Intensive,52.92193213163128,Moderate,+,-,-,Shareholder Returns,False,15018.0,-6768.0
ADANIPOWER,2013-03,-1063.0,-1.3076252723311548,Accrual Risk,60.72922893006575,Capital Intensive,-110.72916666666666,CapEx Heavy,+,-,+,Mixed,False,3001.0,-4064.0
ADANIPOWER,2014-03,-1462.0,-11.127147766323024,Accrual Risk,30.66283924843424,Capital Intensive,-31.83104724580884,CapEx Heavy,+,-,+,Mixed,False,3238.0,-4700.0
ADANIPOWER,2015-03,1087.0,-7.137254901960785,Accrual Risk,25.354600438901677,Capital Intensive,23.236425823001284,CapEx Heavy,+,-,-,Reinvestor,False,5824.0,-4737.0
ADANIPOWER,2016-03,2565.0,9.540834845735027,High Quality,10.60803089411672,Capital Intensive,29.141104294478527,CapEx Heavy,+,-,-,Shareholder Returns,False,5257.0,-2692.0
ADANIPOWER,2017-03,3513.0,-0.7653061224489796,Accrual Risk,5.359037849310223,Moderate,58.745819397993316,Moderate,+,-,-,Reinvestor,False,4725.0,-1212.0
ADANIPOWER,2018-03,4581.0,-2.425582501188778,Accrual Risk,2.56107171000788,Asset Light,84.27152317880795,Efficient,+,-,-,Reinvestor,False,5101.0,-520.0
ADANIPOWER,2019-03,4626.0,-5.701219512195122,Accrual Risk,4.119912912409982,Moderate,92.83564118001205,Efficient,+,-,-,Reinvestor,False,5610.0,-984.0
ADANIPOWER,2020-03,3294.0,-2.4606593406593404,Accrual Risk,8.704851141000454,Capital Intensive,57.446808510638306,Moderate,+,-,-,Reinvestor,False,5598.0,-2304.0
ADANIPOWER,2021-03,4826.0,5.522834645669291,High Quality,8.344456733152816,Capital Intensive,55.547882136279924,Moderate,+,-,-,Shareholder Returns,False,7014.0,-2188.0
ADANIPOWER,2022-03,11007.0,2.0832654723127035,High Quality,2.793114647612861,Asset Light,111.39560773201094,Efficient,+,+,-,Liquidating Assets,False,10233.0,774.0
ADANIPOWER,2023-03,9976.0,0.7859606600167801,Moderate,3.984731643153741,Moderate,98.81141045958796,Efficient,+,+,-,Liquidating Assets,False,8431.0,1545.0
ADANIPOWER,2024-03,17651.0,0.6803015027125642,Moderate,6.9134674584417395,Moderate,96.83454026771999,Efficient,+,+,-,Liquidating Assets,False,14170.0,3481.0
AMBUJACEM,2012-12,1472.0,1.4396284829721362,High Quality,3.979895373884501,Moderate,59.522846744844315,Moderate,+,-,-,Shareholder Returns,False,1860.0,-388.0
AMBUJACEM,2013-12,771.0,0.9913928012519562,Moderate,5.414256085580177,Moderate,46.19532654284003,Moderate,+,-,-,Reinvestor,False,1267.0,-496.0
AMBUJACEM,2014-12,1219.0,1.1264290517821116,High Quality,4.580612757408337,Moderate,63.02998965873836,Efficient,+,-,-,Shareholder Returns,False,1675.0,-456.0
AMBUJACEM,2015-12,1474.0,1.926980198019802,High Quality,0.8795167955918195,Asset Light,95.59014267185474,Efficient,+,-,-,Shareholder Returns,False,1557.0,-83.0
AMBUJACEM,2016-12,-1355.0,1.9595536959553697,High Quality,20.727580372250422,Capital Intensive,-42.59666771455517,CapEx Heavy,+,-,-,Shareholder Returns,False,2810.0,-4165.0
AMBUJACEM,2017-12,2678.0,1.7562982005141388,High Quality,3.125926553433013,Moderate,69.4142042509072,Efficient,+,-,-,Shareholder Returns,False,3416.0,-738.0
AMBUJACEM,2018-12,938.0,0.5728220652539522,Moderate,2.9376752044852346,Asset Light,23.38568935427574,CapEx Heavy,+,-,-,Reinvestor,False,1703.0,-765.0
AMBUJACEM,2019-12,3548.0,1.7028386633129715,High Quality,4.394185360094451,Moderate,77.18077006743529,Efficient,+,-,-,Shareholder Returns,False,4739.0,-1191.0
AMBUJACEM,2020-12,3515.0,1.5551979401351785,High Quality,5.3720019579050415,Moderate,70.2157411106672,Efficient,+,-,-,Shareholder Returns,False,4832.0,-1317.0
AMBUJACEM,2021-12,3302.0,1.4306116949609269,High Quality,6.929052304505437,Moderate,53.17230273752013,Moderate,+,-,-,Shareholder Returns,False,5309.0,-2007.0
AMBUJACEM,2023-03,-13746.0,0.24305555555555555,Accrual Risk,37.19084675244626,Capital Intensive,-268.3717297930496,CapEx Heavy,+,-,+,Mixed,False,735.0,-14481.0
AMBUJACEM,2024-03,-3295.0,1.1916420430561419,High Quality,26.963208685162847,Capital Intensive,-51.48437500000001,CapEx Heavy,+,-,+,Mixed,False,5646.0,-8941.0
APOLLOHOSP,2013-03,-290.0,1.462046204620462,High Quality,19.44812947731494,Capital Intensive,-47.385620915032675,CapEx Heavy,+,-,+,Mixed,False,443.0,-733.0
APOLLOHOSP,2014-03,17.0,1.1841269841269841,High Quality,8.170759697039246,Capital Intensive,2.514792899408284,CapEx Heavy,+,-,-,Shareholder Returns,False,373.0,-356.0
APOLLOHOSP,2015-03,-289.0,1.4029850746268657,High Quality,14.798206278026907,Capital Intensive,-39.21302578018996,CapEx Heavy,+,-,+,Mixed,False,470.0,-759.0
APOLLOHOSP,2016-03,-291.0,2.5404255319148934,High Quality,14.439024390243901,Capital Intensive,-42.54385964912281,CapEx Heavy,+,-,+,Mixed,False,597.0,-888.0
APOLLOHOSP,2017-03,-529.0,4.755725190839694,High Quality,15.87651598676957,Capital Intensive,-72.0708446866485,CapEx Heavy,+,-,+,Mixed,False,623.0,-1152.0
APOLLOHOSP,2018-03,132.0,8.95,High Quality,4.91325973553318,Moderate,16.479400749063668,CapEx Heavy,+,-,-,Shareholder Returns,False,537.0,-405.0
APOLLOHOSP,2019-03,194.0,4.525,High Quality,7.393157949464491,Moderate,18.13084112149533,CapEx Heavy,+,-,-,Shareholder Returns,False,905.0,-711.0
APOLLOHOSP,2020-03,1004.0,2.9930555555555554,High Quality,2.569574108651196,Asset Light,63.10496543054682,Efficient,+,-,-,Shareholder Returns,False,1293.0,-289.0
APOLLOHOSP,2021-03,385.0,9.233576642335766,High Quality,8.333333333333332,Capital Intensive,33.771929824561404,Moderate,+,-,-,Shareholder Returns,False,1265.0,-880.0
APOLLOHOSP,2022-03,949.0,1.5306859205776173,High Quality,5.094455432039828,Moderate,43.35312928277752,Moderate,+,-,-,Shareholder Returns,False,1696.0,-747.0
APOLLOHOSP,2023-03,520.0,1.6315165876777251,High Quality,5.158921261738502,Moderate,25.181598062954,CapEx Heavy,+,-,-,Shareholder Returns,False,1377.0,-857.0
APOLLOHOSP,2024-03,383.0,2.053475935828877,High Quality,8.064431502177449,Capital Intensive,15.998329156223893,CapEx Heavy,+,-,-,Shareholder Returns,False,1920.0,-1537.0
ASIANPAINT,2013-03,724.0,1.0232758620689655,High Quality,4.407844630616908,Moderate,41.681059297639614,Moderate,+,-,-,Shareholder Returns,False,1187.0,-463.0
ASIANPAINT,2014-03,816.0,1.110055423594616,High Quality,4.795417348608838,Moderate,40.7185628742515,Moderate,+,-,-,Shareholder Returns,False,1402.0,-586.0
ASIANPAINT,2015-03,723.0,0.8325157673440785,Moderate,3.4153507161219245,Moderate,32.23361569326795,Moderate,+,-,-,Reinvestor,False,1188.0,-465.0
ASIANPAINT,2016-03,1377.0,1.2440377149195785,High Quality,6.068250297806741,Moderate,50.53211009174312,Moderate,+,-,-,Shareholder Returns,False,2243.0,-866.0
ASIANPAINT,2017-03,846.0,0.7574404761904762,Moderate,4.521311910768822,Moderate,28.256513026052104,CapEx Heavy,+,-,-,Reinvestor,False,1527.0,-681.0
ASIANPAINT,2018-03,557.0,1.0071496663489037,High Quality,9.248142644873699,Capital Intensive,17.384519350811487,CapEx Heavy,+,-,-,Shareholder Returns,False,2113.0,-1556.0
ASIANPAINT,2019-03,1552.0,1.118659420289855,High Quality,4.771309771309771,Moderate,41.221779548472774,Moderate,+,-,-,Shareholder Returns,False,2470.0,-918.0
ASIANPAINT,2020-03,2520.0,1.0951694304253785,High Quality,2.5629607639404286,Asset Light,60.62063988453211,Efficient,+,-,-,Shareholder Returns,False,3038.0,-518.0
ASIANPAINT,2021-03,3142.0,1.1484253196133458,High Quality,2.491594897066274,Asset Light,64.70345963756178,Efficient,+,-,-,Shareholder Returns,False,3683.0,-541.0
ASIANPAINT,2022-03,669.0,0.3196110210696921,Accrual Risk,1.089309645716642,Asset Light,13.925895087427145,CapEx Heavy,+,-,-,Reinvestor,False,986.0,-317.0
ASIANPAINT,2023-03,2911.0,0.999523241954708,Moderate,3.7171271999768045,Moderate,46.501597444089455,Moderate,+,-,-,Reinvestor,False,4193.0,-1282.0
ASIANPAINT,2024-03,3556.0,1.0982367758186398,High Quality,7.17847584166784,Moderate,46.88200395517469,Moderate,+,-,-,Shareholder Returns,False,6104.0,-2548.0
ATGL,2018-03,-711.0,1.7098765432098766,High Quality,71.90684133915575,Capital Intensive,-194.2622950819672,CapEx Heavy,+,-,+,Mixed,False,277.0,-988.0
ATGL,2019-03,1147.0,1.554585152838428,High Quality,46.01512507271669,Capital Intensive,252.0879120879121,Efficient,+,+,-,Liquidating Assets,False,356.0,791.0
ATGL,2020-03,31.0,1.128440366972477,High Quality,24.586666666666666,Capital Intensive,5.2100840336134455,CapEx Heavy,+,-,-,Shareholder Returns,False,492.0,-461.0
ATGL,2021-03,-116.0,1.4125269978401729,High Quality,45.40094339622642,Capital Intensive,-16.477272727272727,CapEx Heavy,+,-,+,Mixed,False,654.0,-770.0
ATGL,2022-03,-401.0,1.4381139489194499,High Quality,37.29427254772877,Capital Intensive,-51.87580853816301,CapEx Heavy,+,-,+,Mixed,False,732.0,-1133.0
ATGL,2023-03,-314.0,1.5622710622710623,High Quality,26.656007309273637,Capital Intensive,-36.0919540229885,CapEx Heavy,+,-,+,Mixed,False,853.0,-1167.0
ATGL,2024-03,203.0,1.4296407185628743,High Quality,16.804469273743017,Capital Intensive,18.387681159420293,CapEx Heavy,+,-,-,Shareholder Returns,False,955.0,-752.0
AXISBANK,2013-03,-8366.0,0.4968140567677158,Accrual Risk,40.2420630541147,Capital Intensive,-100.63755563575123,CapEx Heavy,+,-,+,Mixed,False,2573.0,-10939.0
AXISBANK,2014-03,298.0,2.326149887423609,High Quality,46.23217257922392,Capital Intensive,3.090004147656574,CapEx Heavy,+,-,+,Mixed,False,14464.0,-14166.0
AXISBANK,2015-03,-23134.0,-2.060614297363414,Accrual Risk,22.469629921925645,Capital Intensive,-207.90869057248136,CapEx Heavy,-,-,+,Growth Funded by Debt,True,-15162.0,-7972.0
AXISBANK,2016-03,-25284.0,-4.19443093385214,Accrual Risk,22.47243095540158,Capital Intensive,-189.15239021470788,CapEx Heavy,-,+,+,Distress Signal,True,-34495.0,9211.0
AXISBANK,2017-03,19751.0,8.754824680619734,High Quality,27.96910780836065,Capital Intensive,82.95950940860214,Efficient,+,-,-,Shareholder Returns,False,32209.0,-12458.0
AXISBANK,2018-03,-48397.0,-139.09420289855072,Accrual Risk,21.858890345128877,Capital Intensive,-167.49264578646824,CapEx Heavy,-,-,+,Growth Funded by Debt,True,-38390.0,-10007.0
AXISBANK,2019-03,18451.0,7.937780628608082,High Quality,33.96137198559634,Capital Intensive,67.94697109187994,Efficient,+,-,+,Mixed,False,37125.0,-18674.0
AXISBANK,2020-03,20931.0,18.694529809465273,High Quality,15.14329049253612,Capital Intensive,59.690298294644386,Moderate,+,-,+,Mixed,False,30416.0,-9485.0
AXISBANK,2021-03,-41655.0,1.9175774134790529,High Quality,85.70075458592493,Capital Intensive,-131.2009827081168,CapEx Heavy,+,-,+,Mixed,False,12633.0,-54288.0
AXISBANK,2022-03,1025.0,2.1602303262955855,High Quality,40.239250782908115,Capital Intensive,3.420999933248782,CapEx Heavy,+,-,+,Mixed,False,28137.0,-27112.0
AXISBANK,2023-03,-10276.0,2.3042797494780793,High Quality,37.986707998684885,Capital Intensive,-35.32606827323043,CapEx Heavy,+,-,+,Mixed,False,22075.0,-32351.0
AXISBANK,2024-03,-14556.0,-0.2234423394071035,Accrual Risk,8.229937185125584,Capital Intensive,-38.36280736894816,CapEx Heavy,-,-,+,Growth Funded by Debt,True,-5555.0,-9001.0
BAJAJ-AUTO,2013-03,824.0,0.7079476540057453,Moderate,6.961298377028714,Moderate,22.538293216630198,CapEx Heavy,+,-,-,Reinvestor,False,2218.0,-1394.0
BAJAJ-AUTO,2014-03,1430.0,1.036094674556213,High Quality,10.28951680985251,Capital Intensive,34.350228200816716,Moderate,+,-,-,Shareholder Returns,False,3502.0,-2072.0
BAJAJ-AUTO,2015-03,1734.0,0.6986120290812955,Moderate,1.7596665894883075,Asset Light,42.00581395348838,Moderate,+,-,-,Reinvestor,False,2114.0,-380.0
BAJAJ-AUTO,2016-03,3622.0,0.9086431913321842,Moderate,0.30123150527155135,Asset Light,75.56853745044857,Efficient,+,-,-,Reinvestor,False,3690.0,-68.0
BAJAJ-AUTO,2017-03,-343.0,0.8009316008825692,Moderate,16.593886462882097,Capital Intensive,-7.744411831113118,CapEx Heavy,+,-,-,Reinvestor,False,3267.0,-3610.0
BAJAJ-AUTO,2018-03,2374.0,1.0258355060440862,High Quality,7.7508925029750095,Moderate,48.98885678910442,Moderate,+,-,-,Shareholder Returns,False,4328.0,-1954.0
BAJAJ-AUTO,2019-03,2214.0,0.5046672077922078,Moderate,0.8992687265300744,Asset Light,42.59330511735283,Moderate,+,-,-,Reinvestor,False,2487.0,-273.0
BAJAJ-AUTO,2020-03,5616.0,0.7386799693016116,Moderate,5.902603696647615,Moderate,109.92366412213741,Efficient,+,+,-,Liquidating Assets,False,3850.0,1766.0
BAJAJ-AUTO,2021-03,251.0,0.6423718344657195,Moderate,10.342092931040698,Capital Intensive,5.0830295666261645,CapEx Heavy,+,-,-,Reinvestor,False,3120.0,-2869.0
BAJAJ-AUTO,2022-03,4473.0,0.6806681803438209,Moderate,0.8327047820184039,Asset Light,85.05419281232174,Efficient,+,+,-,Liquidating Assets,False,4197.0,276.0
BAJAJ-AUTO,2023-03,6488.0,0.8707920792079208,Moderate,3.3219037169112604,Moderate,100.35576179427687,Efficient,+,+,-,Liquidating Assets,False,5277.0,1211.0
BAJAJ-AUTO,2024-03,6486.0,0.8508043591074209,Moderate,0.16046356139959886,Asset Light,73.99885909868796,Efficient,+,-,-,Reinvestor,False,6558.0,-72.0
BAJAJFINSV,2013-03,-3969.0,-3.1264679313459802,Accrual Risk,36.660459342023586,Capital Intensive,-100.96667514627322,CapEx Heavy,-,+,+,Distress Signal,True,-6922.0,2953.0
BAJAJFINSV,2014-03,-6043.0,-4.476038338658147,Accrual Risk,62.49377386684376,Capital Intensive,-134.55800489868625,CapEx Heavy,-,+,+,Distress Signal,True,-9807.0,3764.0
BAJAJFINSV,2015-03,-7022.0,-4.454545454545454,Accrual Risk,32.721658579620645,Capital Intensive,-127.41789148974777,CapEx Heavy,-,+,+,Distress Signal,True,-10731.0,3709.0
BAJAJFINSV,2016-03,-10681.0,-3.5297297297297296,Accrual Risk,4.315005113719379,Moderate,-158.4953257159816,CapEx Heavy,-,-,+,Growth Funded by Debt,True,-9795.0,-886.0
BAJAJFINSV,2017-03,-10771.0,-3.165797101449275,Accrual Risk,0.6161504876157833,Asset Light,-123.61987834270629,CapEx Heavy,-,+,+,Distress Signal,True,-10922.0,151.0
BAJAJFINSV,2018-03,-20502.0,-4.688697318007663,Accrual Risk,2.805672204978394,Asset Light,-190.04449388209122,CapEx Heavy,-,-,+,Growth Funded by Debt,True,-19580.0,-922.0
BAJAJFINSV,2019-03,-33979.0,-5.038332713062895,Accrual Risk,16.20232367093064,Capital Intensive,-225.96927578639355,CapEx Heavy,-,-,+,Growth Funded by Debt,True,-27076.0,-6903.0
BAJAJFINSV,2020-03,-33317.0,-3.898732065398732,Accrual Risk,18.303251090136335,Capital Intensive,-182.4789133530507,CapEx Heavy,-,-,+,Growth Funded by Debt,True,-23369.0,-9948.0
BAJAJFINSV,2021-03,863.0,0.6172118908646668,Moderate,6.0800105624504885,Moderate,4.393869965887684,CapEx Heavy,+,-,+,Mixed,False,4547.0,-3684.0
BAJAJFINSV,2022-03,-32225.0,-4.049795525619437,Accrual Risk,2.1123878022395695,Asset Light,-150.19808902353765,CapEx Heavy,-,+,+,Distress Signal,True,-33670.0,1445.0
BAJAJFINSV,2023-03,-53425.0,-3.2334152334152333,Accrual Risk,16.99117847743445,Capital Intensive,-178.87036293022632,CapEx Heavy,-,-,+,Growth Funded by Debt,True,-39480.0,-13945.0
BAJAJFINSV,2024-03,-79634.0,-4.403590894517474,Accrual Risk,9.929155115870342,Capital Intensive,-194.77082619967717,CapEx Heavy,-,-,+,Growth Funded by Debt,True,-68674.0,-10960.0
BAJAJHLDNG,2013-03,104.0,0.2548491379310345,Accrual Risk,109.49554896142433,Capital Intensive,32.298136645962735,Moderate,+,-,-,Reinvestor,False,473.0,-369.0
BAJAJHLDNG,2014-03,353.0,0.4386317907444668,Accrual Risk,122.69503546099291,Capital Intensive,88.25,Efficient,+,-,-,Reinvestor,False,872.0,-519.0
BAJAJHLDNG,2015-03,332.0,0.39231148348940365,Accrual Risk,88.54961832061069,Capital Intensive,68.59504132231406,Efficient,+,-,-,Reinvestor,False,796.0,-464.0
BAJAJHLDNG,2016-03,2166.0,0.506401766004415,Moderate,216.8085106382979,Capital Intensive,504.8951048951049,Efficient,+,+,-,Liquidating Assets,False,1147.0,1019.0
BAJAJHLDNG,2017-03,-1295.0,-0.3732308936514355,Accrual Risk,44.180522565320665,Capital Intensive,-206.21019108280257,CapEx Heavy,-,-,-,Pre-Revenue,False,-923.0,-372.0
BAJAJHLDNG,2018-03,508.0,0.6143126177024482,Moderate,267.38095238095235,Capital Intensive,143.09859154929578,Efficient,+,-,-,Reinvestor,False,1631.0,-1123.0
BAJAJHLDNG,2019-03,465.0,0.20603674540682415,Accrual Risk,37.81902552204176,Capital Intensive,134.0057636887608,Efficient,+,-,-,Reinvestor,False,628.0,-163.0
BAJAJHLDNG,2020-03,1120.0,0.6233766233766234,Moderate,183.90804597701148,Capital Intensive,372.09302325581393,Efficient,+,-,-,Reinvestor,False,1920.0,-800.0
BAJAJHLDNG,2021-03,-36.0,0.07443897099069513,Accrual Risk,67.39606126914661,Capital Intensive,-10.227272727272728,CapEx Heavy,+,-,-,Reinvestor,False,272.0,-308.0
BAJAJHLDNG,2022-03,1459.0,0.39020843431895297,Accrual Risk,31.198347107438018,Capital Intensive,397.54768392370573,Efficient,+,-,-,Reinvestor,False,1610.0,-151.0
BAJAJHLDNG,2023-03,1591.0,0.3493732308936514,Accrual Risk,26.245210727969347,Capital Intensive,418.6842105263158,Efficient,+,-,-,Reinvestor,False,1728.0,-137.0
BAJAJHLDNG,2024-03,1469.0,0.26354378818737273,Accrual Risk,27.73207990599295,Capital Intensive,94.0460947503201,Efficient,+,-,-,Reinvestor,False,1941.0,-472.0
BAJFINANCE,2015-03,-7424.0,-7.866369710467706,Accrual Risk,6.6765578635014835,Moderate,-423.7442922374429,CapEx Heavy,-,-,+,Growth Funded by Debt,True,-7064.0,-360.0
BAJFINANCE,2016-03,-10557.0,-7.716966379984362,Accrual Risk,9.412248253185368,Capital Intensive,-448.4706881903144,CapEx Heavy,-,-,+,Growth Funded by Debt,True,-9870.0,-687.0
BAJFINANCE,2017-03,-13486.0,-5.685729847494553,Accrual Risk,30.561685055165494,Capital Intensive,-414.95384615384614,CapEx Heavy,-,-,+,Growth Funded by Debt,True,-10439.0,-3047.0
BAJFINANCE,2018-03,-19491.0,-8.239583333333334,Accrual Risk,8.434018515612742,Capital Intensive,-473.65735115431346,CapEx Heavy,-,+,+,Distress Signal,True,-20566.0,1075.0
BAJFINANCE,2019-03,-34441.0,-7.27459324155194,Accrual Risk,29.09612159896143,Capital Intensive,-631.4814814814815,CapEx Heavy,-,-,+,Growth Funded by Debt,True,-29062.0,-5379.0
BAJFINANCE,2020-03,-33170.0,-4.637537993920972,Accrual Risk,33.20694623492834,Capital Intensive,-362.15744076864286,CapEx Heavy,-,-,+,Growth Funded by Debt,True,-24412.0,-8758.0
BAJFINANCE,2021-03,-1236.0,-0.18257918552036198,Accrual Risk,1.6083680125970081,Asset Light,-11.40326598394686,CapEx Heavy,-,-,+,Growth Funded by Debt,True,-807.0,-429.0
BAJFINANCE,2022-03,-30743.0,-5.277461582242458,Accrual Risk,20.059416579754117,Capital Intensive,-258.7794612794613,CapEx Heavy,-,+,+,Distress Signal,True,-37090.0,6347.0
BAJFINANCE,2023-03,-52506.0,-3.659367396593674,Accrual Risk,25.09961121441163,Capital Intensive,-413.66107303238005,CapEx Heavy,-,-,+,Growth Funded by Debt,True,-42112.0,-10394.0
BAJFINANCE,2024-03,-79931.0,-5.034945678499758,Accrual Risk,13.044822818889617,Capital Intensive,-496.49667681222434,CapEx Heavy,-,-,+,Growth Funded by Debt,True,-72760.0,-7171.0
BANKBARODA,2013-03,22682.0,4.803478981155519,High Quality,1.410460457713627,Asset Light,207.14155251141554,Efficient,+,-,-,Shareholder Returns,False,23196.0,-514.0
BANKBARODA,2014-03,41503.0,8.386219221604447,High Quality,1.8041173417690237,Asset Light,344.45182172794426,Efficient,+,-,+,Mixed,False,42233.0,-730.0
BANKBARODA,2015-03,17282.0,4.5159493670886075,High Quality,1.2378937993988643,Asset Light,128.3380365364622,Efficient,+,-,-,Shareholder Returns,False,17838.0,-556.0
BANKBARODA,2016-03,-14016.0,1.9890721239817206,High Quality,8.744732417738378,Capital Intensive,-55.20066165176637,CapEx Heavy,-,-,-,Pre-Revenue,False,-10011.0,-4005.0
BANKBARODA,2017-03,17314.0,9.630727762803234,High Quality,1.238953972072943,Asset Light,89.94285714285715,Efficient,+,-,-,Shareholder Returns,False,17865.0,-551.0
BANKBARODA,2018-03,-60106.0,32.5119825708061,High Quality,0.8989056800416885,Asset Light,-230.35296822902694,CapEx Heavy,-,-,+,Growth Funded by Debt,True,-59692.0,-414.0
BANKBARODA,2019-03,-3986.0,-1.2427101200686106,Accrual Risk,4.795297319774694,Moderate,-15.440635289560333,CapEx Heavy,-,-,+,Growth Funded by Debt,True,-1449.0,-2537.0
BANKBARODA,2020-03,18392.0,18.889908256880734,High Quality,0.1761835350782686,Asset Light,45.319468743069756,Moderate,+,-,+,Mixed,False,18531.0,-139.0
BANKBARODA,2021-03,-1358.0,-0.5475308641975308,Accrual Risk,0.6337971310923918,Asset Light,-3.5671132125032834,CapEx Heavy,-,-,-,Pre-Revenue,False,-887.0,-471.0
BANKBARODA,2022-03,2565.0,0.7828060002521114,Moderate,4.9669550998160386,Moderate,6.836718375179913,CapEx Heavy,+,-,-,Reinvestor,False,6210.0,-3645.0
BANKBARODA,2023-03,-22450.0,-1.423125624791736,Accrual Risk,1.159751542279081,Asset Light,-58.7219795453951,CapEx Heavy,-,-,-,Pre-Revenue,False,-21354.0,-1096.0
BANKBARODA,2024-03,-7559.0,-0.3325030473263024,Accrual Risk,1.0854965830088108,Asset Light,-17.03283084341693,CapEx Heavy,-,-,+,Growth Funded by Debt,True,-6274.0,-1285.0
BEL,2013-03,214.0,-1.6893523600439078,Accrual Risk,27.94516180455922,Capital Intensive,31.988041853512705,Moderate,-,+,-,Unclassified,False,-1539.0,1753.0
BEL,2014-03,190.0,-0.5976890756302521,Accrual Risk,11.644676281067811,Capital Intensive,20.54054054054054,CapEx Heavy,-,+,-,Unclassified,False,-569.0,759.0
BEL,2015-03,595.0,1.1979949874686717,High Quality,11.828563372338925,Capital Intensive,50.46649703138253,Moderate,+,-,-,Shareholder Returns,False,1434.0,-839.0
BEL,2016-03,790.0,1.6903515332834704,High Quality,19.989121566494426,Capital Intensive,56.71213208901651,Moderate,+,-,-,Shareholder Returns,False,2260.0,-1470.0
BEL,2017-03,3054.0,-0.04005252790544977,Accrual Risk,35.9865988909427,Capital Intensive,170.42410714285714,Efficient,-,+,-,Unclassified,False,-61.0,3115.0
BEL,2018-03,-693.0,-0.480083857442348,Accrual Risk,0.05768676088837611,Asset Light,-33.98724865129966,CapEx Heavy,-,-,-,Pre-Revenue,False,-687.0,-6.0
BEL,2019-03,618.0,0.8023317435082141,Moderate,7.365998026964814,Moderate,21.244413887933998,CapEx Heavy,+,-,-,Reinvestor,False,1514.0,-896.0
BEL,2020-03,1921.0,1.4082191780821918,High Quality,5.004626773596545,Moderate,69.62667633200435,Efficient,+,-,-,Shareholder Returns,False,2570.0,-649.0
BEL,2021-03,2498.0,2.4252380952380954,High Quality,18.392515415692113,Capital Intensive,77.7224642190417,Efficient,+,-,-,Shareholder Returns,False,5093.0,-2595.0
BEL,2022-03,-665.0,1.7529166666666667,High Quality,31.70223841749089,Capital Intensive,-19.886363636363637,CapEx Heavy,+,-,-,Shareholder Returns,False,4207.0,-4872.0
BEL,2023-03,3907.0,0.4015405224380442,Accrual Risk,15.270102627720764,Capital Intensive,95.52567237163814,Efficient,+,+,-,Liquidating Assets,False,1199.0,2708.0
BEL,2024-03,-1265.0,1.1691342534504392,High Quality,29.228340240773633,Capital Intensive,-25.044545634527815,CapEx Heavy,+,-,-,Shareholder Returns,False,4659.0,-5924.0
BHARTIARTL,2013-03,3932.0,9.972651080723423,High Quality,24.27125164073973,Capital Intensive,17.125435540069684,CapEx Heavy,+,-,-,Shareholder Returns,False,22608.0,-18676.0
BHARTIARTL,2014-03,1052.0,8.689301093077178,High Quality,29.326609522034847,Capital Intensive,3.968014484007242,CapEx Heavy,+,-,+,Mixed,False,26233.0,-25181.0
BHARTIARTL,2015-03,5758.0,5.558438985736926,High Quality,23.20579390432982,Capital Intensive,17.135884768763766,CapEx Heavy,+,-,-,Shareholder Returns,False,28059.0,-22301.0
BHARTIARTL,2016-03,13851.0,4.053677643986653,High Quality,14.597232005966934,Capital Intensive,40.75741525423729,Moderate,+,-,-,Shareholder Returns,False,27942.0,-14091.0
BHARTIARTL,2017-03,-2400.0,6.668238622966282,High Quality,32.13642267566095,Capital Intensive,-6.793093688083782,CapEx Heavy,+,-,-,Shareholder Returns,False,28280.0,-30680.0
BHARTIARTL,2018-03,1914.0,13.66941391941392,High Quality,33.80970244073622,Capital Intensive,6.363243458891585,CapEx Heavy,+,-,+,Mixed,False,29854.0,-27940.0
BHARTIARTL,2019-03,-8216.0,11.889810426540285,High Quality,35.01609309234959,Capital Intensive,-31.88945815867101,CapEx Heavy,+,-,+,Mixed,False,20070.0,-28286.0
BHARTIARTL,2020-03,-11469.0,-0.5912144534307331,Accrual Risk,33.81121557248769,Capital Intensive,-31.32750614586179,CapEx Heavy,+,-,+,Mixed,False,18129.0,-29598.0
BHARTIARTL,2021-03,20919.0,-3.8988191523778712,Accrual Risk,27.118947284726087,Capital Intensive,46.200225269992714,Moderate,+,-,-,Reinvestor,False,48205.0,-27286.0
BHARTIARTL,2022-03,13539.0,6.624563515954245,High Quality,35.58907565188293,Capital Intensive,23.532172280738344,CapEx Heavy,+,-,-,Shareholder Returns,False,55017.0,-41478.0
BHARTIARTL,2023-03,26093.0,5.31659477496541,High Quality,28.19504833087786,Capital Intensive,36.60942279091955,Moderate,+,-,-,Shareholder Returns,False,65325.0,-39232.0
BHARTIARTL,2024-03,27809.0,9.219210095816779,High Quality,34.063420943846594,Capital Intensive,35.51959331732489,Moderate,+,-,-,Shareholder Returns,False,78898.0,-51089.0
BHEL,2013-03,646.0,0.26281189302256086,Accrual Risk,2.2759339917796453,Asset Light,6.81219023515765,CapEx Heavy,+,-,+,Mixed,False,1759.0,-1113.0
BHEL,2014-03,3644.0,1.2884066247858366,High Quality,2.19408002831071,Asset Light,79.58069447477615,Efficient,+,-,+,Mixed,False,4512.0,-868.0
BHEL,2015-03,1471.0,0.5662068965517242,Moderate,2.0751524438910702,Asset Light,68.70621205044371,Efficient,+,+,-,Liquidating Assets,False,821.0,650.0
BHEL,2016-03,397.0,-0.5297450424929179,Accrual Risk,0.09017839639286414,Asset Light,-29.255711127487103,CapEx Heavy,+,+,-,Liquidating Assets,False,374.0,23.0
BHEL,2017-03,-5.0,1.2307692307692308,High Quality,1.9848937291410504,Asset Light,-0.45662100456621,CapEx Heavy,+,-,-,Shareholder Returns,False,560.0,-565.0
BHEL,2018-03,1950.0,2.2579908675799087,High Quality,3.333680230339612,Moderate,117.96733212341198,Efficient,+,+,-,Liquidating Assets,False,989.0,961.0
BHEL,2019-03,-1941.0,-3.852295409181637,Accrual Risk,6.303997897572352,Moderate,-95.52165354330708,CapEx Heavy,-,+,-,Unclassified,False,-3860.0,1919.0
BHEL,2020-03,-1015.0,1.9700272479564032,High Quality,8.745282579322556,Capital Intensive,763.1578947368421,Efficient,-,+,+,Distress Signal,True,-2892.0,1877.0
BHEL,2021-03,518.0,-0.2074074074074074,Accrual Risk,0.2426483332370443,Asset Light,-16.98917677927189,CapEx Heavy,+,-,-,Reinvestor,False,560.0,-42.0
BHEL,2022-03,-458.0,1.4831460674157304,High Quality,5.270850030644477,Moderate,-55.31400966183575,CapEx Heavy,+,-,-,Shareholder Returns,False,660.0,-1118.0
BHEL,2023-03,739.0,-1.1330275229357798,Accrual Risk,6.334260646265783,Moderate,70.78544061302682,Efficient,-,+,+,Distress Signal,True,-741.0,1480.0
BHEL,2024-03,-2382.0,-13.166666666666666,Accrual Risk,5.570669233666764,Moderate,-335.0210970464135,CapEx Heavy,-,+,+,Distress Signal,True,-3713.0,1331.0
BOSCHLTD,2012-12,47.0,0.9091858037578288,Moderate,9.516110405358587,Capital Intensive,3.4814814814814814,CapEx Heavy,+,-,-,Reinvestor,False,871.0,-824.0
BOSCHLTD,2013-12,211.0,1.1943502824858756,High Quality,9.660842754367934,Capital Intensive,16.369278510473233,CapEx Heavy,+,-,-,Shareholder Returns,False,1057.0,-846.0
BOSCHLTD,2015-03,213.0,1.0433482810164425,High Quality,9.78818467648519,Capital Intensive,10.752145381120647,CapEx Heavy,+,-,-,Shareholder Returns,False,1396.0,-1183.0
BOSCHLTD,2016-03,323.0,0.8608752449379491,Moderate,10.256674569631997,Capital Intensive,17.199148029818957,CapEx Heavy,+,-,-,Reinvestor,False,1318.0,-995.0
BOSCHLTD,2017-03,2703.0,0.8368753589890867,Moderate,11.940584571154767,Capital Intensive,137.69740193581254,Efficient,+,+,-,Liquidating Assets,False,1457.0,1246.0
BOSCHLTD,2018-03,559.0,1.261123267687819,High Quality,10.008554319931566,Capital Intensive,26.70807453416149,CapEx Heavy,+,-,-,Shareholder Returns,False,1729.0,-1170.0
BOSCHLTD,2019-03,2359.0,0.3710888610763454,Accrual Risk,14.6131568059578,Capital Intensive,109.51717734447539,Efficient,+,+,-,Liquidating Assets,False,593.0,1766.0
BOSCHLTD,2020-03,463.0,2.0553846153846154,High Quality,8.870148343832554,Capital Intensive,31.22049898853675,Moderate,+,-,-,Shareholder Returns,False,1336.0,-873.0
BOSCHLTD,2021-03,372.0,1.7323651452282158,High Quality,4.764354805515538,Moderate,31.986242476354253,Moderate,+,-,-,Shareholder Returns,False,835.0,-463.0
BOSCHLTD,2022-03,238.0,0.22267871815940837,Accrual Risk,0.28008827024274313,Asset Light,16.27906976744186,CapEx Heavy,+,-,-,Reinvestor,False,271.0,-33.0
BOSCHLTD,2023-03,1476.0,0.8525280898876404,Moderate,1.7549735414294325,Asset Light,81.54696132596685,Efficient,+,+,-,Liquidating Assets,False,1214.0,262.0
BOSCHLTD,2024-03,1536.0,0.5032128514056224,Moderate,1.6918754110121361,Asset Light,73.31742243436754,Efficient,+,+,-,Liquidating Assets,False,1253.0,283.0
BPCL,2013-03,2322.0,3.0609504132231407,High Quality,1.4881431656488329,Asset Light,34.61022507080042,Moderate,+,-,-,Shareholder Returns,False,5926.0,-3604.0
BPCL,2014-03,2707.0,2.3656550703182826,High Quality,2.602289530710496,Asset Light,28.755045676651797,CapEx Heavy,+,-,-,Shareholder Returns,False,9588.0,-6881.0
BPCL,2015-03,10206.0,4.0814639905549,High Quality,4.342987163950238,Moderate,104.3558282208589,Efficient,+,-,-,Shareholder Returns,False,20742.0,-10536.0
BPCL,2016-03,1886.0,1.3745827667202373,High Quality,4.916007773607007,Moderate,14.540127977796624,CapEx Heavy,+,-,-,Shareholder Returns,False,11119.0,-9233.0
BPCL,2017-03,-6233.0,0.9509834858525297,Moderate,7.589527505453389,Moderate,-45.22237538997316,CapEx Heavy,+,-,+,Mixed,False,9041.0,-15274.0
BPCL,2018-03,4002.0,1.1303104575163399,High Quality,2.9954004959833824,Asset Light,26.12783182085265,CapEx Heavy,+,-,-,Shareholder Returns,False,11068.0,-7066.0
BPCL,2019-03,-294.0,1.1910178236397748,High Quality,3.5043892886602777,Moderate,-1.9454737956590789,CapEx Heavy,+,-,+,Mixed,False,10157.0,-10451.0
BPCL,2020-03,-3254.0,2.1497545008183305,High Quality,3.912893749209339,Moderate,-36.25626740947075,CapEx Heavy,+,-,+,Mixed,False,7881.0,-11135.0
BPCL,2021-03,20981.0,1.3542147806004619,High Quality,1.0748530440411694,Asset Light,99.90476643969335,Efficient,+,-,-,Shareholder Returns,False,23455.0,-2474.0
BPCL,2022-03,12198.0,1.7407978085944187,High Quality,2.3466583619528762,Asset Light,63.74039818153315,Efficient,+,-,-,Shareholder Returns,False,20336.0,-8138.0
BPCL,2023-03,4660.0,5.849835757860159,High Quality,1.6496649316232272,Asset Light,42.75621616662079,Moderate,+,-,-,Shareholder Returns,False,12466.0,-7806.0
BPCL,2024-03,25415.0,1.3379500353698945,High Quality,2.3480024906099985,Asset Light,57.65391769883399,Moderate,+,-,-,Shareholder Returns,False,35936.0,-10521.0
BRITANNIA,2013-03,348.0,1.2307692307692308,High Quality,0.45270816491511723,Asset Light,82.6603325415677,Efficient,+,+,-,Liquidating Assets,False,320.0,28.0
BRITANNIA,2014-03,425.0,1.6987341772151898,High Quality,3.558512946622306,Moderate,67.78309409888357,Efficient,+,-,-,Shareholder Returns,False,671.0,-246.0
BRITANNIA,2015-03,134.0,0.8476052249637155,Moderate,5.726648002036142,Moderate,15.402298850574713,CapEx Heavy,+,-,-,Reinvestor,False,584.0,-450.0
BRITANNIA,2016-03,254.0,1.1624242424242424,High Quality,8.395855662736691,Capital Intensive,20.751633986928105,CapEx Heavy,+,-,-,Shareholder Returns,False,959.0,-705.0
BRITANNIA,2017-03,291.0,0.49830508474576274,Accrual Risk,1.656726308813784,Asset Light,22.769953051643192,CapEx Heavy,+,-,-,Reinvestor,False,441.0,-150.0
BRITANNIA,2018-03,292.0,1.2440239043824701,High Quality,9.653015937058704,Capital Intensive,19.453697534976683,CapEx Heavy,+,-,-,Shareholder Returns,False,1249.0,-957.0
BRITANNIA,2019-03,304.0,1.000865800865801,High Quality,7.706919945725915,Moderate,17.551963048498845,CapEx Heavy,+,-,-,Shareholder Returns,False,1156.0,-852.0
BRITANNIA,2020-03,-41.0,1.0652797704447632,High Quality,13.155172413793103,Capital Intensive,-2.224633749321758,CapEx Heavy,+,-,+,Mixed,False,1485.0,-1526.0
BRITANNIA,2021-03,2309.0,1.0135062128579146,High Quality,3.296285018270402,Moderate,92.02869669190913,Efficient,+,+,-,Liquidating Assets,False,1876.0,433.0
BRITANNIA,2022-03,2214.0,0.8575197889182058,Moderate,6.46576117713639,Moderate,100.59064061790095,Efficient,+,+,-,Liquidating Assets,False,1300.0,914.0
BRITANNIA,2023-03,1019.0,1.0906735751295338,High Quality,9.24483160542298,Capital Intensive,35.99434828682445,Moderate,+,-,-,Shareholder Returns,False,2526.0,-1507.0
BRITANNIA,2024-03,3050.0,1.2057169634489222,High Quality,2.844534557815016,Asset Light,96.30565203662772,Efficient,+,+,-,Liquidating Assets,False,2573.0,477.0
CANBK,2013-03,7575.0,2.674457429048414,High Quality,1.2767830936307603,Asset Light,104.96050990716364,Efficient,+,-,-,Shareholder Returns,False,8010.0,-435.0
CANBK,2014-03,13864.0,5.330838323353293,High Quality,0.960323477381855,Asset Light,143.87712743877128,Efficient,+,-,-,Shareholder Returns,False,14244.0,-380.0
CANBK,2015-03,5240.0,2.1644489935175706,High Quality,2.5198000593431176,Asset Light,50.863909920403806,Moderate,+,-,-,Shareholder Returns,False,6344.0,-1104.0
CANBK,2016-03,8903.0,-3.686785009861933,Accrual Risk,1.0059265650900338,Asset Light,50.059038515603035,Moderate,+,-,-,Reinvestor,False,9346.0,-443.0
CANBK,2017-03,2099.0,1.824946846208363,High Quality,1.1481776298333213,Asset Light,13.377095150086035,CapEx Heavy,+,-,+,Mixed,False,2575.0,-476.0
CANBK,2018-03,-11607.0,2.871159308029951,High Quality,1.1778933365582296,Asset Light,-45.37174575873661,CapEx Heavy,-,-,+,Growth Funded by Debt,True,-11120.0,-487.0
CANBK,2019-03,17492.0,26.20258620689655,High Quality,1.5536693708160414,Asset Light,64.30409528711124,Efficient,+,-,-,Shareholder Returns,False,18237.0,-745.0
CANBK,2020-03,-5734.0,2.7532535137948986,High Quality,0.8943105769810487,Asset Light,-21.388339736655603,CapEx Heavy,-,-,+,Growth Funded by Debt,True,-5289.0,-445.0
CANBK,2021-03,58002.0,19.99256002705445,High Quality,1.5885442614550267,Asset Light,133.53132122384142,Efficient,+,-,+,Mixed,False,59118.0,-1116.0
CANBK,2022-03,-510.0,0.14923676518350112,Accrual Risk,2.0236780241878383,Asset Light,-1.2368133866860678,CapEx Heavy,+,-,+,Mixed,False,919.0,-1429.0
CANBK,2023-03,-41134.0,-3.523843102688409,Accrual Risk,1.3459859113931418,Asset Light,-96.17039184513233,CapEx Heavy,-,-,+,Growth Funded by Debt,True,-39978.0,-1156.0
CANBK,2024-03,13296.0,0.9769495487306019,Moderate,1.583438141857961,Asset Light,28.81289819269276,CapEx Heavy,+,-,-,Reinvestor,False,15046.0,-1750.0
CHOLAFIN,2013-03,-3749.0,-12.188311688311689,Accrual Risk,0.19455252918287938,Asset Light,-544.9127906976744,CapEx Heavy,-,+,+,Distress Signal,True,-3754.0,5.0
CHOLAFIN,2014-03,-2530.0,-6.649456521739131,Accrual Risk,2.531259530344617,Asset Light,-271.45922746781116,CapEx Heavy,-,-,+,Growth Funded by Debt,True,-2447.0,-83.0
CHOLAFIN,2015-03,-2304.0,-5.099099099099099,Accrual Risk,1.0767160161507403,Asset Light,-217.15362865221488,CapEx Heavy,-,-,+,Growth Funded by Debt,True,-2264.0,-40.0
CHOLAFIN,2016-03,-2946.0,-4.885217391304348,Accrual Risk,3.251067869008068,Moderate,-232.70142180094786,CapEx Heavy,-,-,+,Growth Funded by Debt,True,-2809.0,-137.0
CHOLAFIN,2017-03,-1690.0,-2.0445682451253484,Accrual Risk,4.729441840647635,Moderate,-127.83661119515885,CapEx Heavy,-,-,+,Growth Funded by Debt,True,-1468.0,-222.0
CHOLAFIN,2018-03,-7986.0,-8.633986928104575,Accrual Risk,1.0793308148947653,Asset Light,-550.3790489317712,CapEx Heavy,-,-,+,Growth Funded by Debt,True,-7926.0,-60.0
CHOLAFIN,2019-03,-9328.0,-7.783625730994152,Accrual Risk,0.15475520540236354,Asset Light,-571.5686274509804,CapEx Heavy,-,-,+,Growth Funded by Debt,True,-9317.0,-11.0
CHOLAFIN,2020-03,-2129.0,-1.9686907020872866,Accrual Risk,0.6198347107438017,Asset Light,-87.938868236266,CapEx Heavy,-,-,+,Growth Funded by Debt,True,-2075.0,-54.0
CHOLAFIN,2021-03,-10594.0,-5.817225509533202,Accrual Risk,18.21976416571011,Capital Intensive,-363.68005492619295,CapEx Heavy,-,-,+,Growth Funded by Debt,True,-8848.0,-1746.0
CHOLAFIN,2022-03,-3931.0,-2.586350974930362,Accrual Risk,16.160819865983445,Capital Intensive,-134.34723171565278,CapEx Heavy,-,+,+,Distress Signal,True,-5571.0,1640.0
CHOLAFIN,2023-03,-29253.0,-10.170731707317072,Accrual Risk,16.671841043154302,Capital Intensive,-807.870753935377,CapEx Heavy,-,-,+,Growth Funded by Debt,True,-27105.0,-2148.0
CHOLAFIN,2024-03,-38538.0,-10.433625730994152,Accrual Risk,14.898502322183374,Capital Intensive,-715.6545961002786,CapEx Heavy,-,-,+,Growth Funded by Debt,True,-35683.0,-2855.0
CIPLA,2013-03,-665.0,0.9048543689320389,Moderate,24.918468414059667,Capital Intensive,-10.964550700741963,CapEx Heavy,+,-,+,Mixed,False,1398.0,-2063.0
CIPLA,2014-03,298.0,1.1132478632478633,High Quality,12.434876634227859,Capital Intensive,3.712932967854473,CapEx Heavy,+,-,-,Shareholder Returns,False,1563.0,-1265.0
CIPLA,2015-03,223.0,0.9544344995931652,Moderate,8.373732921992067,Capital Intensive,2.428400304911249,CapEx Heavy,+,-,+,Mixed,False,1173.0,-950.0
CIPLA,2016-03,-2792.0,1.2588575560375994,High Quality,32.871646120377086,Capital Intensive,-24.68611847922193,CapEx Heavy,+,-,+,Mixed,False,1741.0,-4533.0
CIPLA,2017-03,1078.0,2.301449275362319,High Quality,9.059330276504099,Capital Intensive,9.060346276685157,CapEx Heavy,+,-,-,Shareholder Returns,False,2382.0,-1304.0
CIPLA,2018-03,629.0,1.0324629498941424,High Quality,5.5027711797308,Moderate,5.1017925216968125,CapEx Heavy,+,-,-,Shareholder Returns,False,1463.0,-834.0
CIPLA,2019-03,3.0,1.133378016085791,High Quality,10.316587214276982,Capital Intensive,0.022615906520919715,CapEx Heavy,+,-,-,Shareholder Returns,False,1691.0,-1688.0
CIPLA,2020-03,3182.0,2.0453333333333332,High Quality,0.6654214335745973,Asset Light,22.84934654602901,CapEx Heavy,+,+,-,Liquidating Assets,False,3068.0,114.0
CIPLA,2021-03,1381.0,1.571787358727501,High Quality,12.390396659707724,Capital Intensive,9.264104112162071,CapEx Heavy,+,-,-,Shareholder Returns,False,3755.0,-2374.0
CIPLA,2022-03,1468.0,1.3058500196309384,High Quality,8.537425906354823,Capital Intensive,8.529428853640114,CapEx Heavy,+,-,-,Shareholder Returns,False,3326.0,-1858.0
CIPLA,2023-03,862.0,1.1429579950582422,High Quality,10.442579000571353,Capital Intensive,4.862913234796344,CapEx Heavy,+,-,-,Shareholder Returns,False,3238.0,-2376.0
CIPLA,2024-03,1152.0,0.9951853635050554,Moderate,11.569799022270505,Capital Intensive,5.912847097469589,CapEx Heavy,+,-,-,Reinvestor,False,4134.0,-2982.0
COALINDIA,2013-03,7276.0,0.5248329108089421,Moderate,2.683630294423378,Asset Light,14.489405767086188,CapEx Heavy,+,-,-,Reinvestor,False,9109.0,-1833.0
COALINDIA,2014-03,23105.0,0.9611566966649021,Moderate,12.151597552685248,Capital Intensive,43.724688694598996,Moderate,+,+,-,Liquidating Assets,False,14525.0,8580.0
COALINDIA,2015-03,15276.0,1.0477161797916514,High Quality,1.2061521856449002,Asset Light,26.90526093312433,CapEx Heavy,+,+,-,Liquidating Assets,False,14382.0,894.0
COALINDIA,2016-03,21308.0,0.9219878040232705,Moderate,10.472508701403784,Capital Intensive,36.02549579860348,Moderate,+,+,-,Liquidating Assets,False,13154.0,8154.0
COALINDIA,2017-03,16916.0,1.7738146551724139,High Quality,0.5821094109820377,Asset Light,25.741067624322845,CapEx Heavy,+,+,-,Liquidating Assets,False,16461.0,455.0
COALINDIA,2018-03,13368.0,3.000142085819835,High Quality,9.088029656046173,Capital Intensive,17.59966296276792,CapEx Heavy,+,-,-,Shareholder Returns,False,21115.0,-7747.0
COALINDIA,2019-03,8460.0,0.9365551992670637,Moderate,7.928825336894745,Moderate,11.343675833679722,CapEx Heavy,+,-,-,Reinvestor,False,16356.0,-7896.0
COALINDIA,2020-03,6010.0,0.2980239520958084,Accrual Risk,1.0751457119067445,Asset Light,8.067114093959733,CapEx Heavy,+,+,-,Liquidating Assets,False,4977.0,1033.0
COALINDIA,2021-03,10774.0,0.8338844276491891,Moderate,0.20216381934107922,Asset Light,15.090058545057284,CapEx Heavy,+,+,-,Liquidating Assets,False,10592.0,182.0
COALINDIA,2022-03,15392.0,2.365462078490045,High Quality,23.43799845053092,Capital Intensive,18.109300547091006,CapEx Heavy,+,-,-,Shareholder Returns,False,41107.0,-25715.0
COALINDIA,2023-03,12269.0,1.1264382309365444,High Quality,16.972629690709716,Capital Intensive,13.049351201871943,CapEx Heavy,+,-,-,Shareholder Returns,False,35734.0,-23465.0
COALINDIA,2024-03,13617.0,0.48443897348069254,Accrual Risk,3.151963126387679,Moderate,14.432126505002543,CapEx Heavy,+,-,-,Reinvestor,False,18103.0,-4486.0
DABUR,2013-03,248.0,1.1357702349869452,High Quality,10.13029315960912,Capital Intensive,25.0,CapEx Heavy,+,-,-,Shareholder Returns,False,870.0,-622.0
DABUR,2014-03,994.0,1.1986899563318778,High Quality,1.4735052422782657,Asset Light,85.54216867469879,Efficient,+,-,-,Shareholder Returns,False,1098.0,-104.0
DABUR,2015-03,171.0,0.9803370786516854,Moderate,11.237973059653624,Capital Intensive,12.954545454545455,CapEx Heavy,+,-,-,Reinvestor,False,1047.0,-876.0
DABUR,2016-03,457.0,0.9465709728867624,Moderate,9.383033419023135,Capital Intensive,30.10540184453228,Moderate,+,-,-,Reinvestor,False,1187.0,-730.0
DABUR,2017-03,420.0,0.95859375,Moderate,10.598896769109535,Capital Intensive,27.77777777777778,CapEx Heavy,+,-,-,Reinvestor,False,1227.0,-807.0
DABUR,2018-03,551.0,0.8041237113402062,Moderate,7.005957005957006,Moderate,34.07544836116265,Moderate,+,-,-,Reinvestor,False,1092.0,-541.0
DABUR,2019-03,1837.0,1.0366528354080222,High Quality,3.969465648854962,Moderate,105.57471264367817,Efficient,+,+,-,Liquidating Assets,False,1499.0,338.0
DABUR,2020-03,1097.0,1.1146408839779005,High Quality,5.952792170408751,Moderate,61.21651785714286,Efficient,+,-,-,Shareholder Returns,False,1614.0,-517.0
DABUR,2021-03,711.0,1.247787610619469,High Quality,14.683120686048944,Capital Intensive,35.514485514485514,Moderate,+,-,-,Shareholder Returns,False,2115.0,-1404.0
DABUR,2022-03,529.0,1.034443168771527,High Quality,11.690697033703739,Capital Intensive,23.490230905861456,CapEx Heavy,+,-,-,Shareholder Returns,False,1802.0,-1273.0
DABUR,2023-03,905.0,0.8747795414462081,Moderate,5.056374674761492,Moderate,41.859389454209065,Moderate,+,-,-,Reinvestor,False,1488.0,-583.0
DABUR,2024-03,1042.0,1.1115405853119824,High Quality,7.828119961302805,Moderate,43.416666666666664,Moderate,+,-,-,Shareholder Returns,False,2013.0,-971.0
DIVISLAB,2013-03,225.0,0.7973421926910299,Moderate,11.888111888111888,Capital Intensive,27.573529411764707,CapEx Heavy,+,-,-,Reinvestor,False,480.0,-255.0
DIVISLAB,2014-03,252.0,0.720569210866753,Moderate,12.045813586097946,Capital Intensive,24.75442043222004,CapEx Heavy,+,-,-,Reinvestor,False,557.0,-305.0
DIVISLAB,2015-03,305.0,0.9694835680751174,Moderate,16.725521669341894,Capital Intensive,26.001705029838025,CapEx Heavy,+,-,-,Reinvestor,False,826.0,-521.0
DIVISLAB,2016-03,632.0,0.9218472468916519,Moderate,10.752118644067798,Capital Intensive,44.41321152494729,Moderate,+,-,-,Reinvestor,False,1038.0,-406.0
DIVISLAB,2017-03,10.0,1.0849056603773586,High Quality,28.051181102362204,Capital Intensive,0.6896551724137931,CapEx Heavy,+,-,+,Mixed,False,1150.0,-1140.0
DIVISLAB,2018-03,298.0,0.8848346636259977,Moderate,12.284759701876125,Capital Intensive,23.483057525610718,CapEx Heavy,+,-,-,Reinvestor,False,776.0,-478.0
DIVISLAB,2019-03,269.0,0.70509977827051,Moderate,13.849575414476345,Capital Intensive,14.354322305229456,CapEx Heavy,+,-,-,Reinvestor,False,954.0,-685.0
DIVISLAB,2020-03,1133.0,0.8830791575889615,Moderate,1.538746755654431,Asset Light,62.048192771084345,Efficient,+,-,-,Reinvestor,False,1216.0,-83.0
DIVISLAB,2021-03,2022.0,0.9813508064516129,Moderate,1.076194575979337,Asset Light,70.52668294384374,Efficient,+,+,-,Liquidating Assets,False,1947.0,75.0
DIVISLAB,2022-03,-283.0,0.6459459459459459,Moderate,24.497767857142858,Capital Intensive,-7.284427284427284,CapEx Heavy,+,-,-,Reinvestor,False,1912.0,-2195.0
DIVISLAB,2023-03,-248.0,1.3481359649122806,High Quality,34.852581434273205,Capital Intensive,-10.464135021097047,CapEx Heavy,+,-,-,Shareholder Returns,False,2459.0,-2707.0
DIVISLAB,2024-03,992.0,0.788125,Moderate,3.4289356277884,Moderate,44.8868778280543,Moderate,+,-,-,Reinvestor,False,1261.0,-269.0
DLF,2013-03,4004.0,3.0119940029985006,High Quality,25.6657661134697,Capital Intensive,152.06988226357768,Efficient,+,+,-,Liquidating Assets,False,2009.0,1995.0
DLF,2014-03,5392.0,2.488135593220339,High Quality,47.288503253796094,Capital Intensive,216.2855996791015,Efficient,+,+,-,Liquidating Assets,False,1468.0,3924.0
DLF,2015-03,2135.0,4.017751479289941,High Quality,1.2812132304876453,Asset Light,70.836098208361,Efficient,+,+,-,Liquidating Assets,False,2037.0,98.0
DLF,2016-03,2139.0,9.695081967213115,High Quality,8.240983276244208,Capital Intensive,53.933434190620275,Moderate,+,-,-,Shareholder Returns,False,2957.0,-818.0
DLF,2017-03,-26.0,-1.268361581920904,Accrual Risk,10.60698211896363,Capital Intensive,-0.7544979686593152,CapEx Heavy,-,+,+,Distress Signal,True,-898.0,872.0
DLF,2018-03,-1832.0,0.060308242126423946,Accrual Risk,31.34039063664828,Capital Intensive,-77.03952901597981,CapEx Heavy,+,-,-,Reinvestor,False,270.0,-2102.0
DLF,2019-03,2046.0,1.5547945205479452,High Quality,0.03585943103036098,Asset Light,95.25139664804469,Efficient,+,+,+,Cash Accumulator,False,2043.0,3.0
DLF,2020-03,6864.0,-0.6033898305084746,Accrual Risk,106.98668420187407,Capital Intensive,598.9528795811518,Efficient,+,+,-,Liquidating Assets,False,356.0,6508.0
DLF,2021-03,1610.0,1.348107109879963,High Quality,2.7705947543405984,Asset Light,109.59836623553439,Efficient,+,+,-,Liquidating Assets,False,1460.0,150.0
DLF,2022-03,3099.0,1.888,High Quality,4.67028161623229,Moderate,177.79690189328744,Efficient,+,+,-,Liquidating Assets,False,2832.0,267.0
DLF,2023-03,1914.0,1.1676499508357916,High Quality,8.094820017559263,Capital Intensive,110.89223638470452,Efficient,+,-,-,Shareholder Returns,False,2375.0,-461.0
DLF,2024-03,1010.0,0.9320851688693098,Moderate,23.79025984129454,Capital Intensive,47.55178907721281,Moderate,+,-,+,Mixed,False,2539.0,-1529.0
DMART,2013-03,-104.0,1.351063829787234,High Quality,6.914097575576175,Moderate,-48.372093023255815,CapEx Heavy,+,-,+,Mixed,False,127.0,-231.0
DMART,2014-03,-72.0,1.2298136645962734,High Quality,5.761843790012804,Moderate,-21.114369501466275,CapEx Heavy,+,-,+,Mixed,False,198.0,-270.0
DMART,2015-03,-252.0,1.0471698113207548,High Quality,7.361391520422426,Moderate,-55.26315789473685,CapEx Heavy,+,-,+,Mixed,False,222.0,-474.0
DMART,2016-03,-200.0,1.353125,High Quality,7.374184529356944,Moderate,-30.120481927710845,CapEx Heavy,+,-,+,Mixed,False,433.0,-633.0
DMART,2017-03,-2027.0,0.9498956158663883,Moderate,20.860648848545974,Capital Intensive,-209.18472652218782,CapEx Heavy,+,-,+,Mixed,False,455.0,-2482.0
DMART,2018-03,1194.0,0.9057071960297767,Moderate,3.086542938867824,Moderate,88.24833702882484,Efficient,+,+,-,Liquidating Assets,False,730.0,464.0
DMART,2019-03,-151.0,0.8946784922394678,Moderate,4.788802799300175,Moderate,-9.246785058175137,CapEx Heavy,+,-,+,Mixed,False,807.0,-958.0
DMART,2020-03,-3377.0,0.9838585703305149,Moderate,18.725371934057097,Capital Intensive,-158.6936090225564,CapEx Heavy,+,-,+,Mixed,False,1280.0,-4657.0
DMART,2021-03,265.0,1.2511373976342128,High Quality,4.59760593132585,Moderate,15.18624641833811,CapEx Heavy,+,-,-,Shareholder Returns,False,1375.0,-1110.0
DMART,2022-03,83.0,0.9195710455764075,Moderate,4.161286157024794,Moderate,3.317346123101519,CapEx Heavy,+,-,-,Reinvestor,False,1372.0,-1289.0
DMART,2023-03,317.0,1.1059714045416316,High Quality,5.399159663865547,Moderate,8.711184391316296,CapEx Heavy,+,-,-,Shareholder Returns,False,2630.0,-2313.0
DMART,2024-03,278.0,1.082807570977918,High Quality,4.8593199314812265,Moderate,6.770579639551875,CapEx Heavy,+,-,-,Shareholder Returns,False,2746.0,-2468.0
DRREDDY,2013-03,-59.0,0.9024230517354289,Moderate,12.144004056452294,Capital Intensive,-2.210565754964406,CapEx Heavy,+,-,-,Reinvestor,False,1378.0,-1437.0
DRREDDY,2014-03,366.0,1.0035659704533877,High Quality,11.956764815505032,Capital Intensive,11.258074438634265,CapEx Heavy,+,-,-,Shareholder Returns,False,1970.0,-1604.0
DRREDDY,2015-03,154.0,1.0804794520547945,High Quality,15.775810424016509,Capital Intensive,4.389965792474344,CapEx Heavy,+,-,-,Shareholder Returns,False,2524.0,-2370.0
DRREDDY,2016-03,1653.0,1.5312060065696855,High Quality,10.341726618705035,Capital Intensive,46.10878661087866,Moderate,+,-,-,Shareholder Returns,False,3263.0,-1610.0
DRREDDY,2017-03,254.0,1.6594427244582044,High Quality,13.313609467455622,Capital Intensive,10.275080906148867,CapEx Heavy,+,-,-,Shareholder Returns,False,2144.0,-1890.0
DRREDDY,2018-03,320.0,1.903907074973601,High Quality,10.384426860864085,Capital Intensive,13.611229264142919,CapEx Heavy,+,-,-,Shareholder Returns,False,1803.0,-1483.0
DRREDDY,2019-03,2101.0,1.471794871794872,High Quality,4.9779906784049714,Moderate,66.11076148521082,Efficient,+,-,-,Shareholder Returns,False,2870.0,-769.0
DRREDDY,2020-03,2489.0,1.472852912142152,High Quality,2.825826340126734,Asset Light,100.48445700444087,Efficient,+,-,-,Shareholder Returns,False,2984.0,-495.0
DRREDDY,2021-03,1315.0,1.8288934426229508,High Quality,11.838513229735405,Capital Intensive,33.9442436757873,Moderate,+,-,-,Shareholder Returns,False,3570.0,-2255.0
DRREDDY,2022-03,246.0,1.2882676443629697,High Quality,11.90531445811093,Capital Intensive,6.528662420382165,CapEx Heavy,+,-,-,Shareholder Returns,False,2811.0,-2565.0
DRREDDY,2023-03,1779.0,1.3064122476148214,High Quality,16.65585731657884,Capital Intensive,27.496136012364758,CapEx Heavy,+,-,-,Shareholder Returns,False,5888.0,-4109.0
DRREDDY,2024-03,509.0,0.8144496235209753,Moderate,14.401485130841454,Capital Intensive,6.416235976301525,CapEx Heavy,+,-,-,Reinvestor,False,4543.0,-4034.0
EICHERMOT,2012-12,-277.0,1.0442105263157895,High Quality,12.097026604068857,Capital Intensive,-50.36363636363637,CapEx Heavy,+,-,-,Shareholder Returns,False,496.0,-773.0
EICHERMOT,2013-12,-74.0,1.3638095238095238,High Quality,11.600587371512482,Capital Intensive,-10.34965034965035,CapEx Heavy,+,-,-,Shareholder Returns,False,716.0,-790.0
EICHERMOT,2014-12,-167.0,1.4914529914529915,High Quality,13.893339436942092,Capital Intensive,-14.937388193202148,CapEx Heavy,+,-,-,Shareholder Returns,False,1047.0,-1214.0
EICHERMOT,2016-03,462.0,1.093423019431988,High Quality,16.215778389761866,Capital Intensive,27.337278106508876,CapEx Heavy,+,-,-,Shareholder Returns,False,1463.0,-1001.0
EICHERMOT,2017-03,-36.0,1.0245950809838031,High Quality,24.797383762263614,Capital Intensive,-1.6559337626494939,CapEx Heavy,+,-,+,Mixed,False,1708.0,-1744.0
EICHERMOT,2018-03,337.0,1.2663265306122449,High Quality,23.92638036809816,Capital Intensive,11.997152011391954,CapEx Heavy,+,-,-,Shareholder Returns,False,2482.0,-2145.0
EICHERMOT,2019-03,915.0,0.7149341806627326,Moderate,6.7367561498417885,Moderate,31.508264462809915,Moderate,+,-,-,Reinvestor,False,1575.0,-660.0
EICHERMOT,2020-03,186.0,0.9272030651340997,Moderate,16.473672711383003,Capital Intensive,8.520384791571232,CapEx Heavy,+,-,-,Reinvestor,False,1694.0,-1508.0
EICHERMOT,2021-03,66.0,1.2553823311061618,High Quality,18.63532110091743,Capital Intensive,3.701626472237801,CapEx Heavy,+,-,-,Shareholder Returns,False,1691.0,-1625.0
EICHERMOT,2022-03,544.0,0.9105545617173524,Moderate,9.545542823849292,Capital Intensive,24.97704315886134,CapEx Heavy,+,-,-,Reinvestor,False,1527.0,-983.0
EICHERMOT,2023-03,426.0,0.9687714481811942,Moderate,16.597424179476526,Capital Intensive,12.362159024956473,CapEx Heavy,+,-,-,Reinvestor,False,2823.0,-2397.0
EICHERMOT,2024-03,890.0,0.9307673081729567,Moderate,17.138364779874212,Capital Intensive,20.559020559020556,CapEx Heavy,+,-,-,Reinvestor,False,3724.0,-2834.0
GAIL,2013-03,-2023.0,1.5120219830547286,High Quality,16.9223525718994,Capital Intensive,-27.238454288407166,CapEx Heavy,+,-,+,Mixed,False,6603.0,-8626.0
GAIL,2014-03,149.0,0.9642707898035938,Moderate,7.230632235084594,Moderate,1.8652979469203805,CapEx Heavy,+,-,-,Reinvestor,False,4615.0,-4466.0
GAIL,2015-03,1405.0,1.3335443037974684,High Quality,4.638604950707598,Moderate,24.951163203693838,CapEx Heavy,+,-,-,Shareholder Returns,False,4214.0,-2809.0
GAIL,2016-03,3056.0,2.113127001067236,High Quality,1.7366914490999559,Asset Light,67.3721340388007,Efficient,+,-,-,Shareholder Returns,False,3960.0,-904.0
GAIL,2017-03,5690.0,1.7854179016004743,High Quality,0.6879222277146152,Asset Light,94.50257432320213,Efficient,+,-,-,Shareholder Returns,False,6024.0,-334.0
GAIL,2018-03,6109.0,1.8249739854318419,High Quality,4.881092190252496,Moderate,78.30043578569598,Efficient,+,-,-,Shareholder Returns,False,8769.0,-2660.0
GAIL,2019-03,2283.0,1.2183732641538227,High Quality,7.4826092663079145,Moderate,22.97242906017307,CapEx Heavy,+,-,-,Shareholder Returns,False,7984.0,-5701.0
GAIL,2020-03,46.0,0.8770362585391487,Moderate,11.444055269036653,Capital Intensive,0.509864774994458,CapEx Heavy,+,-,+,Mixed,False,8345.0,-8299.0
GAIL,2021-03,4353.0,1.463942699007,High Quality,8.087568848915847,Capital Intensive,60.082815734989644,Efficient,+,-,-,Shareholder Returns,False,8993.0,-4640.0
GAIL,2022-03,3930.0,0.7656046814044213,Moderate,5.917861377600517,Moderate,25.921772970120706,CapEx Heavy,+,-,-,Reinvestor,False,9420.0,-5490.0
GAIL,2023-03,-4248.0,0.5727305218012866,Moderate,5.116429140236703,Moderate,-56.64,CapEx Heavy,+,-,+,Mixed,False,3205.0,-7453.0
GAIL,2024-03,4360.0,1.270928001615672,High Quality,6.174377758429158,Moderate,30.459689814167945,Moderate,+,-,-,Shareholder Returns,False,12586.0,-8226.0
GODREJCP,2013-03,-45.0,0.9704142011834319,Moderate,13.490330630068623,Capital Intensive,-4.522613065326634,CapEx Heavy,+,-,+,Mixed,False,820.0,-865.0
GODREJCP,2014-03,622.0,1.3626373626373627,High Quality,6.500855375707331,Moderate,53.207869974337044,Moderate,+,-,-,Shareholder Returns,False,1116.0,-494.0
GODREJCP,2015-03,-209.0,1.0522540983606556,High Quality,14.940166807687657,Capital Intensive,-15.155910079767947,CapEx Heavy,+,-,-,Shareholder Returns,False,1027.0,-1236.0
GODREJCP,2016-03,225.0,1.0192539109506618,High Quality,7.383665716999051,Moderate,13.578756789378394,CapEx Heavy,+,-,-,Shareholder Returns,False,847.0,-622.0
GODREJCP,2017-03,-383.0,1.4220183486238531,High Quality,24.201553733275787,Capital Intensive,-20.08390141583639,CapEx Heavy,+,-,+,Mixed,False,1860.0,-2243.0
GODREJCP,2018-03,1387.0,1.0544675642594858,High Quality,3.4122067634812634,Moderate,66.55470249520154,Efficient,+,-,-,Shareholder Returns,False,1723.0,-336.0
GODREJCP,2019-03,2003.0,0.7382578992314262,Moderate,2.6565832848555364,Asset Light,93.94934333958724,Efficient,+,+,-,Liquidating Assets,False,1729.0,274.0
GODREJCP,2020-03,1036.0,1.0607882431529727,High Quality,5.569569165573605,Moderate,48.09656453110492,Moderate,+,-,-,Shareholder Returns,False,1588.0,-552.0
GODREJCP,2021-03,1738.0,1.179546775130738,High Quality,2.64756550911234,Asset Light,72.4468528553564,Efficient,+,-,-,Shareholder Returns,False,2030.0,-292.0
GODREJCP,2022-03,607.0,0.8137969713965227,Moderate,6.875203649397197,Moderate,25.197177251971777,CapEx Heavy,+,-,-,Reinvestor,False,1451.0,-844.0
GODREJCP,2023-03,397.0,1.263807285546416,High Quality,13.172123760889157,Capital Intensive,16.250511665984448,CapEx Heavy,+,-,-,Shareholder Returns,False,2151.0,-1754.0
GODREJCP,2024-03,-1365.0,-3.6898395721925135,Accrual Risk,24.36861520998865,Capital Intensive,-46.16165032127156,CapEx Heavy,+,-,+,Mixed,False,2070.0,-3435.0
GRASIM,2013-03,-1445.0,1.1228163049232398,High Quality,20.376939338564622,Capital Intensive,-24.392302498311953,CapEx Heavy,+,-,+,Mixed,False,4242.0,-5687.0
GRASIM,2014-03,1213.0,1.2014218009478672,High Quality,8.245384914051746,Capital Intensive,24.679552390640897,CapEx Heavy,+,-,-,Shareholder Returns,False,3549.0,-2336.0
GRASIM,2015-03,2235.0,1.7792408985282726,High Quality,7.433667359929413,Moderate,43.44867807153966,Moderate,+,-,-,Shareholder Returns,False,4594.0,-2359.0
GRASIM,2016-03,1353.0,1.6984081041968162,High Quality,13.091889697567199,Capital Intensive,22.889527998646592,CapEx Heavy,+,-,-,Shareholder Returns,False,5868.0,-4515.0
GRASIM,2017-03,3779.0,1.7164390014130946,High Quality,9.728845514029057,Capital Intensive,51.157438743739,Moderate,+,-,-,Shareholder Returns,False,7288.0,-3509.0
GRASIM,2018-03,-2594.0,-1.1225596529284165,Accrual Risk,2.7659498336136257,Asset Light,-22.338959696865313,CapEx Heavy,-,+,+,Distress Signal,True,-4140.0,1546.0
GRASIM,2019-03,-3871.0,-0.6043715846994535,Accrual Risk,2.865284974093264,Asset Light,-23.263221153846153,CapEx Heavy,-,-,+,Growth Funded by Debt,True,-1659.0,-2212.0
GRASIM,2020-03,5256.0,2.5033890646181653,High Quality,16.650061536658267,Capital Intensive,50.670008676371346,Moderate,+,-,-,Shareholder Returns,False,16620.0,-11364.0
GRASIM,2021-03,7929.0,2.157578359811078,High Quality,9.35291346002827,Capital Intensive,42.54896699758519,Moderate,+,-,-,Shareholder Returns,False,15075.0,-7146.0
GRASIM,2022-03,5985.0,0.6280563983580225,Moderate,1.1003019822154418,Asset Light,29.293720326954137,CapEx Heavy,+,-,-,Reinvestor,False,7038.0,-1053.0
GRASIM,2023-03,-26397.0,-1.1450622856111212,Accrual Risk,11.657187550477357,Capital Intensive,-122.2706007689101,CapEx Heavy,-,-,+,Growth Funded by Debt,True,-12685.0,-13712.0
GRASIM,2024-03,-33833.0,-1.0798911948418295,Accrual Risk,17.647238467528897,Capital Intensive,-124.40889869461299,CapEx Heavy,-,-,+,Growth Funded by Debt,True,-10719.0,-23114.0
HAL,2017-03,2598.0,-0.16169724770642202,Accrual Risk,16.83008356545961,Capital Intensive,80.28430160692213,Efficient,-,+,-,Unclassified,False,-423.0,3021.0
HAL,2018-03,-140.0,-0.36940110719677904,Accrual Risk,3.2075166045682812,Moderate,-4.046242774566474,CapEx Heavy,-,+,-,Unclassified,False,-734.0,594.0
HAL,2019-03,-2402.0,-3.279624893435635,Accrual Risk,26.44942023190724,Capital Intensive,-52.571678704311665,CapEx Heavy,-,+,+,Distress Signal,True,-7694.0,5292.0
HAL,2020-03,203.0,0.5408163265306123,Moderate,6.2205642340872,Moderate,4.159836065573771,CapEx Heavy,+,-,+,Mixed,False,1537.0,-1334.0
HAL,2021-03,13934.0,4.669342389626428,High Quality,5.200594353640416,Moderate,260.88747425575735,Efficient,+,-,-,Shareholder Returns,False,15124.0,-1190.0
HAL,2022-03,-2609.0,2.0015729453401496,High Quality,51.94557270511779,Capital Intensive,-48.13653136531365,CapEx Heavy,+,-,-,Shareholder Returns,False,10180.0,-12789.0
HAL,2023-03,3102.0,1.5205644467389434,High Quality,21.29382055852644,Capital Intensive,46.51372019793072,Moderate,+,-,-,Shareholder Returns,False,8836.0,-5734.0
HAL,2024-03,1814.0,1.0830809743252139,High Quality,21.105296073203647,Capital Intensive,18.607036619140423,CapEx Heavy,+,-,-,Shareholder Returns,False,8226.0,-6412.0
HAVELLS,2013-03,494.0,1.0981067125645438,High Quality,2.018220042046251,Asset Light,73.29376854599407,Efficient,+,-,-,Shareholder Returns,False,638.0,-144.0
HAVELLS,2014-03,492.0,1.946188340807175,High Quality,4.6702273009564035,Moderate,63.32046332046332,Efficient,+,-,-,Shareholder Returns,False,868.0,-376.0
HAVELLS,2015-03,478.0,2.501298701298701,High Quality,5.727444496929617,Moderate,63.3112582781457,Efficient,+,-,-,Shareholder Returns,False,963.0,-485.0
HAVELLS,2016-03,392.0,0.3946153846153846,Accrual Risk,1.5933631814590465,Asset Light,49.246231155778894,Moderate,+,-,-,Reinvestor,False,513.0,-121.0
HAVELLS,2017-03,547.0,1.5526315789473684,High Quality,3.588907014681892,Moderate,67.11656441717791,Efficient,+,-,-,Shareholder Returns,False,767.0,-220.0
HAVELLS,2018-03,154.0,1.6641452344931922,High Quality,11.65598817151306,Capital Intensive,14.908034849951598,CapEx Heavy,+,-,-,Shareholder Returns,False,1100.0,-946.0
HAVELLS,2019-03,686.0,0.6357868020304569,Moderate,1.8365928720341504,Asset Light,57.695542472666105,Moderate,+,+,-,Liquidating Assets,False,501.0,185.0
HAVELLS,2020-03,279.0,1.125170068027211,High Quality,5.805084745762712,Moderate,26.14807872539831,CapEx Heavy,+,-,-,Shareholder Returns,False,827.0,-548.0
HAVELLS,2021-03,-103.0,0.632183908045977,Moderate,7.296547767045998,Moderate,-6.482064191315293,CapEx Heavy,+,-,+,Mixed,False,660.0,-763.0
HAVELLS,2022-03,969.0,1.4448160535117056,High Quality,5.445544554455446,Moderate,54.59154929577464,Moderate,+,-,-,Shareholder Returns,False,1728.0,-759.0
HAVELLS,2023-03,596.0,0.5270522388059702,Moderate,0.1833126367453137,Asset Light,36.76742751388032,Moderate,+,+,-,Liquidating Assets,False,565.0,31.0
HAVELLS,2024-03,335.0,1.5365853658536586,High Quality,8.703604088219473,Capital Intensive,17.809675704412548,CapEx Heavy,+,-,-,Shareholder Returns,False,1953.0,-1618.0
HCLTECH,2013-06,2131.0,1.111881188118812,High Quality,9.229506274187873,Capital Intensive,37.517605633802816,Moderate,+,-,-,Shareholder Returns,False,4492.0,-2361.0
HCLTECH,2014-06,1615.0,0.9891237745098039,Moderate,15.063464410154307,Capital Intensive,20.099564405724955,CapEx Heavy,+,-,-,Reinvestor,False,6457.0,-4842.0
HCLTECH,2015-06,3451.0,0.7544265867611005,Moderate,5.689218277431133,Moderate,40.66698090973368,Moderate,+,-,-,Reinvestor,False,5539.0,-2088.0
HCLTECH,2016-03,1615.0,0.682434844698322,Moderate,7.091469681397738,Moderate,24.27111511872558,CapEx Heavy,+,-,-,Reinvestor,False,3823.0,-2208.0
HCLTECH,2017-03,5105.0,1.0452010225424122,High Quality,8.177766565758493,Capital Intensive,49.13378248315688,Moderate,+,-,-,Shareholder Returns,False,8995.0,-3890.0
HCLTECH,2018-03,6092.0,0.9548268745700528,Moderate,4.421681267179498,Moderate,54.17037168771118,Moderate,+,-,-,Reinvestor,False,8328.0,-2236.0
HCLTECH,2019-03,5715.0,0.8864624505928854,Moderate,5.388319790821983,Moderate,41.03834554071521,Moderate,+,-,-,Reinvestor,False,8971.0,-3256.0
HCLTECH,2020-03,1027.0,1.2081939043140093,High Quality,17.44863885901862,Capital Intensive,5.9309309309309315,CapEx Heavy,+,-,-,Shareholder Returns,False,13359.0,-12332.0
HCLTECH,2021-03,13953.0,1.756468797564688,High Quality,7.515355735682353,Moderate,69.59796488427773,Efficient,+,-,-,Shareholder Returns,False,19618.0,-5665.0
HCLTECH,2022-03,18497.0,1.2497226946683428,High Quality,1.8645433211521172,Asset Light,90.10180719957134,Efficient,+,+,-,Liquidating Assets,False,16900.0,1597.0
HCLTECH,2023-03,14436.0,1.2131357359380264,High Quality,3.5217237028859802,Moderate,63.79706558246421,Efficient,+,-,-,Shareholder Returns,False,18009.0,-3573.0
HCLTECH,2024-03,15840.0,1.428898790579249,High Quality,6.012027694631208,Moderate,65.45995536821225,Efficient,+,-,-,Shareholder Returns,False,22448.0,-6608.0
HDFCBANK,2013-03,-6749.0,-0.8470230334637114,Accrual Risk,2.5152672820055213,Asset Light,-53.43203230148048,CapEx Heavy,-,-,+,Growth Funded by Debt,True,-5847.0,-902.0
HDFCBANK,2014-03,3112.0,0.4802691605839416,Accrual Risk,2.5825402420397134,Asset Light,23.038199585430856,CapEx Heavy,+,-,+,Mixed,False,4211.0,-1099.0
HDFCBANK,2015-03,-22081.0,-1.9883210314864992,Accrual Risk,1.5789681443176884,Asset Light,-136.60603810937886,CapEx Heavy,-,-,+,Growth Funded by Debt,True,-21281.0,-800.0
HDFCBANK,2016-03,-35272.0,-2.6858279385383357,Accrual Risk,1.3251638643488173,Asset Light,-175.87634006482173,CapEx Heavy,-,-,+,Growth Funded by Debt,True,-34435.0,-837.0
HDFCBANK,2017-03,16136.0,1.128288829405236,High Quality,1.5640567209400718,Asset Light,67.63916834339369,Efficient,+,-,-,Shareholder Returns,False,17282.0,-1146.0
HDFCBANK,2018-03,16372.0,0.9274284790690157,Moderate,0.9872432229621987,Asset Light,55.43816876608425,Moderate,+,-,+,Mixed,False,17214.0,-842.0
HDFCBANK,2019-03,-64375.0,-2.801033591731266,Accrual Risk,1.4292370745808807,Asset Light,-184.68843240761993,CapEx Heavy,-,-,+,Growth Funded by Debt,True,-62872.0,-1503.0
HDFCBANK,2020-03,-18272.0,-0.6180026377491208,Accrual Risk,1.1482211983075399,Asset Light,-40.194460942827604,CapEx Heavy,-,-,+,Growth Funded by Debt,True,-16869.0,-1403.0
HDFCBANK,2021-03,40653.0,1.3333333333333333,High Quality,1.4181031800360944,Asset Light,77.4977600701527,Efficient,+,-,-,Shareholder Returns,False,42476.0,-1823.0
HDFCBANK,2022-03,-14011.0,-0.3134911273623234,Accrual Risk,1.5087982580037664,Asset Light,-24.773237618685574,CapEx Heavy,-,-,+,Growth Funded by Debt,True,-11960.0,-2051.0
HDFCBANK,2023-03,17822.0,0.45101735682246635,Accrual Risk,1.7522283518980521,Asset Light,28.270042194092827,CapEx Heavy,+,-,+,Mixed,False,20814.0,-2992.0
HDFCBANK,2024-03,35669.0,0.2913699844146319,Accrual Risk,5.852303374945795,Moderate,20.47635996234127,CapEx Heavy,+,+,-,Liquidating Assets,False,19069.0,16600.0
HDFCLIFE,2013-03,,,,,,,,0,0,0,Unclassified,False,,
HDFCLIFE,2014-03,,,,,,,,0,0,0,Unclassified,False,,
HDFCLIFE,2015-03,945.0,5.673027989821883,High Quality,12.911997060444607,Capital Intensive,3.587563114536274,CapEx Heavy,+,-,-,Shareholder Returns,False,4459.0,-3514.0
HDFCLIFE,2016-03,1725.0,6.960832313341493,High Quality,21.840030869301582,Capital Intensive,10.036655611799617,CapEx Heavy,+,-,-,Shareholder Returns,False,5687.0,-3962.0
HDFCLIFE,2017-03,1053.0,7.023675310033822,High Quality,16.892354879759846,Capital Intensive,3.5485610298577877,CapEx Heavy,+,-,-,Shareholder Returns,False,6230.0,-5177.0
HDFCLIFE,2018-03,2318.0,6.087624209575429,High Quality,13.7042777433354,Capital Intensive,7.432822420316809,CapEx Heavy,+,-,-,Shareholder Returns,False,6739.0,-4421.0
HDFCLIFE,2019-03,-314.0,7.721439749608764,High Quality,26.205121605970916,Capital Intensive,-0.8342189160467587,CapEx Heavy,+,-,-,Shareholder Returns,False,9868.0,-10182.0
HDFCLIFE,2020-03,-401.0,5.696222050886662,High Quality,26.511232130701156,Capital Intensive,-1.4200219554516802,CapEx Heavy,+,-,+,Mixed,False,7388.0,-7789.0
HDFCLIFE,2021-03,751.0,7.129316678912565,High Quality,12.515378592998546,Capital Intensive,1.0683699889037472,CapEx Heavy,+,-,+,Mixed,False,9703.0,-8952.0
HDFCLIFE,2022-03,5142.0,4.47852298417483,High Quality,1.1932783124273754,Asset Light,7.750045216133117,CapEx Heavy,+,-,-,Shareholder Returns,False,5943.0,-801.0
HDFCLIFE,2023-03,-3188.0,5.031432748538012,High Quality,14.344723460623584,Capital Intensive,-4.546037902662313,CapEx Heavy,+,-,+,Mixed,False,6883.0,-10071.0
HDFCLIFE,2024-03,-2893.0,6.81130876747141,High Quality,13.41518692970182,Capital Intensive,-2.865746748422502,CapEx Heavy,+,-,-,Shareholder Returns,False,10721.0,-13614.0
HEROMOTOCO,2014-03,1347.0,1.4096098953377736,High Quality,6.393669634025717,Moderate,6.201086456127428,CapEx Heavy,+,-,-,Shareholder Returns,False,2963.0,-1616.0
HEROMOTOCO,2015-03,2217.0,0.9247038917089678,Moderate,0.11257171907909072,Asset Light,9.2305770671996,CapEx Heavy,+,+,-,Liquidating Assets,False,2186.0,31.0
HEROMOTOCO,2016-03,1422.0,1.1960154241645244,High Quality,8.082369891415118,Capital Intensive,5.916864311571588,CapEx Heavy,+,-,-,Shareholder Returns,False,3722.0,-2300.0
HEROMOTOCO,2017-03,2035.0,1.1300056401579244,High Quality,6.892694861936385,Moderate,8.470343392299688,CapEx Heavy,+,-,-,Shareholder Returns,False,4007.0,-1972.0
HEROMOTOCO,2018-03,2159.0,1.0792584631918323,High Quality,5.724320660545936,Moderate,7.959740451260876,CapEx Heavy,+,-,-,Shareholder Returns,False,4017.0,-1858.0
HEROMOTOCO,2019-03,2330.0,0.2977495672244662,Accrual Risk,3.820906066939448,Moderate,8.049471429558489,CapEx Heavy,+,+,-,Liquidating Assets,False,1032.0,1298.0
HEROMOTOCO,2020-03,2699.0,1.508062312107133,High Quality,9.636289054488275,Capital Intensive,10.717121982210928,CapEx Heavy,+,-,-,Shareholder Returns,False,5518.0,-2819.0
HEROMOTOCO,2021-03,1821.0,1.3998637602179838,High Quality,7.393649665686876,Moderate,6.769013456248605,CapEx Heavy,+,-,-,Shareholder Returns,False,4110.0,-2289.0
HEROMOTOCO,2022-03,1882.0,0.9033920137398025,Moderate,0.7512436127373016,Asset Light,7.157254230842365,CapEx Heavy,+,-,-,Reinvestor,False,2104.0,-222.0
HEROMOTOCO,2023-03,2193.0,0.9335714285714286,Moderate,1.2325077580654604,Asset Light,7.295409181636726,CapEx Heavy,+,-,-,Reinvestor,False,2614.0,-421.0
HEROMOTOCO,2024-03,3095.0,1.3156066274719402,High Quality,4.8373865410569215,Moderate,9.507280211341156,CapEx Heavy,+,-,-,Shareholder Returns,False,4923.0,-1828.0
HINDALCO,2013-03,-10824.0,0.9900232790156301,Moderate,17.20973152270148,Capital Intensive,-14.930890832344746,CapEx Heavy,+,-,+,Mixed,False,2977.0,-13801.0
HINDALCO,2014-03,-139.0,3.624601366742597,High Quality,9.230856947374424,Capital Intensive,-0.17446749758381344,CapEx Heavy,+,-,+,Mixed,False,7956.0,-8095.0
HINDALCO,2015-03,3270.0,27.57915057915058,High Quality,3.714003509747701,Moderate,3.4263440803881093,CapEx Heavy,+,-,-,Shareholder Returns,False,7143.0,-3873.0
HINDALCO,2016-03,8468.0,-16.64957264957265,Accrual Risk,3.2604623376097366,Moderate,9.307437816687,CapEx Heavy,+,-,-,Reinvestor,False,11688.0,-3220.0
HINDALCO,2017-03,9811.0,6.741232731137088,High Quality,2.8707178791024517,Asset Light,11.165739128455506,CapEx Heavy,+,-,-,Shareholder Returns,False,12687.0,-2876.0
HINDALCO,2018-03,16231.0,1.7915502219299688,High Quality,4.630023527777537,Moderate,15.99302380577014,CapEx Heavy,+,+,-,Liquidating Assets,False,10898.0,5333.0
HINDALCO,2019-03,6521.0,2.1796178343949046,High Quality,4.1794977861531155,Moderate,5.668906642557224,CapEx Heavy,+,-,-,Shareholder Returns,False,11977.0,-5456.0
HINDALCO,2020-03,5518.0,3.383328908946111,High Quality,6.117111321776815,Moderate,5.314046880718042,CapEx Heavy,+,-,+,Mixed,False,12745.0,-7227.0
HINDALCO,2021-03,-8048.0,4.9474590869939705,High Quality,19.150354523968243,Capital Intensive,-7.031953097012643,CapEx Heavy,+,-,-,Shareholder Returns,False,17232.0,-25280.0
HINDALCO,2022-03,10065.0,1.226365622723962,High Quality,3.472282745220677,Moderate,6.037357838667883,CapEx Heavy,+,-,-,Shareholder Returns,False,16838.0,-6773.0
HINDALCO,2023-03,11649.0,1.9023472318510448,High Quality,3.3866183994767076,Moderate,5.808932062073643,CapEx Heavy,+,-,-,Shareholder Returns,False,19208.0,-7559.0
HINDALCO,2024-03,9789.0,2.368882323978336,High Quality,6.6062548040859035,Moderate,5.096048727159144,CapEx Heavy,+,-,-,Shareholder Returns,False,24056.0,-14267.0
HINDUNILVR,2013-03,3668.0,0.9390466267257098,Moderate,0.23329877055251075,Asset Light,16.099016853932586,CapEx Heavy,+,+,-,Liquidating Assets,False,3605.0,63.0
HINDUNILVR,2014-03,3343.0,0.9651162790697675,Moderate,1.6248204145857565,Asset Light,13.658835546475995,CapEx Heavy,+,-,-,Reinvestor,False,3818.0,-475.0
HINDUNILVR,2015-03,3430.0,0.7522851919561243,Moderate,0.4316276742149381,Asset Light,12.914156626506024,CapEx Heavy,+,+,-,Liquidating Assets,False,3292.0,138.0
HINDUNILVR,2016-03,3889.0,1.0048181161165983,High Quality,0.8761573354874791,Asset Light,14.800578474653674,CapEx Heavy,+,-,-,Shareholder Returns,False,4171.0,-282.0
HINDUNILVR,2017-03,4012.0,1.1547884187082404,High Quality,3.537181110910078,Moderate,14.951181337109636,CapEx Heavy,+,-,-,Shareholder Returns,False,5185.0,-1173.0
HINDUNILVR,2018-03,4996.0,1.1591735220968051,High Quality,2.990575327050218,Asset Light,17.813591956072166,CapEx Heavy,+,-,-,Shareholder Returns,False,6059.0,-1063.0
HINDUNILVR,2019-03,5362.0,0.9570957095709571,Moderate,1.1142203001780717,Asset Light,17.620768977982255,CapEx Heavy,+,-,-,Reinvestor,False,5800.0,-438.0
HINDUNILVR,2020-03,9414.0,1.1283303730017762,High Quality,4.501922931905588,Moderate,31.461800681772612,Moderate,+,+,-,Liquidating Assets,False,7623.0,1791.0
HINDUNILVR,2021-03,7935.0,1.1455181897737217,High Quality,2.6112103427745175,Asset Light,22.413987910287556,CapEx Heavy,+,-,-,Shareholder Returns,False,9163.0,-1228.0
HINDUNILVR,2022-03,7320.0,1.0175438596491229,High Quality,3.2948175265987873,Moderate,18.489984591679505,CapEx Heavy,+,-,-,Shareholder Returns,False,9048.0,-1728.0
HINDUNILVR,2023-03,8507.0,0.9850142955733018,Moderate,2.449653350940905,Asset Light,18.321021687162148,CapEx Heavy,+,-,-,Reinvestor,False,9991.0,-1484.0
HINDUNILVR,2024-03,10145.0,1.504473837774752,High Quality,8.601525138942742,Capital Intensive,21.476808434066516,CapEx Heavy,+,-,-,Shareholder Returns,False,15469.0,-5324.0
ICICIBANK,2013-03,-1069.0,1.726949654491609,High Quality,41.35680071293305,Capital Intensive,-3.3739426840045446,CapEx Heavy,+,-,+,Mixed,False,17494.0,-18563.0
ICICIBANK,2014-03,-8985.0,0.5793440095915047,Moderate,31.831686169890254,Capital Intensive,-27.34993303299647,CapEx Heavy,+,-,+,Mixed,False,6765.0,-15750.0
ICICIBANK,2015-03,-25448.0,-0.9483078349559574,Accrual Risk,23.970235062950294,Capital Intensive,-65.64515296909663,CapEx Heavy,-,-,+,Growth Funded by Debt,True,-12273.0,-13175.0
ICICIBANK,2016-03,11585.0,2.16390592111284,High Quality,20.33932607009141,Capital Intensive,22.171400137793768,CapEx Heavy,+,-,+,Mixed,False,23645.0,-12060.0
ICICIBANK,2017-03,50925.0,4.641622574955909,High Quality,2.807679684936003,Asset Light,79.76848733572469,Efficient,+,-,-,Shareholder Returns,False,52636.0,-1711.0
ICICIBANK,2018-03,-31168.0,2.13,High Quality,81.32138605578972,Capital Intensive,-42.80965854462544,CapEx Heavy,+,-,+,Mixed,False,19383.0,-50551.0
ICICIBANK,2019-03,18389.0,8.555282123396028,High Quality,42.06885054596982,Capital Intensive,21.95046254849299,CapEx Heavy,+,-,-,Shareholder Returns,False,48671.0,-30282.0
ICICIBANK,2020-03,37470.0,7.088195991091314,High Quality,49.61926540619548,Capital Intensive,43.895924368271224,Moderate,+,-,+,Mixed,False,79565.0,-42095.0
ICICIBANK,2021-03,74384.0,6.777401296405421,High Quality,71.36480378632393,Capital Intensive,81.46403968940629,Efficient,+,-,-,Shareholder Returns,False,138015.0,-63631.0
ICICIBANK,2022-03,18663.0,2.18972793729746,High Quality,41.347070969635354,Capital Intensive,23.0983440184163,CapEx Heavy,+,-,+,Mixed,False,58111.0,-39448.0
ICICIBANK,2023-03,-71460.0,-0.10634217873156425,Accrual Risk,55.910363682919375,Capital Intensive,-81.33023763998908,CapEx Heavy,-,-,+,Growth Funded by Debt,True,-3771.0,-67689.0
ICICIBANK,2024-03,12547.0,3.4132071786636575,High Quality,90.7350986734873,Capital Intensive,12.602450783447166,CapEx Heavy,+,-,+,Mixed,False,157284.0,-144737.0
ICICIGI,2013-03,22.0,2.7875354107648724,High Quality,23.978065802592223,Capital Intensive,0.5249343832020997,CapEx Heavy,+,-,+,Mixed,False,984.0,-962.0
ICICIGI,2014-03,-111.0,1.1442307692307692,High Quality,16.222426470588236,Capital Intensive,-2.4246395806028835,CapEx Heavy,+,-,+,Mixed,False,595.0,-706.0
ICICIGI,2015-03,73.0,-0.1675213675213675,Accrual Risk,4.03873405762872,Moderate,1.6382405745062838,CapEx Heavy,-,+,-,Unclassified,False,-98.0,171.0
ICICIGI,2016-03,201.0,1.0078895463510849,High Quality,5.1384054367644625,Moderate,3.814765610172708,CapEx Heavy,+,-,-,Shareholder Returns,False,511.0,-310.0
ICICIGI,2017-03,-362.0,2.319088319088319,High Quality,26.46276595744681,Capital Intensive,-5.484017573094985,CapEx Heavy,+,-,+,Mixed,False,1628.0,-1990.0
ICICIGI,2018-03,494.0,2.7726218097447797,High Quality,27.430555555555557,Capital Intensive,6.885977139671034,CapEx Heavy,+,-,-,Shareholder Returns,False,2390.0,-1896.0
ICICIGI,2019-03,120.0,2.8369876072449953,High Quality,25.584520290244555,Capital Intensive,1.2639561828523278,CapEx Heavy,+,-,-,Shareholder Returns,False,2976.0,-2856.0
ICICIGI,2020-03,51.0,2.875209380234506,High Quality,29.365286098810454,Capital Intensive,0.5233453052847614,CapEx Heavy,+,-,-,Shareholder Returns,False,3433.0,-3382.0
ICICIGI,2021-03,407.0,1.2043448744059742,High Quality,11.240851903626346,Capital Intensive,4.033696729435085,CapEx Heavy,+,-,-,Shareholder Returns,False,1774.0,-1367.0
ICICIGI,2022-03,944.0,0.6365066876475216,Moderate,0.8423811306626731,Asset Light,6.289140572951365,CapEx Heavy,+,+,-,Liquidating Assets,False,809.0,135.0
ICICIGI,2023-03,605.0,1.324465008675535,High Quality,9.426046095323338,Capital Intensive,3.6419455815073443,CapEx Heavy,+,-,-,Shareholder Returns,False,2290.0,-1685.0
ICICIGI,2024-03,486.0,1.2542991141219386,High Quality,9.37667789329819,Capital Intensive,2.7135678391959797,CapEx Heavy,+,-,-,Shareholder Returns,False,2407.0,-1921.0
ICICIPRULI,2013-03,-1077.0,-1.7432343234323433,Accrual Risk,7.810237203495631,Moderate,-5.586099585062241,CapEx Heavy,-,+,-,Unclassified,False,-2641.0,1564.0
ICICIPRULI,2014-03,3630.0,-1.5259449071108264,Accrual Risk,27.467105263157894,Capital Intensive,17.808084772370485,CapEx Heavy,-,+,-,Unclassified,False,-2382.0,6012.0
ICICIPRULI,2015-03,-1299.0,0.31890243902439025,Accrual Risk,5.288363858009462,Moderate,-3.9606073541069575,CapEx Heavy,+,-,-,Reinvestor,False,523.0,-1822.0
ICICIPRULI,2016-03,3661.0,2.2024242424242426,High Quality,0.12950261403424623,Asset Light,19.26031144781145,CapEx Heavy,+,+,-,Liquidating Assets,False,3634.0,27.0
ICICIPRULI,2017-03,3434.0,2.455410225921522,High Quality,1.8404907975460123,Asset Light,9.536239933351846,CapEx Heavy,+,-,-,Shareholder Returns,False,4130.0,-696.0
ICICIPRULI,2018-03,301.0,3.5145151327980235,High Quality,13.877729707457767,Capital Intensive,0.8121526091414387,CapEx Heavy,+,-,-,Shareholder Returns,False,5690.0,-5389.0
ICICIPRULI,2019-03,3818.0,9.988586479367866,High Quality,18.230711718881896,Capital Intensive,9.329944772982747,CapEx Heavy,+,-,-,Shareholder Returns,False,11377.0,-7559.0
ICICIPRULI,2020-03,-2201.0,8.056232427366448,High Quality,51.353151010701545,Capital Intensive,-10.31203148425787,CapEx Heavy,+,-,-,Shareholder Returns,False,8596.0,-10797.0
ICICIPRULI,2021-03,2230.0,7.650627615062762,High Quality,6.111899208963478,Moderate,2.668357823194371,CapEx Heavy,+,-,+,Mixed,False,7314.0,-5084.0
ICICIPRULI,2022-03,1015.0,2.412384716732543,High Quality,1.283745516329998,Asset Light,1.5442429406037002,CapEx Heavy,+,-,-,Shareholder Returns,False,1831.0,-816.0
ICICIPRULI,2023-03,-1056.0,0.10947109471094711,Accrual Risk,2.2683149094655097,Asset Light,-2.0216330046903415,CapEx Heavy,+,-,-,Reinvestor,False,89.0,-1145.0
ICICIPRULI,2024-03,105.0,-8.595769682726205,Accrual Risk,8.216417331989769,Capital Intensive,0.11396196926282887,CapEx Heavy,-,+,-,Unclassified,False,-7315.0,7420.0
INDIGO,2013-03,-149.0,2.2121982210927573,High Quality,20.5367814842986,Capital Intensive,-1.7848586487781506,CapEx Heavy,+,-,+,Mixed,False,1741.0,-1890.0
INDIGO,2014-03,-1319.0,3.3649789029535864,High Quality,26.21210758298102,Capital Intensive,-12.34556345937851,CapEx Heavy,+,-,+,Mixed,False,1595.0,-2914.0
INDIGO,2015-03,1444.0,1.8282208588957056,High Quality,6.7504488330341115,Moderate,12.01131259357844,CapEx Heavy,+,-,-,Shareholder Returns,False,2384.0,-940.0
INDIGO,2016-03,1779.0,1.5689828801611279,High Quality,8.28376703841388,Capital Intensive,13.709926017262639,CapEx Heavy,+,-,-,Shareholder Returns,False,3116.0,-1337.0
INDIGO,2017-03,749.0,2.2796865581675707,High Quality,16.32400430570506,Capital Intensive,4.577679990221244,CapEx Heavy,+,-,-,Shareholder Returns,False,3782.0,-3033.0
INDIGO,2018-03,-249.0,1.7408563782337199,High Quality,18.03570652882151,Capital Intensive,-1.2455605022260017,CapEx Heavy,+,-,+,Mixed,False,3903.0,-4152.0
INDIGO,2019-03,634.0,20.256410256410255,High Quality,8.864090956942835,Capital Intensive,2.2130689751466073,CapEx Heavy,+,-,-,Shareholder Returns,False,3160.0,-2526.0
INDIGO,2020-03,2370.0,-27.995967741935484,Accrual Risk,12.789461908490882,Capital Intensive,7.479407959099945,CapEx Heavy,+,-,-,Reinvestor,False,6943.0,-4573.0
INDIGO,2021-03,1608.0,0.2625182304326689,Accrual Risk,22.047674339184482,Capital Intensive,10.985107255089494,CapEx Heavy,-,+,-,Unclassified,False,-1620.0,3228.0
INDIGO,2022-03,3591.0,-6.511041009463723,Accrual Risk,5.888704639234892,Moderate,14.152839632680408,CapEx Heavy,+,+,-,Liquidating Assets,False,2064.0,1527.0
INDIGO,2023-03,8664.0,-40.072555205047315,Accrual Risk,7.418359475443559,Moderate,18.077870049659893,CapEx Heavy,+,-,-,Reinvestor,False,12703.0,-4039.0
INDIGO,2024-03,9424.0,2.5937308681278317,High Quality,17.065772669220944,Capital Intensive,17.92555113841706,CapEx Heavy,+,-,-,Shareholder Returns,False,21183.0,-11759.0
INDUSINDBK,2013-03,-660.0,-0.4580584354382658,Accrual Risk,2.491765716740656,Asset Light,-33.89830508474576,CapEx Heavy,-,-,+,Growth Funded by Debt,True,-486.0,-174.0
INDUSINDBK,2014-03,-4280.0,-2.9161931818181817,Accrual Risk,2.1080688151199416,Asset Light,-167.51467710371818,CapEx Heavy,-,-,+,Growth Funded by Debt,True,-4106.0,-174.0
INDUSINDBK,2015-03,-1697.0,-0.7920847268673356,Accrual Risk,2.8477094510936856,Asset Light,-54.165336737950845,CapEx Heavy,-,-,+,Growth Funded by Debt,True,-1421.0,-276.0
INDUSINDBK,2016-03,-3185.0,-1.2804024496937882,Accrual Risk,2.1731805929919137,Asset Light,-76.05062082139446,CapEx Heavy,-,-,+,Growth Funded by Debt,True,-2927.0,-258.0
INDUSINDBK,2017-03,11284.0,4.033821478382148,High Quality,1.9783423573511039,Asset Light,198.52216748768473,Efficient,+,-,-,Shareholder Returns,False,11569.0,-285.0
INDUSINDBK,2018-03,-20917.0,-5.740432612312812,Accrual Risk,1.2557143683814593,Asset Light,-319.09992372234933,CapEx Heavy,-,-,+,Growth Funded by Debt,True,-20700.0,-217.0
INDUSINDBK,2019-03,-7022.0,-1.9354740987579522,Accrual Risk,2.843538026144378,Asset Light,-75.6436496822148,CapEx Heavy,-,-,+,Growth Funded by Debt,True,-6389.0,-633.0
INDUSINDBK,2020-03,-11513.0,-2.724988682661838,Accrual Risk,1.827467602404197,Asset Light,-91.2933153596067,CapEx Heavy,-,+,+,Distress Signal,True,-12039.0,526.0
INDUSINDBK,2021-03,44420.0,15.7425952045134,High Quality,0.7793103448275862,Asset Light,277.6770644495843,Efficient,+,-,-,Shareholder Returns,False,44646.0,-226.0
INDUSINDBK,2022-03,16249.0,3.600086749078291,High Quality,1.138796963208098,Asset Light,102.5820707070707,Efficient,+,-,-,Shareholder Returns,False,16600.0,-351.0
INDUSINDBK,2023-03,-12879.0,-1.683085250338295,Accrual Risk,1.2126044874615045,Asset Light,-82.95652173913044,CapEx Heavy,-,-,+,Growth Funded by Debt,True,-12438.0,-441.0
INDUSINDBK,2024-03,-17468.0,-1.8818994413407821,Accrual Risk,1.3661799422925593,Asset Light,-99.03617190157614,CapEx Heavy,-,-,-,Pre-Revenue,False,-16843.0,-625.0
INFY,2013-03,4451.0,0.781949305334606,Moderate,7.241276764472642,Moderate,38.57687640838967,Moderate,+,-,-,Reinvestor,False,7373.0,-2922.0
INFY,2014-03,7262.0,0.9220157657657657,Moderate,5.11240101330461,Moderate,54.23450336071696,Moderate,+,-,-,Reinvestor,False,9825.0,-2563.0
INFY,2015-03,9352.0,0.6751535725832525,Moderate,1.8736285376694986,Asset Light,62.83679365719277,Efficient,+,+,-,Liquidating Assets,False,8353.0,999.0
INFY,2016-03,9143.0,0.7434205649047372,Moderate,1.4173379670408865,Asset Light,53.533579249370575,Moderate,+,-,-,Reinvestor,False,10028.0,-885.0
INFY,2017-03,-3133.0,0.8033860516965095,Moderate,21.4123006833713,Capital Intensive,-16.84046441625457,CapEx Heavy,+,-,-,Reinvestor,False,11531.0,-14664.0
INFY,2018-03,17751.0,0.8246303574770728,Moderate,6.427781401548454,Moderate,94.30985017532674,Efficient,+,+,-,Liquidating Assets,False,13218.0,4533.0
INFY,2019-03,14209.0,0.9630759247242051,Moderate,0.764439068642274,Asset Light,70.44620723847298,Efficient,+,-,-,Reinvestor,False,14841.0,-632.0
INFY,2020-03,16672.0,1.0218763146823728,High Quality,0.3645735810818253,Asset Light,74.87313064175686,Efficient,+,-,-,Shareholder Returns,False,17003.0,-331.0
INFY,2021-03,15851.0,1.195695824537919,High Quality,7.338362926984633,Moderate,56.83602854171895,Moderate,+,-,-,Shareholder Returns,False,23224.0,-7373.0
INFY,2022-03,17400.0,1.0785243384809897,High Quality,5.331261663419406,Moderate,55.25388206154139,Moderate,+,-,-,Shareholder Returns,False,23885.0,-6485.0
INFY,2023-03,21396.0,0.9319313091090095,Moderate,0.7297280723868445,Asset Light,60.90520922288643,Efficient,+,-,-,Reinvestor,False,22467.0,-1071.0
INFY,2024-03,20117.0,0.9604541298384639,Moderate,3.314244810307802,Moderate,55.22855181880576,Moderate,+,-,-,Reinvestor,False,25210.0,-5093.0
IOC,2013-03,46.0,2.5751309622277363,High Quality,2.0126467148858764,Asset Light,0.3318663877065147,CapEx Heavy,+,-,+,Mixed,False,9340.0,-9294.0
IOC,2014-03,5601.0,3.4728003444811253,High Quality,3.807554085738566,Moderate,32.52235512716293,Moderate,+,-,-,Shareholder Returns,False,24195.0,-18594.0
IOC,2015-03,35877.0,9.460591133004925,High Quality,2.272489638648564,Asset Light,339.26241134751774,Efficient,+,-,-,Shareholder Returns,False,46092.0,-10215.0
IOC,2016-03,12014.0,2.0642874405864817,High Quality,3.9330144923348116,Moderate,54.51492875941556,Moderate,+,-,-,Shareholder Returns,False,25624.0,-13610.0
IOC,2017-03,10532.0,1.3841550159430953,High Quality,4.9760959426415186,Moderate,30.841313069196758,Moderate,+,-,-,Shareholder Returns,False,28216.0,-17684.0
IOC,2018-03,11996.0,1.286793953858393,High Quality,4.061524299393582,Moderate,28.796389649047,CapEx Heavy,+,-,-,Shareholder Returns,False,29115.0,-17119.0
IOC,2019-03,-9822.0,0.7379298367488711,Moderate,4.273153109486176,Moderate,-27.85434745618513,CapEx Heavy,+,-,+,Mixed,False,12747.0,-22569.0
IOC,2020-03,-21955.0,-3.8091684434968016,Accrual Risk,6.01554893615262,Moderate,-136.76571357378685,CapEx Heavy,+,-,+,Mixed,False,7146.0,-29101.0
IOC,2021-03,26715.0,2.2814998621450235,High Quality,6.301689792553922,Moderate,66.90625860903103,Efficient,+,-,-,Shareholder Returns,False,49650.0,-22935.0
IOC,2022-03,4453.0,1.00077739339993,High Quality,3.61331091204963,Moderate,9.324092298672474,CapEx Heavy,+,-,-,Shareholder Returns,False,25747.0,-21294.0
IOC,2023-03,1614.0,2.5328092959671906,High Quality,3.3299435941056554,Moderate,5.260241827722192,CapEx Heavy,+,-,-,Shareholder Returns,False,29644.0,-28030.0
IOC,2024-03,39635.0,1.6472973286068442,High Quality,4.052800791393595,Moderate,52.39536789783994,Moderate,+,-,-,Shareholder Returns,False,71099.0,-31464.0
IRCTC,2015-03,23.0,0.5267175572519084,Moderate,4.343720491029273,Moderate,15.131578947368421,CapEx Heavy,+,-,-,Reinvestor,False,69.0,-46.0
IRCTC,2016-03,295.0,1.5238095238095237,High Quality,0.5120702267739575,Asset Light,155.26315789473685,Efficient,+,+,-,Liquidating Assets,False,288.0,7.0
IRCTC,2017-03,432.0,1.4759825327510918,High Quality,6.184210526315789,Moderate,137.5796178343949,Efficient,+,+,-,Liquidating Assets,False,338.0,94.0
IRCTC,2018-03,64.0,0.1085972850678733,Accrual Risk,2.728512960436562,Asset Light,23.357664233576642,CapEx Heavy,+,+,-,Liquidating Assets,False,24.0,40.0
IRCTC,2019-03,146.0,1.6148867313915858,High Quality,18.877005347593585,Capital Intensive,38.1201044386423,Moderate,+,-,-,Shareholder Returns,False,499.0,-353.0
IRCTC,2020-03,417.0,0.797270955165692,Moderate,0.35335689045936397,Asset Light,59.31721194879089,Moderate,+,+,-,Liquidating Assets,False,409.0,8.0
IRCTC,2021-03,-205.0,1.3262032085561497,High Quality,58.301158301158296,Capital Intensive,-109.04255319148936,CapEx Heavy,+,-,-,Shareholder Returns,False,248.0,-453.0
IRCTC,2022-03,282.0,0.793939393939394,Moderate,12.879191059073975,Capital Intensive,32.265446224256294,Moderate,+,-,-,Reinvestor,False,524.0,-242.0
IRCTC,2023-03,495.0,0.8071570576540755,Moderate,8.952273369104773,Capital Intensive,38.793103448275865,Moderate,+,-,-,Reinvestor,False,812.0,-317.0
IRCTC,2024-03,667.0,0.7938793879387939,Moderate,5.035128805620609,Moderate,45.49795361527968,Moderate,+,-,-,Reinvestor,False,882.0,-215.0
IRFC,2016-03,-16376.0,-19.290930506478208,Accrual Risk,0.026641800985746637,Asset Light,-219.2822710230316,CapEx Heavy,-,+,+,Distress Signal,True,-16378.0,2.0
IRFC,2017-03,-19453.0,-20.829764453961456,Accrual Risk,0.02210677572676025,Asset Light,-215.64128145438423,CapEx Heavy,-,+,+,Distress Signal,True,-19455.0,2.0
IRFC,2018-03,-28074.0,-13.662287104622871,Accrual Risk,0.021581957483543756,Asset Light,-304.19330371654564,CapEx Heavy,-,+,+,Distress Signal,True,-28076.0,2.0
IRFC,2019-03,-41747.0,-18.51352549889135,Accrual Risk,0.008981498113885397,Asset Light,-376.60802886783944,CapEx Heavy,-,+,+,Distress Signal,True,-41748.0,1.0
IRFC,2020-03,-62700.0,-19.64317042606516,Accrual Risk,0.0074510096118024,Asset Light,-469.48708348932985,CapEx Heavy,-,+,+,Distress Signal,True,-62701.0,1.0
IRFC,2021-03,-89907.0,-20.359375,Accrual Risk,0.0,Asset Light,-574.2287794596666,CapEx Heavy,-,0,+,Unclassified,True,-89907.0,0.0
IRFC,2022-03,-64417.0,-10.576683087027915,Accrual Risk,0.02463175525887975,Asset Light,-319.2595529563364,CapEx Heavy,-,-,+,Growth Funded by Debt,True,-64412.0,-5.0
IRFC,2023-03,-28588.0,-4.635641316685585,Accrual Risk,0.0,Asset Light,-121.19721892487705,CapEx Heavy,-,0,+,Unclassified,True,-28588.0,0.0
IRFC,2024-03,7906.0,1.2342482844666252,High Quality,0.030024394820791892,Asset Light,29.819333911665975,CapEx Heavy,+,-,-,Shareholder Returns,False,7914.0,-8.0
ITC,2013-03,3221.0,0.921858774662513,Moderate,12.27465367828452,Capital Intensive,28.705106496747167,CapEx Heavy,+,-,-,Reinvestor,False,7102.0,-3881.0
ITC,2014-03,4090.0,0.8159093434062882,Moderate,9.21656375686852,Capital Intensive,31.269113149847094,Moderate,+,-,-,Reinvestor,False,7344.0,-3254.0
ITC,2015-03,4568.0,1.0065446364658963,High Quality,13.589406703248578,Capital Intensive,32.05164187482459,Moderate,+,-,-,Shareholder Returns,False,9843.0,-5275.0
ITC,2016-03,5878.0,1.0313651194611093,High Quality,10.004592774035517,Capital Intensive,40.451448627073155,Moderate,+,-,-,Shareholder Returns,False,9799.0,-3921.0
ITC,2017-03,7376.0,1.0143170754987114,High Quality,7.6014777403666285,Moderate,47.67937944408533,Moderate,+,-,-,Shareholder Returns,False,10627.0,-3251.0
ITC,2018-03,6055.0,1.1458278952405812,High Quality,16.37321917650579,Capital Intensive,36.65032383027661,Moderate,+,-,-,Shareholder Returns,False,13169.0,-7114.0
ITC,2019-03,7037.0,0.9802898099096292,Moderate,11.472900289615225,Capital Intensive,37.9619140098182,Moderate,+,-,-,Reinvestor,False,12583.0,-5546.0
ITC,2020-03,8516.0,0.942089399089335,Moderate,12.50101239167409,Capital Intensive,44.02398676592225,Moderate,+,-,-,Reinvestor,False,14690.0,-6174.0
ITC,2021-03,18267.0,0.9360382574908466,Moderate,11.653166047465335,Capital Intensive,107.04365660709054,Efficient,+,+,-,Liquidating Assets,False,12527.0,5740.0
ITC,2022-03,13538.0,1.017609494936464,High Quality,3.6903289636408605,Moderate,65.64515346942734,Efficient,+,-,-,Shareholder Returns,False,15776.0,-2238.0
ITC,2023-03,13146.0,0.9692457770703907,Moderate,8.082460271577434,Capital Intensive,51.143790849673195,Moderate,+,-,-,Reinvestor,False,18878.0,-5732.0
ITC,2024-03,18742.0,0.8278637174112091,Moderate,2.205571077808822,Asset Light,71.44436396904662,Efficient,+,+,-,Liquidating Assets,False,17179.0,1563.0
JINDALSTEL,2013-03,-6069.0,1.193089430894309,High Quality,48.422274953299336,Capital Intensive,-99.3940386505077,CapEx Heavy,+,-,+,Mixed,False,3522.0,-9591.0
JINDALSTEL,2014-03,-8114.0,2.4156118143459917,High Quality,65.81976563310174,Capital Intensive,-139.920675978617,CapEx Heavy,+,-,+,Mixed,False,4580.0,-12694.0
JINDALSTEL,2015-03,-5535.0,-0.8140495867768595,Accrual Risk,34.62192670480903,Capital Intensive,-101.29941434846266,CapEx Heavy,+,-,+,Mixed,False,1182.0,-6717.0
JINDALSTEL,2016-03,2071.0,-1.4036281179138321,Accrual Risk,11.618470388823257,Capital Intensive,60.256037241780625,Efficient,+,-,-,Reinvestor,False,4333.0,-2262.0
JINDALSTEL,2017-03,4852.0,-2.6989755713159966,Accrual Risk,9.248715456186641,Capital Intensive,103.03673816096837,Efficient,+,-,-,Reinvestor,False,6850.0,-1998.0
JINDALSTEL,2018-03,6293.0,-4.77970297029703,Accrual Risk,4.299104728714775,Moderate,97.27933219972175,Efficient,+,-,-,Reinvestor,False,7724.0,-1431.0
JINDALSTEL,2019-03,8195.0,-3.7425373134328357,Accrual Risk,1.7714942724524123,Asset Light,97.42035187826914,Efficient,+,-,-,Reinvestor,False,9027.0,-832.0
JINDALSTEL,2020-03,7338.0,-22.035,Accrual Risk,3.892097144213275,Moderate,107.42204655248133,Efficient,+,-,-,Reinvestor,False,8814.0,-1476.0
JINDALSTEL,2021-03,10077.0,2.8031403796578394,High Quality,5.4483935336475895,Moderate,92.17049300283546,Efficient,+,-,-,Shareholder Returns,False,11961.0,-1884.0
JINDALSTEL,2022-03,13717.0,2.371859296482412,High Quality,4.555759684165266,Moderate,88.41121495327103,Efficient,+,-,-,Shareholder Returns,False,16048.0,-2331.0
JINDALSTEL,2023-03,3257.0,1.8487669854051334,High Quality,7.686236187326168,Moderate,32.76000804667069,Moderate,+,-,-,Shareholder Returns,False,7347.0,-4090.0
JINDALSTEL,2024-03,-2336.0,1.010937237085647,High Quality,16.570679588513325,Capital Intensive,-22.897471084101156,CapEx Heavy,+,-,+,Mixed,False,6008.0,-8344.0
JIOFIN,2023-03,945.0,66.29032258064517,High Quality,2466.666666666667,Capital Intensive,2423.076923076923,Efficient,+,-,-,Shareholder Returns,False,2055.0,-1110.0
JIOFIN,2024-03,763.0,-0.4224299065420561,Accrual Risk,77.68194070080862,Capital Intensive,48.94162924951892,Moderate,-,+,-,Unclassified,False,-678.0,1441.0
JSWENERGY,2013-03,781.0,1.9145394006659266,High Quality,10.642615558060879,Capital Intensive,27.882898964655478,CapEx Heavy,+,-,-,Shareholder Returns,False,1725.0,-944.0
JSWENERGY,2014-03,1906.0,2.985526315789474,High Quality,4.197502312673451,Moderate,58.556067588325654,Moderate,+,-,-,Shareholder Returns,False,2269.0,-363.0
JSWENERGY,2015-03,2972.0,2.499263622974963,High Quality,4.51481758853108,Moderate,82.00883002207505,Efficient,+,-,-,Shareholder Returns,False,3394.0,-422.0
JSWENERGY,2016-03,266.0,2.4232876712328766,High Quality,33.30618892508143,Capital Intensive,6.602134524695955,CapEx Heavy,+,-,-,Shareholder Returns,False,3538.0,-3272.0
JSWENERGY,2017-03,3091.0,6.184590690208668,High Quality,9.221832264310784,Capital Intensive,92.99037304452466,Efficient,+,-,-,Shareholder Returns,False,3853.0,-762.0
JSWENERGY,2018-03,3719.0,46.28235294117647,High Quality,2.67113927195925,Asset Light,137.08072244747513,Efficient,+,-,-,Shareholder Returns,False,3934.0,-215.0
JSWENERGY,2019-03,2436.0,3.641812865497076,High Quality,0.6018822499452834,Asset Light,85.32399299474605,Efficient,+,-,-,Shareholder Returns,False,2491.0,-55.0
JSWENERGY,2020-03,2383.0,1.9259944495837187,High Quality,3.6383415931342924,Moderate,80.58843422387555,Efficient,+,+,-,Liquidating Assets,False,2082.0,301.0
JSWENERGY,2021-03,2670.0,4.495747266099635,High Quality,14.88009245882693,Capital Intensive,91.65808444902163,Efficient,+,-,-,Shareholder Returns,False,3700.0,-1030.0
JSWENERGY,2022-03,1565.0,1.693631669535284,High Quality,16.982980286518917,Capital Intensive,43.81298992161254,Moderate,+,-,-,Shareholder Returns,False,2952.0,-1387.0
JSWENERGY,2023-03,-4694.0,1.4081081081081082,High Quality,65.60201316298877,Capital Intensive,-143.02254722730044,CapEx Heavy,+,-,+,Mixed,False,2084.0,-6778.0
JSWENERGY,2024-03,-1963.0,3.6139130434782607,High Quality,71.36514017064252,Capital Intensive,-36.473429951690825,CapEx Heavy,+,-,+,Mixed,False,6234.0,-8197.0
JSWSTEEL,2013-03,411.0,6.290635091496233,High Quality,14.218790892436534,Capital Intensive,6.311425061425062,CapEx Heavy,+,-,-,Shareholder Returns,False,5844.0,-5433.0
JSWSTEEL,2014-03,-3024.0,6.45273631840796,High Quality,10.96837172979305,Capital Intensive,-32.98069582288145,CapEx Heavy,+,-,+,Mixed,False,2594.0,-5618.0
JSWSTEEL,2015-03,504.0,4.5737514518002325,High Quality,13.916786226685796,Capital Intensive,5.3823152498932085,CapEx Heavy,+,-,-,Shareholder Returns,False,7876.0,-7372.0
JSWSTEEL,2016-03,3040.0,-14.338877338877339,Accrual Risk,9.283685553362538,Capital Intensive,47.337278106508876,Moderate,+,-,-,Reinvestor,False,6897.0,-3857.0
JSWSTEEL,2017-03,2794.0,2.275165849437554,High Quality,9.161211423638587,Capital Intensive,22.700682482937925,CapEx Heavy,+,-,-,Shareholder Returns,False,7888.0,-5094.0
JSWSTEEL,2018-03,7850.0,2.0250286275151317,High Quality,6.296136682746445,Moderate,52.62805041566103,Moderate,+,-,-,Shareholder Returns,False,12379.0,-4529.0
JSWSTEEL,2019-03,3246.0,1.944843168527379,High Quality,13.434878535106245,Capital Intensive,17.147385103011093,CapEx Heavy,+,-,+,Mixed,False,14633.0,-11387.0
JSWSTEEL,2020-03,-6804.0,3.262311814238326,High Quality,26.714944221694896,Capital Intensive,-57.597562007957336,CapEx Heavy,+,-,+,Mixed,False,12785.0,-19589.0
JSWSTEEL,2021-03,11087.0,2.3865108599009273,High Quality,9.646914415260714,Capital Intensive,54.94598077113688,Moderate,+,-,-,Shareholder Returns,False,18789.0,-7702.0
JSWSTEEL,2022-03,11522.0,1.2546566052153978,High Quality,10.07576637448675,Capital Intensive,29.457483254077825,CapEx Heavy,+,-,-,Shareholder Returns,False,26270.0,-14748.0
JSWSTEEL,2023-03,12593.0,5.634935974873158,High Quality,6.465413352615087,Moderate,68.18083378451543,Efficient,+,-,-,Shareholder Returns,False,23323.0,-10730.0
JSWSTEEL,2024-03,-2389.0,1.3460381143430291,High Quality,8.266573717472543,Capital Intensive,-8.48456866853713,CapEx Heavy,+,-,-,Shareholder Returns,False,12078.0,-14467.0
KOTAKBANK,2013-03,-6157.0,1.285969615728329,High Quality,83.36408931537184,Capital Intensive,-93.2454944722096,CapEx Heavy,+,-,+,Mixed,False,2878.0,-9035.0
KOTAKBANK,2014-03,7938.0,3.588444796201029,High Quality,9.427665609878192,Capital Intensive,112.54785197788175,Efficient,+,-,-,Shareholder Returns,False,9068.0,-1130.0
KOTAKBANK,2015-03,-2165.0,0.7413848631239935,Moderate,33.5385539454914,Capital Intensive,-22.278246552788637,CapEx Heavy,+,-,+,Mixed,False,2302.0,-4467.0
KOTAKBANK,2016-03,2672.0,1.4259364358683315,High Quality,11.533183021272423,Capital Intensive,23.15223984056841,CapEx Heavy,+,-,+,Mixed,False,5025.0,-2353.0
KOTAKBANK,2017-03,7933.0,2.634389320581789,High Quality,23.691990682673357,Capital Intensive,53.485706580366774,Moderate,+,-,+,Mixed,False,13222.0,-5289.0
KOTAKBANK,2018-03,-15867.0,-1.660594439117929,Accrual Risk,21.78584218694043,Capital Intensive,-94.41832787860756,CapEx Heavy,-,-,+,Growth Funded by Debt,True,-10392.0,-5475.0
KOTAKBANK,2019-03,-1501.0,0.2529150471960022,Accrual Risk,11.139418725486909,Capital Intensive,-7.596922765462091,CapEx Heavy,+,-,+,Mixed,False,1822.0,-3323.0
KOTAKBANK,2020-03,33551.0,5.425229838240428,High Quality,39.03925434665711,Capital Intensive,148.60040747630435,Efficient,+,-,-,Shareholder Returns,False,46619.0,-13068.0
KOTAKBANK,2021-03,-6291.0,0.4885885885885886,Accrual Risk,34.040219378427786,Capital Intensive,-21.102240708439552,CapEx Heavy,+,-,-,Reinvestor,False,4881.0,-11172.0
KOTAKBANK,2022-03,-2595.0,0.6872363305484325,Moderate,32.31380219910495,Capital Intensive,-8.453044073096844,CapEx Heavy,+,-,+,Mixed,False,8308.0,-10903.0
KOTAKBANK,2023-03,-11623.0,-0.08321608040201005,Accrual Risk,24.62812270171526,Capital Intensive,-34.71106465581604,CapEx Heavy,-,-,+,Growth Funded by Debt,True,-1242.0,-10381.0
KOTAKBANK,2024-03,6766.0,0.8611980453522209,Moderate,15.859665344879707,Capital Intensive,14.379835076086033,CapEx Heavy,+,-,+,Mixed,False,15685.0,-8919.0
LICI,2019-03,22910.0,5.052912066996574,High Quality,1.6860656368764744,Asset Light,386.9932432432432,Efficient,+,+,-,Liquidating Assets,False,13274.0,9636.0
LICI,2020-03,13952.0,20.06162361623616,High Quality,6.435068936362638,Moderate,-200.83489275946454,CapEx Heavy,+,-,-,Shareholder Returns,False,54367.0,-40415.0
LICI,2021-03,229049.0,27.10221923335575,High Quality,21.485597339176802,Capital Intensive,-90892.46031746031,CapEx Heavy,+,+,-,Liquidating Assets,False,80602.0,148447.0
LICI,2022-03,8748.0,-0.9170909090909091,Accrual Risk,1.731743517881278,Asset Light,263.0186410102225,Efficient,-,+,0,Unclassified,False,-3783.0,12531.0
LICI,2023-03,1671.0,1.5145428785732145,High Quality,6.735421116758515,Moderate,4.884965065629842,CapEx Heavy,+,-,-,Shareholder Returns,False,54519.0,-52848.0
LICI,2024-03,853.0,0.6384299540522045,Moderate,2.986999477520373,Asset Light,2.6022758473412853,CapEx Heavy,+,-,-,Reinvestor,False,26122.0,-25269.0
LODHA,2016-03,-467.0,0.55049786628734,Moderate,10.35277003273124,Capital Intensive,-21.966133584195674,CapEx Heavy,+,-,+,Mixed,False,387.0,-854.0
LODHA,2017-03,295.0,2.5154109589041096,High Quality,14.812011102699973,Capital Intensive,18.277571251548945,CapEx Heavy,+,-,-,Shareholder Returns,False,1469.0,-1174.0
LODHA,2018-03,45.0,0.8765743073047859,Moderate,6.727291515965692,Moderate,2.67538644470868,CapEx Heavy,+,-,+,Mixed,False,696.0,-651.0
LODHA,2019-03,-638.0,-0.2816301703163017,Accrual Risk,1.4697236919459142,Asset Light,-20.069204152249135,CapEx Heavy,-,-,+,Growth Funded by Debt,True,-463.0,-175.0
LODHA,2020-03,3954.0,5.083557951482479,High Quality,1.4626697741702162,Asset Light,206.25978090766824,Efficient,+,+,-,Liquidating Assets,False,3772.0,182.0
LODHA,2021-03,2944.0,52.583333333333336,High Quality,7.707836300238576,Moderate,212.8705712219812,Efficient,+,+,-,Liquidating Assets,False,2524.0,420.0
LODHA,2022-03,3137.0,1.653973509933775,High Quality,12.336185421856385,Capital Intensive,143.50411710887465,Efficient,+,+,-,Liquidating Assets,False,1998.0,1139.0
LODHA,2023-03,4539.0,5.612244897959184,High Quality,18.891235480464623,Capital Intensive,219.9127906976744,Efficient,+,+,-,Liquidating Assets,False,2750.0,1789.0
LODHA,2024-03,-435.0,1.6164736164736164,High Quality,28.567274137262505,Capital Intensive,-16.322701688555348,CapEx Heavy,+,-,+,Mixed,False,2512.0,-2947.0
LT,2013-03,-11277.0,-0.8230958230958231,Accrual Risk,9.30051326149464,Capital Intensive,-98.97314375987362,CapEx Heavy,-,-,+,Growth Funded by Debt,True,-4355.0,-6922.0
LT,2014-03,-12653.0,-1.462231320368475,Accrual Risk,6.478237355092059,Moderate,-89.82677836149368,CapEx Heavy,-,-,+,Growth Funded by Debt,True,-7143.0,-5510.0
LT,2015-03,-6143.0,-0.27486910994764396,Accrual Risk,5.197489366793938,Moderate,-39.16730425911757,CapEx Heavy,-,-,+,Growth Funded by Debt,True,-1365.0,-4778.0
LT,2016-03,-7867.0,-0.705574912891986,Accrual Risk,4.575661082652637,Moderate,-50.800723233888675,CapEx Heavy,-,-,+,Growth Funded by Debt,True,-3240.0,-4627.0
LT,2017-03,-3141.0,1.0260561208757324,High Quality,8.96150468384075,Capital Intensive,-18.898916967509024,CapEx Heavy,+,-,+,Mixed,False,6655.0,-9796.0
LT,2018-03,-6117.0,-1.253248375812094,Accrual Risk,3.2703057242883284,Moderate,-30.41619014469693,CapEx Heavy,-,+,+,Distress Signal,True,-10031.0,3914.0
LT,2019-03,-15779.0,-0.46549867867280026,Accrual Risk,8.151900606419169,Capital Intensive,-69.0063850258025,CapEx Heavy,-,-,+,Growth Funded by Debt,True,-4756.0,-11023.0
LT,2020-03,-1714.0,0.6144666789058197,Moderate,5.780601160520309,Moderate,-6.980817008104916,CapEx Heavy,+,-,+,Mixed,False,6694.0,-8408.0
LT,2021-03,17324.0,1.7857750948069036,High Quality,4.22859412115106,Moderate,73.84484228473998,Efficient,+,-,-,Shareholder Returns,False,23074.0,-5750.0
LT,2022-03,15579.0,1.8393319896343219,High Quality,2.2904274825742235,Asset Light,64.07419593649749,Efficient,+,-,-,Shareholder Returns,False,19164.0,-3585.0
LT,2023-03,14729.0,1.8176522224882292,High Quality,4.389634615279725,Moderate,54.21850842965471,Moderate,+,-,-,Shareholder Returns,False,22777.0,-8048.0
LT,2024-03,20445.0,1.1748890461182222,High Quality,0.9854689683555468,Asset Light,68.45806127574083,Efficient,+,+,-,Liquidating Assets,False,18266.0,2179.0
LTIM,2013-03,384.0,1.0818505338078293,High Quality,5.816670994546871,Moderate,44.13793103448276,Moderate,+,-,-,Shareholder Returns,False,608.0,-224.0
LTIM,2014-03,808.0,0.6305220883534136,Moderate,3.6585365853658534,Moderate,70.44463818657367,Efficient,+,+,-,Liquidating Assets,False,628.0,180.0
LTIM,2015-03,539.0,0.834850455136541,Moderate,2.06910405785456,Asset Light,53.6318407960199,Moderate,+,-,-,Reinvestor,False,642.0,-103.0
LTIM,2016-03,818.0,1.0263157894736843,High Quality,0.6842285323297981,Asset Light,79.57198443579766,Efficient,+,-,-,Shareholder Returns,False,858.0,-40.0
LTIM,2017-03,209.0,1.2049433573635426,High Quality,14.782341178280264,Capital Intensive,16.991869918699187,CapEx Heavy,+,-,-,Shareholder Returns,False,1170.0,-961.0
LTIM,2018-03,392.0,0.7589928057553957,Moderate,6.186695866411169,Moderate,33.02443133951137,Moderate,+,-,-,Reinvestor,False,844.0,-452.0
LTIM,2019-03,646.0,0.9201846965699209,Moderate,7.929282235867034,Moderate,34.30695698353691,Moderate,+,-,-,Reinvestor,False,1395.0,-749.0
LTIM,2020-03,1001.0,1.081578947368421,High Quality,5.910469712289732,Moderate,49.33464760965993,Moderate,+,-,-,Shareholder Returns,False,1644.0,-643.0
LTIM,2021-03,743.0,1.238390092879257,High Quality,13.39531123686338,Capital Intensive,27.26605504587156,CapEx Heavy,+,-,-,Shareholder Returns,False,2400.0,-1657.0
LTIM,2022-03,1608.0,0.8230379746835443,Moderate,6.29284920908499,Moderate,30.634406553629262,Moderate,+,-,-,Reinvestor,False,3251.0,-1643.0
LTIM,2023-03,2824.0,0.7018140589569161,Moderate,0.8166832414187988,Asset Light,46.234446627373934,Moderate,+,-,-,Reinvestor,False,3095.0,-271.0
LTIM,2024-03,1752.0,1.2366412213740459,High Quality,11.031337106174508,Capital Intensive,27.430718647252235,CapEx Heavy,+,-,-,Shareholder Returns,False,5670.0,-3918.0
M&M,2013-03,-3825.0,-0.223298619520465,Accrual Risk,4.226049233546359,Moderate,-41.95919262834577,CapEx Heavy,-,-,+,Growth Funded by Debt,True,-922.0,-2903.0
M&M,2014-03,-4768.0,-0.0473418703919286,Accrual Risk,6.113430899582438,Moderate,-46.88298918387414,CapEx Heavy,-,-,+,Growth Funded by Debt,True,-244.0,-4524.0
M&M,2015-03,-3302.0,0.3120378586217096,Accrual Risk,6.098141305564886,Moderate,-37.55259865802343,CapEx Heavy,+,-,+,Mixed,False,1055.0,-4357.0
M&M,2016-03,-3121.0,0.6710748452447945,Moderate,7.259925370182355,Moderate,-30.956159492164254,CapEx Heavy,+,-,+,Mixed,False,2385.0,-5506.0
M&M,2017-03,-5692.0,0.04517403110343125,Accrual Risk,7.012999415086006,Moderate,-53.02282254308337,CapEx Heavy,+,-,+,Mixed,False,183.0,-5875.0
M&M,2018-03,-4785.0,0.0856999246041719,Accrual Risk,5.936325927856321,Moderate,-36.178738847724176,CapEx Heavy,+,-,+,Mixed,False,682.0,-5467.0
M&M,2019-03,-11521.0,-0.7224530496925378,Accrual Risk,6.850583932544571,Moderate,-75.76116262247649,CapEx Heavy,-,-,+,Growth Funded by Debt,True,-4347.0,-7174.0
M&M,2020-03,-8327.0,4.538940809968848,High Quality,9.113581491602769,Capital Intensive,-81.9747981886198,CapEx Heavy,-,-,+,Growth Funded by Debt,True,-1457.0,-6870.0
M&M,2021-03,-1777.0,11.84457671957672,High Quality,26.503136864212824,Capital Intensive,-15.469661356315836,CapEx Heavy,+,-,+,Mixed,False,17909.0,-19686.0
M&M,2022-03,5996.0,1.2750585964428511,High Quality,3.60648101939648,Moderate,40.83634134713615,Moderate,+,-,-,Shareholder Returns,False,9248.0,-3252.0
M&M,2023-03,-15940.0,-0.6219447863548444,Accrual Risk,7.311019304191508,Moderate,-78.58023169829924,CapEx Heavy,-,-,+,Growth Funded by Debt,True,-7074.0,-8866.0
M&M,2024-03,-11245.0,-0.4588427057864711,Accrual Risk,4.0373028084959515,Moderate,-45.17515667684396,CapEx Heavy,-,-,+,Growth Funded by Debt,True,-5630.0,-5615.0
MARUTI,2013-03,940.0,1.6433198380566802,High Quality,7.039996388587938,Moderate,21.554689291446916,CapEx Heavy,+,-,-,Shareholder Returns,False,4059.0,-3119.0
MARUTI,2014-03,-2.0,1.750175192711983,High Quality,11.218625117866283,Capital Intensive,-0.03766478342749529,CapEx Heavy,+,-,-,Shareholder Returns,False,4995.0,-4997.0
MARUTI,2015-03,1958.0,1.693095300603833,High Quality,8.84037715792996,Capital Intensive,28.40975043528729,CapEx Heavy,+,-,-,Shareholder Returns,False,6449.0,-4491.0
MARUTI,2016-03,1252.0,1.543023467345825,High Quality,12.554480890447827,Capital Intensive,13.874113475177305,CapEx Heavy,+,-,-,Shareholder Returns,False,8482.0,-7230.0
MARUTI,2017-03,1109.0,1.3689255758221275,High Quality,13.472864801351253,Capital Intensive,10.641972939257268,CapEx Heavy,+,-,-,Shareholder Returns,False,10282.0,-9173.0
MARUTI,2018-03,3486.0,1.4957492703971578,High Quality,10.402335576188149,Capital Intensive,28.767123287671232,CapEx Heavy,+,-,-,Shareholder Returns,False,11788.0,-8302.0
MARUTI,2019-03,3061.0,0.8627630375114365,Moderate,4.113026908955709,Moderate,27.68632416787265,CapEx Heavy,+,-,-,Reinvestor,False,6601.0,-3540.0
MARUTI,2020-03,2939.0,0.6157097569566748,Moderate,0.7361882104150145,Asset Light,39.95921142080218,Moderate,+,-,-,Reinvestor,False,3496.0,-557.0
MARUTI,2021-03,1565.0,2.017771701982228,High Quality,10.360654805888705,Capital Intensive,28.922565145074845,CapEx Heavy,+,-,-,Shareholder Returns,False,8856.0,-7291.0
MARUTI,2022-03,1601.0,0.4742268041237113,Accrual Risk,0.27057624816030795,Asset Light,27.833796940194716,CapEx Heavy,+,-,-,Reinvestor,False,1840.0,-239.0
MARUTI,2023-03,1995.0,1.3086882865440466,High Quality,7.448695211553079,Moderate,15.203475080018288,CapEx Heavy,+,-,-,Shareholder Returns,False,10815.0,-8820.0
MARUTI,2024-03,4936.0,1.2456257413997627,High Quality,8.363997800617518,Capital Intensive,26.500590572318266,CapEx Heavy,+,-,-,Shareholder Returns,False,16801.0,-11865.0
MOTHERSON,2013-03,397.0,3.2876106194690267,High Quality,4.304688117637758,Moderate,26.824324324324323,CapEx Heavy,+,-,-,Shareholder Returns,False,1486.0,-1089.0
MOTHERSON,2014-03,1323.0,2.456700091157703,High Quality,4.511080423489182,Moderate,55.19399249061326,Moderate,+,-,-,Shareholder Returns,False,2695.0,-1372.0
MOTHERSON,2015-03,546.0,2.623839009287926,High Quality,8.2051873863997,Capital Intensive,19.198312236286917,CapEx Heavy,+,-,+,Mixed,False,3390.0,-2844.0
MOTHERSON,2016-03,282.0,1.23337091319053,High Quality,5.121453138435082,Moderate,7.94813979706877,CapEx Heavy,+,-,-,Shareholder Returns,False,2188.0,-1906.0
MOTHERSON,2017-03,-2345.0,1.7495395948434622,High Quality,14.501132716632057,Capital Intensive,-56.22152960920642,CapEx Heavy,+,-,+,Mixed,False,3800.0,-6145.0
MOTHERSON,2018-03,70.0,1.4442477876106194,High Quality,5.672877111343978,Moderate,1.3650546021840875,CapEx Heavy,+,-,-,Shareholder Returns,False,3264.0,-3194.0
MOTHERSON,2019-03,994.0,2.0552907530981885,High Quality,5.223304944665712,Moderate,18.586387434554975,CapEx Heavy,+,-,-,Shareholder Returns,False,4312.0,-3318.0
MOTHERSON,2020-03,4132.0,4.908809891808346,High Quality,3.6555846465444843,Moderate,88.78384185646756,Efficient,+,-,-,Shareholder Returns,False,6352.0,-2220.0
MOTHERSON,2021-03,3165.0,3.2192479286169533,High Quality,3.28743245598745,Moderate,72.42562929061785,Efficient,+,-,-,Shareholder Returns,False,5051.0,-1886.0
MOTHERSON,2022-03,159.0,2.083756345177665,High Quality,3.6127575500987863,Moderate,3.3729316928298685,CapEx Heavy,+,-,-,Shareholder Returns,False,2463.0,-2304.0
MOTHERSON,2023-03,2395.0,2.7802395209580837,High Quality,2.8532263796517237,Asset Light,38.31386978083506,Moderate,+,-,-,Shareholder Returns,False,4643.0,-2248.0
MOTHERSON,2024-03,925.0,2.5062913907284767,High Quality,6.732055283102987,Moderate,9.922763355503111,CapEx Heavy,+,-,+,Mixed,False,7569.0,-6644.0
NAUKRI,2013-03,29.0,0.9868421052631579,Moderate,9.745762711864407,Capital Intensive,23.96694214876033,CapEx Heavy,+,-,-,Reinvestor,False,75.0,-46.0
NAUKRI,2014-03,-123.0,1.35,High Quality,35.978835978835974,Capital Intensive,-126.8041237113402,CapEx Heavy,+,-,+,Mixed,False,81.0,-204.0
NAUKRI,2015-03,-1000.0,-3.642857142857143,Accrual Risk,143.5792349726776,Capital Intensive,-4761.904761904762,CapEx Heavy,+,-,+,Mixed,False,51.0,-1051.0
NAUKRI,2016-03,76.0,0.6610169491525424,Moderate,0.267379679144385,Asset Light,83.51648351648352,Efficient,+,-,-,Reinvestor,False,78.0,-2.0
NAUKRI,2017-03,48.0,-4.953488372093023,Accrual Risk,18.58108108108108,Capital Intensive,-533.3333333333333,CapEx Heavy,+,-,-,Reinvestor,False,213.0,-165.0
NAUKRI,2018-03,104.0,0.5049900199600799,Moderate,15.08097165991903,Capital Intensive,47.48858447488584,Moderate,+,-,-,Reinvestor,False,253.0,-149.0
NAUKRI,2019-03,217.0,0.46621621621621623,Accrual Risk,5.125977410947002,Moderate,2411.111111111111,Efficient,+,-,-,Reinvestor,False,276.0,-59.0
NAUKRI,2020-03,447.0,-1.4227642276422765,Accrual Risk,7.393292682926829,Moderate,-127.71428571428571,CapEx Heavy,+,+,-,Liquidating Assets,False,350.0,97.0
NAUKRI,2021-03,-1767.0,0.19464033850493653,Accrual Risk,181.11702127659575,Capital Intensive,-2387.837837837838,CapEx Heavy,+,-,+,Mixed,False,276.0,-2043.0
NAUKRI,2022-03,-470.0,0.05488278217668064,Accrual Risk,74.07174323473883,Capital Intensive,-105.38116591928251,CapEx Heavy,+,-,+,Mixed,False,707.0,-1177.0
NAUKRI,2023-03,154.0,-7.314285714285714,Accrual Risk,15.26001705029838,Capital Intensive,44.252873563218394,Moderate,+,-,+,Mixed,False,512.0,-358.0
NAUKRI,2024-03,-150.0,1.1798319327731093,High Quality,33.59621451104101,Capital Intensive,-21.09704641350211,CapEx Heavy,+,-,+,Mixed,False,702.0,-852.0
NESTLEIND,2013-12,1355.0,1.6078782452999105,High Quality,4.845621360290078,Moderate,69.55852156057495,Efficient,+,-,-,Shareholder Returns,False,1796.0,-441.0
NESTLEIND,2014-12,1212.0,1.3873417721518988,High Quality,4.383561643835616,Moderate,59.44090240313879,Moderate,+,-,-,Shareholder Returns,False,1644.0,-432.0
NESTLEIND,2015-12,1028.0,1.9502664298401422,High Quality,0.8562691131498471,Asset Light,66.10932475884245,Efficient,+,-,-,Shareholder Returns,False,1098.0,-70.0
NESTLEIND,2016-12,1340.0,1.4645354645354645,High Quality,1.3784049885132919,Asset Light,72.43243243243244,Efficient,+,-,-,Shareholder Returns,False,1466.0,-126.0
NESTLEIND,2017-12,1687.0,1.4840816326530613,High Quality,1.3086913086913086,Asset Light,80.4482594182165,Efficient,+,-,-,Shareholder Returns,False,1818.0,-131.0
NESTLEIND,2018-12,2000.0,1.2769135034225265,High Quality,0.4605030109812256,Asset Light,76.39419404125286,Efficient,+,-,-,Shareholder Returns,False,2052.0,-52.0
NESTLEIND,2019-12,2378.0,1.166158536585366,High Quality,0.6710324197590751,Asset Light,81.27136021872865,Efficient,+,+,-,Liquidating Assets,False,2295.0,83.0
NESTLEIND,2020-12,2133.0,1.1786743515850144,High Quality,2.404494382022472,Asset Light,66.61461586508433,Efficient,+,-,-,Shareholder Returns,False,2454.0,-321.0
NESTLEIND,2021-12,316.0,1.0557129367327667,High Quality,13.024896547045655,Capital Intensive,8.871420550252667,CapEx Heavy,+,-,-,Shareholder Returns,False,2236.0,-1920.0
NESTLEIND,2022-12,2345.0,1.1447093266415727,High Quality,2.3199384506125345,Asset Light,63.275769023205605,Efficient,+,-,-,Shareholder Returns,False,2737.0,-392.0
NESTLEIND,2023-12,2465.0,1.1310436812270757,High Quality,4.846805395796299,Moderate,55.13307984790875,Moderate,+,-,-,Shareholder Returns,False,3392.0,-927.0
NESTLEIND,2024-03,2938.0,1.0615306381896772,High Quality,5.070919078461917,Moderate,50.541888869774645,Moderate,+,-,-,Shareholder Returns,False,4175.0,-1237.0
NHPC,2013-03,1516.0,0.9906021580229725,Moderate,20.84312803635794,Capital Intensive,36.51252408477842,Moderate,+,-,-,Reinvestor,False,2846.0,-1330.0
NHPC,2014-03,2702.0,2.3417023882424983,High Quality,15.18473406414941,Capital Intensive,62.229387379087974,Efficient,+,-,-,Shareholder Returns,False,3824.0,-1122.0
NHPC,2015-03,3293.0,1.4513938527519656,High Quality,9.341929205692738,Capital Intensive,64.14102064666926,Efficient,+,-,-,Shareholder Returns,False,4061.0,-768.0
NHPC,2016-03,5225.0,2.5247357293868924,High Quality,8.929853962173809,Capital Intensive,109.2410620949195,Efficient,+,-,-,Shareholder Returns,False,5971.0,-746.0
NHPC,2017-03,6465.0,2.393390804597701,High Quality,21.616606749391163,Capital Intensive,132.37100737100738,Efficient,+,-,-,Shareholder Returns,False,8329.0,-1864.0
NHPC,2018-03,3810.0,1.6861759425493716,High Quality,11.42488716956802,Capital Intensive,89.68926553672316,Efficient,+,-,-,Shareholder Returns,False,4696.0,-886.0
NHPC,2019-03,2642.0,1.3483779971791254,High Quality,13.158187687854836,Capital Intensive,53.04155792009637,Moderate,+,-,-,Shareholder Returns,False,3824.0,-1182.0
NHPC,2020-03,6.0,0.8947683109118086,Moderate,29.846123101518785,Capital Intensive,0.11017260374586854,CapEx Heavy,+,-,+,Mixed,False,2993.0,-2987.0
NHPC,2021-03,3463.0,1.4083333333333334,High Quality,16.65630182421227,Capital Intensive,65.62440780746637,Efficient,+,-,-,Shareholder Returns,False,5070.0,-1607.0
NHPC,2022-03,1506.0,1.2162162162162162,High Quality,33.727034120734906,Capital Intensive,37.52803388985796,Moderate,+,-,-,Shareholder Returns,False,4590.0,-3084.0
NHPC,2023-03,514.0,1.1042008918094344,High Quality,39.511643254454604,Capital Intensive,8.311772315653299,CapEx Heavy,+,-,-,Shareholder Returns,False,4705.0,-4191.0
NHPC,2024-03,970.0,1.7224428997020853,High Quality,61.96013289036545,Capital Intensive,20.17890576242979,CapEx Heavy,+,-,-,Shareholder Returns,False,6938.0,-5968.0
NTPC,2013-03,-337.0,1.3116160813602415,High Quality,23.553511004222713,Capital Intensive,-1.85685161716899,CapEx Heavy,+,-,+,Mixed,False,16508.0,-16845.0
NTPC,2014-03,1022.0,1.4497062176620188,High Quality,19.799565938976126,Capital Intensive,5.180716784103006,CapEx Heavy,+,-,-,Shareholder Returns,False,16531.0,-15509.0
NTPC,2015-03,-1088.0,1.4900920736589272,High Quality,19.981990319796893,Capital Intensive,-6.2701705855232825,CapEx Heavy,+,-,-,Shareholder Returns,False,14889.0,-15977.0
NTPC,2016-03,4963.0,2.237733048882293,High Quality,26.107689792359256,Capital Intensive,26.72878069797501,CapEx Heavy,+,-,-,Shareholder Returns,False,24125.0,-19162.0
NTPC,2017-03,-4313.0,1.8823035280940825,High Quality,29.838375466224615,Capital Intensive,-19.96944161496435,CapEx Heavy,+,-,+,Mixed,False,20167.0,-24480.0
NTPC,2018-03,-1008.0,1.8729765758903065,High Quality,23.475585527286764,Capital Intensive,-4.482988659106071,CapEx Heavy,+,-,+,Mixed,False,19670.0,-20678.0
NTPC,2019-03,-5377.0,1.331480689753456,High Quality,23.99413682730563,Capital Intensive,-23.676794363716425,CapEx Heavy,+,-,+,Mixed,False,18686.0,-24063.0
NTPC,2020-03,-5738.0,2.007225676356915,High Quality,27.066432799824604,Capital Intensive,-18.16627619831571,CapEx Heavy,+,-,+,Mixed,False,23890.0,-29628.0
NTPC,2021-03,11410.0,2.1674126528158193,High Quality,18.859330589701518,Capital Intensive,33.51545059334978,Moderate,+,-,-,Shareholder Returns,False,32444.0,-21034.0
NTPC,2022-03,18897.0,2.463915094339623,High Quality,17.254219146899427,Capital Intensive,46.81878995094396,Moderate,+,-,-,Shareholder Returns,False,41788.0,-22891.0
NTPC,2023-03,21007.0,2.7540447403773145,High Quality,14.837662521920242,Capital Intensive,44.136061853937306,Moderate,+,-,-,Shareholder Returns,False,47152.0,-26145.0
NTPC,2024-03,8644.0,1.9119163697731107,High Quality,18.00606159069137,Capital Intensive,16.798818407960198,CapEx Heavy,+,-,-,Shareholder Returns,False,40785.0,-32141.0
ONGC,2013-03,-1346.0,1.6618321246978411,High Quality,25.446957724219676,Capital Intensive,-3.0941817429484377,CapEx Heavy,+,-,-,Shareholder Returns,False,39874.0,-41220.0
ONGC,2014-03,-10363.0,1.9977498593662104,High Quality,36.54527598623945,Capital Intensive,-21.093018522287807,CapEx Heavy,+,-,+,Mixed,False,53270.0,-63633.0
ONGC,2015-03,3892.0,1.9177540529853696,High Quality,18.678498412284135,Capital Intensive,9.198336169408206,CapEx Heavy,+,-,-,Shareholder Returns,False,33950.0,-30058.0
ONGC,2016-03,8036.0,3.533201038009464,High Quality,30.842658582992033,Capital Intensive,20.534048805417147,CapEx Heavy,+,-,-,Shareholder Returns,False,46292.0,-38256.0
ONGC,2017-03,1965.0,1.5694744420446365,High Quality,15.509405109979966,Capital Intensive,3.72130899174305,CapEx Heavy,+,-,-,Shareholder Returns,False,45780.0,-43815.0
ONGC,2018-03,-10006.0,2.178609789780574,High Quality,20.69933623793794,Capital Intensive,-17.58863752219234,CapEx Heavy,+,-,+,Mixed,False,56792.0,-66798.0
ONGC,2019-03,24326.0,1.8108904472862277,High Quality,8.806899038005426,Capital Intensive,32.513131691147976,Moderate,+,-,-,Shareholder Returns,False,61458.0,-37132.0
ONGC,2020-03,17434.0,6.162098463687151,High Quality,13.399356738117804,Capital Intensive,33.459360905863164,Moderate,+,-,-,Shareholder Returns,False,70593.0,-53159.0
ONGC,2021-03,8044.0,2.2090355805243447,High Quality,12.8817274369835,Capital Intensive,16.259373799850422,CapEx Heavy,+,-,-,Shareholder Returns,False,47185.0,-39141.0
ONGC,2022-03,37051.0,1.5873737168823792,High Quality,8.386226045606477,Capital Intensive,46.38680922452863,Moderate,+,-,-,Shareholder Returns,False,78248.0,-41197.0
ONGC,2023-03,11372.0,2.625602538287876,High Quality,11.812598945738593,Capital Intensive,15.056867080646654,CapEx Heavy,+,-,-,Shareholder Returns,False,86062.0,-74690.0
ONGC,2024-03,42060.0,1.7383758603176827,High Quality,9.672537521390066,Capital Intensive,40.90047162930909,Moderate,+,-,-,Shareholder Returns,False,99263.0,-57203.0
PFC,2013-03,-25080.0,-5.65615141955836,Accrual Risk,0.12706480304955528,Asset Light,-418.9076332052781,CapEx Heavy,-,+,+,Distress Signal,True,-25102.0,22.0
PFC,2014-03,-22464.0,-4.1144269498352255,Accrual Risk,0.042042322604755454,Asset Light,-295.30695412120417,CapEx Heavy,-,+,+,Distress Signal,True,-22473.0,9.0
PFC,2015-03,-21946.0,-3.5734510326449036,Accrual Risk,1.964943172722907,Asset Light,-260.3630323881836,CapEx Heavy,-,-,+,Growth Funded by Debt,True,-21455.0,-491.0
PFC,2016-03,-15271.0,-2.1503880983182406,Accrual Risk,7.081583575607479,Moderate,-166.67758131412356,CapEx Heavy,-,-,+,Growth Funded by Debt,True,-13298.0,-1973.0
PFC,2017-03,1128.0,0.802772808586762,Moderate,2.418331460063087,Asset Light,21.38388625592417,CapEx Heavy,+,-,+,Mixed,False,1795.0,-667.0
PFC,2018-03,-55739.0,-6.496305558713198,Accrual Risk,2.897745969068773,Asset Light,-474.2937372362151,CapEx Heavy,-,+,+,Distress Signal,True,-57148.0,1409.0
PFC,2019-03,-93715.0,-6.349050632911393,Accrual Risk,24.88263778508853,Capital Intensive,-526.9920710791206,CapEx Heavy,-,-,+,Growth Funded by Debt,True,-80252.0,-13463.0
PFC,2020-03,-42221.0,-4.447398965917484,Accrual Risk,0.1173841032980109,Asset Light,-301.3202968883814,CapEx Heavy,-,-,+,Growth Funded by Debt,True,-42148.0,-73.0
PFC,2021-03,-57402.0,-3.763234919826928,Accrual Risk,2.4296639499832535,Asset Light,-288.8732323486488,CapEx Heavy,-,+,+,Distress Signal,True,-59143.0,1741.0
PFC,2022-03,4357.0,0.2612958226768968,Accrual Risk,0.717264168262044,Asset Light,18.669123318193503,CapEx Heavy,+,-,-,Reinvestor,False,4904.0,-547.0
PFC,2023-03,-76411.0,-3.527881391944851,Accrual Risk,2.1806292157973326,Asset Light,-288.3325157541225,CapEx Heavy,-,-,+,Growth Funded by Debt,True,-74717.0,-1694.0
PFC,2024-03,-101229.0,-3.6967612713049394,Accrual Risk,3.7253573458058313,Moderate,-301.5190778303994,CapEx Heavy,-,-,+,Growth Funded by Debt,True,-97820.0,-3409.0
PIDILITIND,2013-03,328.0,1.1132075471698113,High Quality,3.915171288743882,Moderate,58.78136200716846,Moderate,+,-,-,Shareholder Returns,False,472.0,-144.0
PIDILITIND,2014-03,295.0,0.8755555555555555,Moderate,2.311463927153864,Asset Light,43.898809523809526,Moderate,+,-,-,Reinvestor,False,394.0,-99.0
PIDILITIND,2015-03,116.0,1.0739299610894941,High Quality,9.000825763831543,Capital Intensive,15.045395590142672,CapEx Heavy,+,-,-,Shareholder Returns,False,552.0,-436.0
PIDILITIND,2016-03,416.0,1.123915737298637,High Quality,9.158739041223653,Capital Intensive,35.464620630861035,Moderate,+,-,-,Shareholder Returns,False,907.0,-491.0
PIDILITIND,2017-03,-85.0,0.9200463499420626,Moderate,15.64892291258679,Capital Intensive,-6.735340729001585,CapEx Heavy,+,-,+,Mixed,False,794.0,-879.0
PIDILITIND,2018-03,835.0,0.8240165631469979,Moderate,0.6416584402764067,Asset Light,62.26696495152871,Efficient,+,+,-,Liquidating Assets,False,796.0,39.0
PIDILITIND,2019-03,332.0,0.9105603448275862,Moderate,7.2478101158519355,Moderate,24.215900802334062,CapEx Heavy,+,-,-,Reinvestor,False,845.0,-513.0
PIDILITIND,2020-03,1383.0,1.1408199643493762,High Quality,1.4121195503153277,Asset Light,87.75380710659898,Efficient,+,+,-,Liquidating Assets,False,1280.0,103.0
PIDILITIND,2021-03,-296.0,1.236234458259325,High Quality,23.14548196901138,Capital Intensive,-17.556346381969156,CapEx Heavy,+,-,-,Shareholder Returns,False,1392.0,-1688.0
PIDILITIND,2022-03,397.0,0.7912178956089478,Moderate,5.624433020864832,Moderate,21.39008620689655,CapEx Heavy,+,-,-,Reinvestor,False,955.0,-558.0
PIDILITIND,2023-03,659.0,1.208688906128782,High Quality,7.6192897703195195,Moderate,33.18227593152064,Moderate,+,-,-,Shareholder Returns,False,1558.0,-899.0
PIDILITIND,2024-03,955.0,1.559244419004007,High Quality,14.285714285714285,Capital Intensive,35.2658788774003,Moderate,+,-,-,Shareholder Returns,False,2724.0,-1769.0
PNB,2013-03,-1292.0,-0.13784860557768924,Accrual Risk,1.3930486870516126,Asset Light,,,-,-,-,Pre-Revenue,False,-692.0,-600.0
PNB,2014-03,16604.0,4.601524224278715,High Quality,0.671738066639975,Asset Light,,,+,-,+,Mixed,False,16906.0,-302.0
PNB,2015-03,3942.0,1.3656737588652483,High Quality,1.7901868199548348,Asset Light,,,+,-,+,Mixed,False,4814.0,-872.0
PNB,2016-03,12815.0,-4.036182336182336,Accrual Risk,2.6612077789150463,Asset Light,,,+,-,+,Mixed,False,14167.0,-1352.0
PNB,2017-03,22097.0,17.706214689265536,High Quality,0.33085022264763414,Asset Light,,,+,+,-,Liquidating Assets,False,21938.0,159.0
PNB,2018-03,-1350.0,0.14383618198332096,Accrual Risk,0.8045151359671626,Asset Light,,,-,+,+,Distress Signal,True,-1742.0,392.0
PNB,2019-03,-34161.0,3.5112041884816754,High Quality,1.2062055343548046,Asset Light,,,-,-,+,Growth Funded by Debt,True,-33532.0,-629.0
PNB,2020-03,-13131.0,-26.377319587628865,Accrual Risk,0.6154630540077934,Asset Light,,,-,-,+,Growth Funded by Debt,True,-12793.0,-338.0
PNB,2021-03,30163.0,11.484230055658626,High Quality,0.9605174833709648,Asset Light,,,+,-,+,Mixed,False,30950.0,-787.0
PNB,2022-03,18828.0,5.12589559877175,High Quality,1.5791820781196717,Asset Light,,,+,-,+,Mixed,False,20032.0,-1204.0
PNB,2023-03,21860.0,6.725811253349211,High Quality,0.8428809948759284,Asset Light,,,+,-,+,Mixed,False,22592.0,-732.0
PNB,2024-03,-29445.0,-3.0511084416293546,Accrual Risk,1.3808279466373263,Asset Light,,,-,-,+,Growth Funded by Debt,True,-27939.0,-1506.0
POWERGRID,2013-03,-10394.0,2.7104103872014838,High Quality,168.8250133781821,Capital Intensive,-95.91215280981822,CapEx Heavy,+,-,+,Mixed,False,11690.0,-22084.0
POWERGRID,2014-03,-11416.0,3.3471855760773965,High Quality,171.2568306010929,Capital Intensive,-88.03886789542685,CapEx Heavy,+,-,+,Mixed,False,15223.0,-26639.0
POWERGRID,2015-03,-8385.0,3.1311930241775663,High Quality,137.884834663626,Capital Intensive,-56.173377101895895,CapEx Heavy,+,-,+,Mixed,False,15800.0,-24185.0
POWERGRID,2016-03,-6568.0,2.518543379761705,High Quality,104.47414294015107,Capital Intensive,-36.11966564012318,CapEx Heavy,+,-,+,Mixed,False,15008.0,-21576.0
POWERGRID,2017-03,-2261.0,2.895584485303986,High Quality,92.75790948359732,Capital Intensive,-10.071269487750557,CapEx Heavy,+,-,+,Mixed,False,21575.0,-23836.0
POWERGRID,2018-03,-2991.0,2.7681618722574353,High Quality,85.80156239567337,Capital Intensive,-11.521127845614576,CapEx Heavy,+,-,+,Mixed,False,22710.0,-25701.0
POWERGRID,2019-03,4544.0,2.3192146701215868,High Quality,53.41567072648963,Capital Intensive,16.87964338781575,CapEx Heavy,+,-,-,Shareholder Returns,False,23271.0,-18727.0
POWERGRID,2020-03,20006.0,2.7795460710733337,High Quality,28.436307757524375,Capital Intensive,60.83439761600681,Efficient,+,-,-,Shareholder Returns,False,30739.0,-10733.0
POWERGRID,2021-03,20159.0,2.442921236291127,High Quality,23.319878910191726,Capital Intensive,57.75224889703776,Moderate,+,-,-,Shareholder Returns,False,29403.0,-9244.0
POWERGRID,2022-03,26877.0,1.5527817403708988,High Quality,1.8091393974340495,Asset Light,75.02093451683135,Efficient,+,+,-,Liquidating Assets,False,26124.0,753.0
POWERGRID,2023-03,33065.0,2.6071984435797666,High Quality,15.652479003574326,Capital Intensive,83.54810996563575,Efficient,+,-,-,Shareholder Returns,False,40203.0,-7138.0
POWERGRID,2024-03,24176.0,2.394528992486997,High Quality,28.606330301245553,Capital Intensive,60.70406267262592,Efficient,+,-,-,Shareholder Returns,False,37290.0,-13114.0
RECLTD,2013-03,-19907.0,-5.233237672841117,Accrual Risk,1.1148599090509022,Asset Light,-150.01507159005274,CapEx Heavy,-,+,+,Distress Signal,True,-20059.0,152.0
RECLTD,2014-03,-17108.0,-3.6372073402235814,Accrual Risk,0.7896417581141497,Asset Light,-102.75075075075075,CapEx Heavy,-,+,+,Distress Signal,True,-17244.0,136.0
RECLTD,2015-03,-23747.0,-4.4719311377245505,Accrual Risk,0.7350077881619937,Asset Light,-122.43877287960814,CapEx Heavy,-,+,+,Distress Signal,True,-23898.0,151.0
RECLTD,2016-03,-14034.0,-2.3331576172904587,Accrual Risk,3.133678756476684,Moderate,-62.52617509467587,CapEx Heavy,-,-,+,Growth Funded by Debt,True,-13278.0,-756.0
RECLTD,2017-03,6704.0,1.0779344210359576,High Quality,0.41498890623715995,Asset Light,29.861915367483295,CapEx Heavy,+,-,-,Shareholder Returns,False,6805.0,-101.0
RECLTD,2018-03,-32464.0,-7.303976634464165,Accrual Risk,0.20301880130638186,Asset Light,-168.39047668447535,CapEx Heavy,-,+,+,Distress Signal,True,-32510.0,46.0
RECLTD,2019-03,-35409.0,-6.247343668350462,Accrual Risk,1.7986460957178843,Asset Light,-149.37354988399073,CapEx Heavy,-,+,+,Distress Signal,True,-35866.0,457.0
RECLTD,2020-03,-32591.0,-6.579243765084473,Accrual Risk,0.4041146216017634,Asset Light,-125.53830746119179,CapEx Heavy,-,+,+,Distress Signal,True,-32712.0,121.0
RECLTD,2021-03,-42651.0,-5.1936022917164,Accrual Risk,2.421464128019799,Asset Light,-132.1896792189679,CapEx Heavy,-,+,+,Distress Signal,True,-43512.0,861.0
RECLTD,2022-03,-1106.0,-0.08160621761658031,Accrual Risk,0.7307261431917711,Asset Light,-3.211568616063651,CapEx Heavy,-,-,+,Growth Funded by Debt,True,-819.0,-287.0
RECLTD,2023-03,-38303.0,-3.3455717739768964,Accrual Risk,2.3881882186091277,Asset Light,-101.79387690018072,CapEx Heavy,-,-,+,Growth Funded by Debt,True,-37360.0,-943.0
RECLTD,2024-03,-59554.0,-4.0808059384941675,Accrual Risk,3.8533577456489256,Moderate,-124.37399494601425,CapEx Heavy,-,-,+,Growth Funded by Debt,True,-57723.0,-1831.0
RELIANCE,2013-03,9317.0,1.7675955185291583,High Quality,6.970706415090527,Moderate,28.101342180666567,CapEx Heavy,+,-,+,Mixed,False,36918.0,-27601.0
RELIANCE,2014-03,-29809.0,1.9186180592513749,High Quality,16.855008177227862,Capital Intensive,-85.3270359238586,CapEx Heavy,+,-,+,Mixed,False,43261.0,-73070.0
RELIANCE,2015-03,-30332.0,1.4540609137055838,High Quality,17.283878067804213,Capital Intensive,-80.99548719591978,CapEx Heavy,+,-,+,Mixed,False,34374.0,-64706.0
RELIANCE,2016-03,1948.0,1.2770503332105423,High Quality,13.275222592751565,Capital Intensive,4.662406356956511,CapEx Heavy,+,-,-,Shareholder Returns,False,38134.0,-36186.0
RELIANCE,2017-03,-16651.0,1.6609124124291892,High Quality,21.77994038571626,Capital Intensive,-35.95784654587859,CapEx Heavy,+,-,+,Mixed,False,49550.0,-66201.0
RELIANCE,2018-03,3267.0,1.980570953436807,High Quality,17.448307801741453,Capital Intensive,5.079685920858275,CapEx Heavy,+,-,-,Shareholder Returns,False,71459.0,-68192.0
RELIANCE,2019-03,-52161.0,1.0629816502246656,High Quality,16.628690372085575,Capital Intensive,-61.91216617210682,CapEx Heavy,+,-,+,Mixed,False,42346.0,-94507.0
RELIANCE,2020-03,22380.0,2.379062186559679,High Quality,12.150084048542013,Capital Intensive,25.071135706764053,CapEx Heavy,+,-,-,Shareholder Returns,False,94877.0,-72497.0
RELIANCE,2021-03,-115427.0,0.5016468486573996,Moderate,30.53460488476476,Capital Intensive,-142.87288030696868,CapEx Heavy,+,-,+,Mixed,False,26958.0,-142385.0
RELIANCE,2022-03,1492.0,1.6309823863217627,High Quality,15.714156156925633,Capital Intensive,1.374089389488032,CapEx Heavy,+,-,+,Mixed,False,110654.0,-109162.0
RELIANCE,2023-03,22031.0,1.5526401036605118,High Quality,10.611755416501216,Capital Intensive,15.480121980353855,CapEx Heavy,+,-,+,Mixed,False,115032.0,-93001.0
RELIANCE,2024-03,45207.0,2.00946595798532,High Quality,12.633572884885117,Capital Intensive,27.820034708119483,CapEx Heavy,+,-,-,Shareholder Returns,False,158788.0,-113581.0
SBILIFE,2013-03,903.0,1.7936507936507937,High Quality,1.5265635507733692,Asset Light,211.47540983606555,Efficient,+,-,-,Shareholder Returns,False,1130.0,-227.0
SBILIFE,2014-03,-542.0,0.22802197802197802,Accrual Risk,4.102445242785954,Moderate,-106.0665362035225,CapEx Heavy,+,-,-,Reinvestor,False,166.0,-708.0
SBILIFE,2015-03,2533.0,3.3263803680981594,High Quality,0.7607162699260652,Asset Light,319.0176322418136,Efficient,+,-,-,Shareholder Returns,False,2711.0,-178.0
SBILIFE,2016-03,-1426.0,6.845971563981043,High Quality,37.280066238873935,Capital Intensive,-155.0,CapEx Heavy,+,-,-,Shareholder Returns,False,5778.0,-7204.0
SBILIFE,2017-03,-507.0,8.926701570680628,High Quality,29.56658373706953,Capital Intensive,-47.47191011235955,CapEx Heavy,+,-,-,Shareholder Returns,False,8525.0,-9032.0
SBILIFE,2018-03,1485.0,9.039130434782608,High Quality,26.153575202536107,Capital Intensive,111.48648648648648,Efficient,+,-,-,Shareholder Returns,False,10395.0,-8910.0
SBILIFE,2019-03,-79.0,10.152976639035419,High Quality,30.382925298179536,Capital Intensive,-5.359565807327002,CapEx Heavy,+,-,-,Shareholder Returns,False,13473.0,-13552.0
SBILIFE,2020-03,2313.0,13.571729957805907,High Quality,38.78259281245719,Capital Intensive,171.20651369356034,Efficient,+,-,-,Shareholder Returns,False,19299.0,-16986.0
SBILIFE,2021-03,4675.0,16.399725274725274,High Quality,23.443165309535726,Capital Intensive,536.1238532110092,Efficient,+,-,+,Mixed,False,23878.0,-19203.0
SBILIFE,2022-03,241.0,14.50996015936255,High Quality,26.04268344118675,Capital Intensive,33.013698630136986,Moderate,+,-,-,Shareholder Returns,False,21852.0,-21611.0
SBILIFE,2023-03,-1547.0,16.650784427658337,High Quality,37.455974998759864,Capital Intensive,-1268.032786885246,CapEx Heavy,+,-,-,Shareholder Returns,False,28656.0,-30203.0
SBILIFE,2024-03,-2099.0,15.375923970432947,High Quality,23.6544231293754,Capital Intensive,-853.2520325203253,CapEx Heavy,+,-,-,Shareholder Returns,False,29122.0,-31221.0
SBIN,2013-03,22061.0,1.3113446510374562,High Quality,1.3519788541220175,Asset Light,-430.5425448868072,CapEx Heavy,+,-,-,Shareholder Returns,False,24332.0,-2271.0
SBIN,2014-03,18351.0,1.2927669345579793,High Quality,0.41838127175212364,Asset Light,-125.5713699192555,CapEx Heavy,+,-,+,Mixed,False,19142.0,-791.0
SBIN,2015-03,22873.0,1.4747083894122925,High Quality,1.6463596411089847,Asset Light,-104.5431692490516,CapEx Heavy,+,-,-,Shareholder Returns,False,26297.0,-3424.0
SBIN,2016-03,11730.0,1.1119901682156847,High Quality,1.2450540037075142,Asset Light,-36.20482113645483,CapEx Heavy,+,-,+,Mixed,False,14477.0,-2747.0
SBIN,2017-03,72834.0,-798.0,Accrual Risk,1.9839702838396682,Asset Light,-113.21229831815214,CapEx Heavy,+,-,-,Reinvestor,False,77406.0,-4572.0
SBIN,2018-03,-83455.0,25.742331288343557,High Quality,5.700746822727868,Moderate,96.26053958037764,Efficient,-,+,+,Distress Signal,True,-96508.0,13053.0
SBIN,2019-03,29776.0,8.820053715308863,High Quality,0.08684599047852141,Asset Light,-43.37426619470058,CapEx Heavy,+,+,+,Cash Accumulator,False,29556.0,220.0
SBIN,2020-03,23374.0,1.1319299905392621,High Quality,0.2056682922490847,Asset Light,-36.41887786104922,CapEx Heavy,+,-,+,Mixed,False,23929.0,-555.0
SBIN,2021-03,86249.0,3.764191225720027,High Quality,1.3195980080182659,Asset Light,-121.96705083787032,CapEx Heavy,+,-,+,Mixed,False,89919.0,-3670.0
SBIN,2022-03,55043.0,1.5516499475566792,High Quality,0.9145679080466111,Asset Light,-86.58644014472236,CapEx Heavy,+,-,-,Shareholder Returns,False,57695.0,-2652.0
SBIN,2023-03,-86980.0,-1.4894199134199133,Accrual Risk,0.27533526201028946,Asset Light,200.23481203526785,Efficient,-,-,+,Growth Funded by Debt,True,-86014.0,-966.0
SBIN,2024-03,18156.0,0.31105934457817463,Accrual Risk,0.791458802474561,Asset Light,-30.110950793571817,CapEx Heavy,+,-,-,Reinvestor,False,21632.0,-3476.0
SHREECEM,2013-06,990.0,1.254980079681275,High Quality,4.983388704318937,Moderate,63.420884048686744,Efficient,+,-,-,Shareholder Returns,False,1260.0,-270.0
SHREECEM,2014-06,167.0,1.7801778907242694,High Quality,21.592300962379703,Capital Intensive,12.014388489208633,CapEx Heavy,+,-,-,Shareholder Returns,False,1401.0,-1234.0
SHREECEM,2015-06,249.0,2.908450704225352,High Quality,15.817223198594025,Capital Intensive,18.526785714285715,CapEx Heavy,+,-,-,Shareholder Returns,False,1239.0,-990.0
SHREECEM,2016-03,301.0,1.3700787401574803,High Quality,22.941603191875227,Capital Intensive,21.393034825870647,CapEx Heavy,+,-,-,Shareholder Returns,False,1566.0,-1265.0
SHREECEM,2017-03,154.0,1.6445108289768484,High Quality,23.830579474051664,Capital Intensive,6.128133704735376,CapEx Heavy,+,-,-,Shareholder Returns,False,2202.0,-2048.0
SHREECEM,2018-03,-1716.0,1.3576589595375723,High Quality,36.560561374961864,Capital Intensive,-69.38940558026688,CapEx Heavy,+,-,+,Mixed,False,1879.0,-3595.0
SHREECEM,2019-03,1360.0,2.0492610837438425,High Quality,5.734767025089606,Moderate,48.62352520557741,Moderate,+,-,-,Shareholder Returns,False,2080.0,-720.0
SHREECEM,2020-03,-1617.0,2.573186528497409,High Quality,43.44109418713087,Capital Intensive,-42.87987271280828,CapEx Heavy,+,-,+,Mixed,False,3973.0,-5590.0
SHREECEM,2021-03,1603.0,1.8202824133504494,High Quality,19.55014749262537,Capital Intensive,39.18357369836226,Moderate,+,-,-,Shareholder Returns,False,4254.0,-2651.0
SHREECEM,2022-03,525.0,2.102442868400315,High Quality,14.277148567621586,Capital Intensive,14.150943396226415,CapEx Heavy,+,-,-,Shareholder Returns,False,2668.0,-2143.0
SHREECEM,2023-03,164.0,1.084423807513719,High Quality,13.471879901411606,Capital Intensive,5.540540540540541,CapEx Heavy,+,-,-,Shareholder Returns,False,2569.0,-2405.0
SHREECEM,2024-03,1929.0,1.93133294864397,High Quality,6.9099946396374445,Moderate,42.69588313413015,Moderate,+,-,-,Shareholder Returns,False,3347.0,-1418.0
SHRIRAMFIN,2013-03,-8400.0,-5.713602187286398,Accrual Risk,0.5849621914681125,Asset Light,-385.497934832492,CapEx Heavy,-,-,+,Growth Funded by Debt,True,-8359.0,-41.0
SHRIRAMFIN,2014-03,-4167.0,-2.9860088365243005,Accrual Risk,1.321378008494573,Asset Light,-208.45422711355675,CapEx Heavy,-,-,+,Growth Funded by Debt,True,-4055.0,-112.0
SHRIRAMFIN,2015-03,-9656.0,-9.349221789883268,Accrual Risk,0.49035632559660014,Asset Light,-571.0230632761679,CapEx Heavy,-,-,+,Growth Funded by Debt,True,-9611.0,-45.0
SHRIRAMFIN,2016-03,-5543.0,-4.6511824324324325,Accrual Risk,0.3475238922675934,Asset Light,-303.89254385964915,CapEx Heavy,-,-,+,Growth Funded by Debt,True,-5507.0,-36.0
SHRIRAMFIN,2017-03,-2679.0,-2.1145339652448656,Accrual Risk,0.01834357516279923,Asset Light,-135.8519269776876,CapEx Heavy,-,-,+,Growth Funded by Debt,True,-2677.0,-2.0
SHRIRAMFIN,2018-03,-13056.0,-5.155747351902707,Accrual Risk,0.6369426751592357,Asset Light,-343.1274638633377,CapEx Heavy,-,+,+,Distress Signal,True,-13142.0,86.0
SHRIRAMFIN,2019-03,-5611.0,-2.1486801242236027,Accrual Risk,0.48918640576725025,Asset Light,-147.61904761904762,CapEx Heavy,-,-,+,Growth Funded by Debt,True,-5535.0,-76.0
SHRIRAMFIN,2020-03,-2519.0,-0.9808917197452229,Accrual Risk,0.3321055491818127,Asset Light,-70.65918653576438,CapEx Heavy,-,-,+,Growth Funded by Debt,True,-2464.0,-55.0
SHRIRAMFIN,2021-03,-4264.0,-1.6962785114045618,Accrual Risk,0.14349672827459534,Asset Light,-125.33803644914757,CapEx Heavy,-,-,+,Growth Funded by Debt,True,-4239.0,-25.0
SHRIRAMFIN,2022-03,-8893.0,-3.2557883131201764,Accrual Risk,0.1765775123344586,Asset Light,-242.58046917621385,CapEx Heavy,-,-,+,Growth Funded by Debt,True,-8859.0,-34.0
SHRIRAMFIN,2023-03,-12549.0,-2.9277408637873754,Accrual Risk,16.646989374262102,Capital Intensive,-142.618479372656,CapEx Heavy,-,+,+,Distress Signal,True,-17625.0,5076.0
SHRIRAMFIN,2024-03,-31359.0,-4.203405865657522,Accrual Risk,0.7090249532813014,Asset Light,-298.0043713769838,CapEx Heavy,-,-,+,Growth Funded by Debt,True,-31101.0,-258.0
SIEMENS,2011-09,267.0,0.0034562211981566822,Accrual Risk,2.208281053952321,Asset Light,22.801024765157983,CapEx Heavy,+,+,-,Liquidating Assets,False,3.0,264.0
SIEMENS,2014-09,738.0,1.0082918739635158,High Quality,1.2174564525191984,Asset Light,620.1680672268908,Efficient,+,+,-,Liquidating Assets,False,608.0,130.0
SIEMENS,2015-09,1220.0,0.4889267461669506,Accrual Risk,6.115686831392597,Moderate,122.2444889779559,Efficient,+,+,-,Liquidating Assets,False,574.0,646.0
SIEMENS,2016-09,750.0,0.17604667124227866,Accrual Risk,2.1869521085171173,Asset Light,73.45739471106758,Efficient,+,+,-,Liquidating Assets,False,513.0,237.0
SIEMENS,2017-09,1894.0,0.503957783641161,Moderate,11.938544961590601,Capital Intensive,179.3560606060606,Efficient,+,+,-,Liquidating Assets,False,573.0,1321.0
SIEMENS,2018-09,-74.0,0.11098779134295228,Accrual Risk,1.3599062133645956,Asset Light,-5.5764883195177095,CapEx Heavy,+,-,-,Reinvestor,False,100.0,-174.0
SIEMENS,2019-09,138.0,1.1583257506824385,High Quality,8.674717211861815,Capital Intensive,9.261744966442953,CapEx Heavy,+,-,-,Shareholder Returns,False,1273.0,-1135.0
SIEMENS,2020-09,1591.0,0.9362808842652796,Moderate,8.757289362557811,Capital Intensive,158.62412761714856,Efficient,+,+,-,Liquidating Assets,False,720.0,871.0
SIEMENS,2021-09,-967.0,1.3057851239669422,High Quality,18.101227458705864,Capital Intensive,-66.59779614325069,CapEx Heavy,+,-,-,Shareholder Returns,False,1422.0,-2389.0
SIEMENS,2022-09,944.0,0.6338302009073234,Moderate,0.21068286032965672,Asset Light,50.752688172043015,Moderate,+,-,-,Reinvestor,False,978.0,-34.0
SIEMENS,2023-09,641.0,0.7135575942915392,Moderate,3.8815587603559374,Moderate,25.7740249296341,CapEx Heavy,+,-,-,Reinvestor,False,1400.0,-759.0
SIEMENS,2024-09,1168.0,0.6144223693892568,Moderate,2.2571942446043165,Asset Light,37.628865979381445,Moderate,+,-,-,Reinvestor,False,1670.0,-502.0
SUNPHARMA,2013-03,982.0,0.9677140386278467,Moderate,21.336807115263678,Capital Intensive,20.52675585284281,CapEx Heavy,+,-,-,Reinvestor,False,3357.0,-2375.0
SUNPHARMA,2014-03,1783.0,1.0206238721319927,High Quality,13.532338308457712,Capital Intensive,25.46051692131944,CapEx Heavy,+,-,+,Mixed,False,3959.0,-2176.0
SUNPHARMA,2015-03,4114.0,1.0255661066471877,High Quality,5.483352803738318,Moderate,52.115530782873066,Moderate,+,-,-,Shareholder Returns,False,5616.0,-1502.0
SUNPHARMA,2016-03,2737.0,1.1816896429833863,High Quality,13.862463579878542,Capital Intensive,33.48421825299731,Moderate,+,-,-,Shareholder Returns,False,6686.0,-3949.0
SUNPHARMA,2017-03,2896.0,0.9026255416772878,Moderate,13.256064348597125,Capital Intensive,28.66759057612354,CapEx Heavy,+,-,-,Reinvestor,False,7082.0,-4186.0
SUNPHARMA,2018-03,803.0,1.536978756884343,High Quality,11.718071652384008,Capital Intensive,14.260344521399396,CapEx Heavy,+,-,-,Shareholder Returns,False,3907.0,-3104.0
SUNPHARMA,2019-03,1886.0,0.6845386533665836,Moderate,1.0665382233537466,Asset Light,29.575035283048457,CapEx Heavy,+,-,-,Reinvestor,False,2196.0,-310.0
SUNPHARMA,2020-03,4330.0,1.571188878235858,High Quality,6.775686704427796,Moderate,62.007733066017465,Efficient,+,-,-,Shareholder Returns,False,6555.0,-2225.0
SUNPHARMA,2021-03,6577.0,2.715669014084507,High Quality,1.2149979103230044,Asset Light,77.65053128689492,Efficient,+,+,-,Liquidating Assets,False,6170.0,407.0
SUNPHARMA,2022-03,3429.0,2.6512245500147538,High Quality,14.37367413463031,Capital Intensive,33.42756872684734,Moderate,+,-,-,Shareholder Returns,False,8985.0,-5556.0
SUNPHARMA,2023-03,-2261.0,0.5825208504639963,Moderate,16.451715809141866,Capital Intensive,-19.40772532188841,CapEx Heavy,+,-,+,Mixed,False,4959.0,-7220.0
SUNPHARMA,2024-03,11372.0,1.2627471383975026,High Quality,1.5732931933934058,Asset Light,87.35596865878014,Efficient,+,-,-,Shareholder Returns,False,12135.0,-763.0
TATACONSUM,2013-03,197.0,0.3887640449438202,Accrual Risk,0.32648619235478166,Asset Light,25.58441558441558,CapEx Heavy,+,+,+,Cash Accumulator,False,173.0,24.0
TATACONSUM,2014-03,421.0,0.8274509803921568,Moderate,0.012923235978288964,Asset Light,55.98404255319149,Moderate,+,-,-,Reinvestor,False,422.0,-1.0
TATACONSUM,2015-03,211.0,1.531135531135531,High Quality,2.5897660452896285,Asset Light,26.641414141414145,CapEx Heavy,+,-,-,Shareholder Returns,False,418.0,-207.0
TATACONSUM,2016-03,261.0,-3.135135135135135,Accrual Risk,2.184722012957662,Asset Light,71.31147540983606,Efficient,+,+,-,Liquidating Assets,False,116.0,145.0
TATACONSUM,2017-03,886.0,1.6285714285714286,High Quality,2.1386430678466075,Asset Light,112.01011378002528,Efficient,+,+,-,Liquidating Assets,False,741.0,145.0
TATACONSUM,2018-03,325.0,0.6402877697841727,Moderate,0.4548789435069699,Asset Light,38.73659117997616,Moderate,+,-,-,Reinvestor,False,356.0,-31.0
TATACONSUM,2019-03,263.0,0.45951859956236324,Accrual Risk,0.7308328736900165,Asset Light,33.460559796437664,Moderate,+,+,-,Liquidating Assets,False,210.0,53.0
TATACONSUM,2020-03,460.0,2.3521739130434782,High Quality,6.454290754384144,Moderate,35.60371517027864,Moderate,+,-,-,Shareholder Returns,False,1082.0,-622.0
TATACONSUM,2021-03,1310.0,1.7806451612903227,High Quality,2.9822444406136874,Asset Light,84.84455958549223,Efficient,+,-,-,Shareholder Returns,False,1656.0,-346.0
TATACONSUM,2022-03,199.0,1.4935960591133004,High Quality,10.599597585513077,Capital Intensive,11.57649796393252,CapEx Heavy,+,-,-,Shareholder Returns,False,1516.0,-1317.0
TATACONSUM,2023-03,627.0,1.106818181818182,High Quality,6.050932307915549,Moderate,33.7823275862069,Moderate,+,-,-,Shareholder Returns,False,1461.0,-834.0
TATACONSUM,2024-03,26.0,1.594238683127572,High Quality,12.567407602262264,Capital Intensive,1.138353765323993,CapEx Heavy,+,-,+,Mixed,False,1937.0,-1911.0
TATAMOTORS,2013-03,-806.0,2.2216319165998395,High Quality,12.166234976932408,Capital Intensive,-3.276955602536998,CapEx Heavy,+,-,-,Shareholder Returns,False,22163.0,-22969.0
TATAMOTORS,2014-03,8160.0,2.5730249110320287,High Quality,12.02186965821143,Capital Intensive,23.41261871287981,CapEx Heavy,+,-,-,Shareholder Returns,False,36151.0,-27991.0
TATAMOTORS,2015-03,-701.0,2.524763731969019,High Quality,13.76810217397087,Capital Intensive,-1.7864879329238768,CapEx Heavy,+,-,+,Mixed,False,35531.0,-36232.0
TATAMOTORS,2016-03,1206.0,3.2454187360849462,High Quality,13.438761234370766,Capital Intensive,3.1410339888006256,CapEx Heavy,+,-,-,Shareholder Returns,False,37900.0,-36694.0
TATAMOTORS,2017-03,-9372.0,3.9961624983459045,High Quality,14.67260922604591,Capital Intensive,-31.673932880462335,CapEx Heavy,+,-,+,Mixed,False,30199.0,-39571.0
TATAMOTORS,2018-03,-1282.0,2.6242437575624242,High Quality,8.622534728176985,Capital Intensive,-4.075274969801004,CapEx Heavy,+,-,+,Mixed,False,23857.0,-25139.0
TATAMOTORS,2019-03,-1987.0,-0.6576730260409414,Accrual Risk,6.914664600017222,Moderate,-8.056276354200454,CapEx Heavy,+,-,+,Mixed,False,18891.0,-20878.0
TATAMOTORS,2020-03,-6482.0,-2.2240501043841334,Accrual Risk,12.684434706666462,Capital Intensive,-36.03713793295157,CapEx Heavy,+,-,+,Mixed,False,26633.0,-33115.0
TATAMOTORS,2021-03,3329.0,-2.1650615901455765,Accrual Risk,10.277227326407655,Capital Intensive,10.310651345742869,CapEx Heavy,+,-,+,Mixed,False,29001.0,-25672.0
TATAMOTORS,2022-03,9839.0,-1.262976390485454,Accrual Risk,1.5959548076163388,Asset Light,39.801779935275086,Moderate,+,-,-,Reinvestor,False,14283.0,-4444.0
TATAMOTORS,2023-03,19971.0,13.155390334572491,High Quality,4.45620536062688,Moderate,62.77030424943425,Efficient,+,-,-,Shareholder Returns,False,35388.0,-15417.0
TATAMOTORS,2024-03,45133.0,2.135221806520577,High Quality,5.2022250232915,Moderate,75.80536800026874,Efficient,+,-,-,Shareholder Returns,False,67915.0,-22782.0
TATAPOWER,2013-03,-740.0,26.715447154471544,High Quality,12.134912740754137,Capital Intensive,-13.226094727435209,CapEx Heavy,+,-,-,Shareholder Returns,False,3286.0,-4026.0
TATAPOWER,2014-03,2874.0,540.25,High Quality,10.101886581201367,Capital Intensive,41.555812608444185,Moderate,+,-,-,Shareholder Returns,False,6483.0,-3609.0
TATAPOWER,2015-03,2116.0,13.087527352297593,High Quality,11.50537314321436,Capital Intensive,33.58197111569592,Moderate,+,-,-,Shareholder Returns,False,5981.0,-3865.0
TATAPOWER,2016-03,5610.0,9.43384223918575,High Quality,6.11988879094053,Moderate,266.5083135391924,Efficient,+,-,-,Shareholder Returns,False,7415.0,-1805.0
TATAPOWER,2017-03,-359.0,6.376363636363636,High Quality,26.72538784978976,Capital Intensive,-6.559473780376393,CapEx Heavy,+,-,+,Mixed,False,7014.0,-7373.0
TATAPOWER,2018-03,4852.0,2.4373803140559174,High Quality,5.6333830104321905,Moderate,211.41612200435728,Efficient,+,-,-,Shareholder Returns,False,6364.0,-1512.0
TATAPOWER,2019-03,4302.0,1.7551803530314658,High Quality,0.9102774338208226,Asset Light,140.13029315960912,Efficient,+,-,-,Shareholder Returns,False,4574.0,-272.0
TATAPOWER,2020-03,6882.0,5.604103343465046,High Quality,1.692064799560681,Asset Light,101.13152094048495,Efficient,+,-,-,Shareholder Returns,False,7375.0,-493.0
TATAPOWER,2021-03,9338.0,5.799166087560806,High Quality,3.0364186771855795,Moderate,134.92269903193178,Efficient,+,+,-,Liquidating Assets,False,8345.0,993.0
TATAPOWER,2022-03,443.0,3.104359925788497,High Quality,14.59734678624813,Capital Intensive,6.300668468212203,CapEx Heavy,+,-,-,Shareholder Returns,False,6693.0,-6250.0
TATAPOWER,2023-03,-97.0,1.8808398950131233,High Quality,13.179335498738862,Capital Intensive,-1.255175983436853,CapEx Heavy,+,-,+,Mixed,False,7166.0,-7263.0
TATAPOWER,2024-03,3569.0,2.9429906542056075,High Quality,14.69023092320461,Capital Intensive,33.24639031206335,Moderate,+,-,-,Shareholder Returns,False,12596.0,-9027.0
TATASTEEL,2013-03,936.0,-1.930005500550055,Accrual Risk,9.723706870954333,Capital Intensive,23.60655737704918,CapEx Heavy,+,-,-,Reinvestor,False,14035.0,-13099.0
TATASTEEL,2014-03,-2232.0,3.5869031377899043,High Quality,10.34761193427268,Capital Intensive,-13.791398912506178,CapEx Heavy,+,-,+,Mixed,False,13146.0,-15378.0
TATASTEEL,2015-03,2859.0,-3.015993907083016,Accrual Risk,6.466481247849525,Moderate,83.86623643297155,Efficient,+,-,-,Reinvestor,False,11880.0,-9021.0
TATASTEEL,2016-03,2661.0,-23.048289738430583,Accrual Risk,8.624528024322071,Capital Intensive,-425.76,CapEx Heavy,+,-,-,Reinvestor,False,11455.0,-8794.0
TATASTEEL,2017-03,1334.0,-2.5963060686015833,Accrual Risk,8.45065405747157,Capital Intensive,10.149117468046256,CapEx Heavy,+,-,-,Reinvestor,False,10824.0,-9490.0
TATASTEEL,2018-03,-3707.0,0.4521783238460238,Accrual Risk,9.517318598933866,Capital Intensive,-17.29575887649886,CapEx Heavy,+,-,+,Mixed,False,8023.0,-11730.0
TATASTEEL,2019-03,-3840.0,2.777461083095812,High Quality,18.504588727016724,Capital Intensive,-13.097755644996248,CapEx Heavy,+,-,-,Shareholder Returns,False,25336.0,-29176.0
TATASTEEL,2020-03,6157.0,17.179727427597957,High Quality,10.021671184476851,Capital Intensive,35.25740136288152,Moderate,+,-,-,Shareholder Returns,False,20169.0,-14012.0
TATASTEEL,2021-03,34890.0,5.412332112332113,High Quality,6.037979704915096,Moderate,114.37844217151849,Efficient,+,-,-,Shareholder Returns,False,44327.0,-9437.0
TATASTEEL,2022-03,33476.0,1.063043426189849,High Quality,4.470013403891637,Moderate,52.72641360844228,Moderate,+,-,-,Shareholder Returns,False,44381.0,-10905.0
TATASTEEL,2023-03,3504.0,2.6852012383900927,High Quality,7.470218160450045,Moderate,10.84829721362229,CapEx Heavy,+,-,-,Shareholder Returns,False,21683.0,-18179.0
TATASTEEL,2024-03,6048.0,-4.134623217922607,Accrual Risk,6.219373306395661,Moderate,27.184466019417474,CapEx Heavy,+,-,-,Reinvestor,False,20301.0,-14253.0
TCS,2013-03,5577.0,0.8251633986928104,Moderate,9.585800695359508,Capital Intensive,30.914634146341463,Moderate,+,-,-,Reinvestor,False,11615.0,-6038.0
TCS,2014-03,5299.0,0.7630353817504656,Moderate,11.553741030937918,Capital Intensive,21.06706953444917,CapEx Heavy,+,-,-,Reinvestor,False,14751.0,-9452.0
TCS,2015-03,17562.0,0.9655533399800598,Moderate,1.9091792747865777,Asset Light,71.73433543011191,Efficient,+,-,-,Reinvestor,False,19369.0,-1807.0
TCS,2016-03,14099.0,0.785150792998603,Moderate,4.6113064447839776,Moderate,45.95951364214232,Moderate,+,-,-,Reinvestor,False,19109.0,-5010.0
TCS,2017-03,8328.0,0.9569753765603065,Moderate,14.321923266025804,Capital Intensive,25.77450403887221,CapEx Heavy,+,-,-,Reinvestor,False,25223.0,-16895.0
TCS,2018-03,28171.0,0.9685857805255024,Moderate,2.5214452820379516,Asset Light,86.63734776725305,Efficient,+,+,-,Liquidating Assets,False,25067.0,3104.0
TCS,2019-03,30238.0,0.9059311830682466,Moderate,1.1231505567959144,Asset Light,76.54027236369159,Efficient,+,+,-,Liquidating Assets,False,28593.0,1645.0
TCS,2020-03,41337.0,0.9975960797608407,Moderate,5.713958037324226,Moderate,98.1666627086846,Efficient,+,+,-,Liquidating Assets,False,32369.0,8968.0
TCS,2021-03,30846.0,1.191634420490142,High Quality,4.845989389500356,Moderate,66.26992652429854,Efficient,+,-,-,Shareholder Returns,False,38802.0,-7956.0
TCS,2022-03,39211.0,1.0390127181461157,High Quality,0.38486811226884443,Asset Light,73.90353770473264,Efficient,+,-,-,Shareholder Returns,False,39949.0,-738.0
TCS,2023-03,42513.0,0.9920100229298159,Moderate,0.24306079181044804,Asset Light,71.74100136688098,Efficient,+,+,-,Liquidating Assets,False,41965.0,548.0
TCS,2024-03,50429.0,0.9617996051975097,Moderate,2.528508507926756,Asset Light,78.43256190120692,Efficient,+,+,-,Liquidating Assets,False,44338.0,6091.0
TECHM,2013-03,233.0,0.6541698546289212,Moderate,9.049905427033318,Capital Intensive,16.38537271448664,CapEx Heavy,+,-,+,Mixed,False,855.0,-622.0
TECHM,2014-03,1887.0,0.5212279555845852,Moderate,1.5477076906712053,Asset Light,45.2301054650048,Moderate,+,+,-,Liquidating Assets,False,1596.0,291.0
TECHM,2015-03,583.0,0.9206468597216999,Moderate,8.24455152292118,Capital Intensive,13.904125924159313,CapEx Heavy,+,-,-,Reinvestor,False,2448.0,-1865.0
TECHM,2016-03,1684.0,1.0363396101750908,High Quality,5.484260587302785,Moderate,39.53051643192488,Moderate,+,-,-,Shareholder Returns,False,3137.0,-1453.0
TECHM,2017-03,1178.0,1.4279200280603297,High Quality,9.927593425071207,Capital Intensive,28.15487571701721,CapEx Heavy,+,-,-,Shareholder Returns,False,4071.0,-2893.0
TECHM,2018-03,235.0,0.9387216059165346,Moderate,10.785428784973842,Capital Intensive,4.989384288747346,CapEx Heavy,+,-,-,Reinvestor,False,3554.0,-3319.0
TECHM,2019-03,2328.0,1.0333411051527162,High Quality,6.056070462264694,Moderate,37.12326582682188,Moderate,+,-,-,Shareholder Returns,False,4432.0,-2104.0
TECHM,2020-03,5439.0,1.1182961252245316,High Quality,2.9320820223500053,Asset Light,98.83699800109031,Efficient,+,+,-,Liquidating Assets,False,4358.0,1081.0
TECHM,2021-03,2661.0,1.859407305306685,High Quality,14.352133139611675,Capital Intensive,39.15538552089464,Moderate,+,-,-,Shareholder Returns,False,8094.0,-5433.0
TECHM,2022-03,5765.0,0.9387211367673179,Moderate,1.075124311248488,Asset Light,71.88279301745636,Efficient,+,+,-,Liquidating Assets,False,5285.0,480.0
TECHM,2023-03,5346.0,1.1472102120650607,High Quality,0.4240945768436855,Asset Light,68.8651294602602,Efficient,+,-,-,Shareholder Returns,False,5572.0,-226.0
TECHM,2024-03,5058.0,2.6599916562369628,High Quality,2.5348103700284637,Asset Light,112.2503328894807,Efficient,+,-,-,Shareholder Returns,False,6376.0,-1318.0
TITAN,2013-03,411.0,0.7627586206896552,Moderate,1.402746221475847,Asset Light,40.532544378698226,Moderate,+,-,-,Reinvestor,False,553.0,-142.0
TITAN,2014-03,-826.0,-0.7551020408163265,Accrual Risk,2.4800951770842867,Asset Light,-78.89207258834766,CapEx Heavy,-,-,+,Growth Funded by Debt,True,-555.0,-271.0
TITAN,2015-03,385.0,0.616421568627451,Moderate,0.9905145639217662,Asset Light,33.39115351257589,Moderate,+,-,-,Reinvestor,False,503.0,-118.0
TITAN,2016-03,417.0,0.8533333333333334,Moderate,1.4100744945015964,Asset Light,44.40894568690096,Moderate,+,-,-,Reinvestor,False,576.0,-159.0
TITAN,2017-03,759.0,2.456241032998565,High Quality,7.186486690294849,Moderate,65.20618556701031,Efficient,+,-,-,Shareholder Returns,False,1712.0,-953.0
TITAN,2018-03,47.0,-0.04627949183303085,Accrual Risk,0.607940446650124,Asset Light,2.8588807785888077,CapEx Heavy,-,+,-,Unclassified,False,-51.0,98.0
TITAN,2019-03,446.0,0.8948884089272858,Moderate,4.029526265230801,Moderate,22.367101303911735,CapEx Heavy,+,-,-,Reinvestor,False,1243.0,-797.0
TITAN,2020-03,-113.0,-0.23308774279973207,Accrual Risk,1.116283488504655,Asset Light,-4.587900933820544,CapEx Heavy,-,+,-,Unclassified,False,-348.0,235.0
TITAN,2021-03,1340.0,4.249486652977413,High Quality,12.931990389946405,Capital Intensive,77.68115942028986,Efficient,+,-,-,Shareholder Returns,False,4139.0,-2799.0
TITAN,2022-03,441.0,-0.3293903548680619,Accrual Risk,4.04527934997743,Moderate,13.187799043062201,CapEx Heavy,-,+,-,Unclassified,False,-724.0,1165.0
TITAN,2023-03,-444.0,0.4184483811850947,Accrual Risk,4.470733210104744,Moderate,-9.094633346988939,CapEx Heavy,+,-,+,Mixed,False,1370.0,-1814.0
TITAN,2024-03,1506.0,0.4848398169336384,Accrual Risk,0.36997885835095135,Asset Light,28.458049886621318,CapEx Heavy,+,-,-,Reinvestor,False,1695.0,-189.0
TORNTPHARM,2013-03,-94.0,0.35172413793103446,Accrual Risk,7.7115204495785195,Moderate,-13.486370157819225,CapEx Heavy,+,-,+,Mixed,False,153.0,-247.0
TORNTPHARM,2014-03,181.0,0.9021084337349398,Moderate,10.019175455417066,Capital Intensive,18.952879581151834,CapEx Heavy,+,-,+,Mixed,False,599.0,-418.0
TORNTPHARM,2015-03,-1303.0,1.0785619174434087,High Quality,45.57808455565142,Capital Intensive,-127.74509803921568,CapEx Heavy,+,-,+,Mixed,False,810.0,-2113.0
TORNTPHARM,2016-03,1873.0,1.5822273514137335,High Quality,12.995364139374907,Capital Intensive,68.53274789608489,Efficient,+,-,-,Shareholder Returns,False,2742.0,-869.0
TORNTPHARM,2017-03,211.0,1.0802997858672376,High Quality,13.720770288858322,Capital Intensive,15.32316630355846,CapEx Heavy,+,-,-,Shareholder Returns,False,1009.0,-798.0
TORNTPHARM,2018-03,-3783.0,1.3185840707964602,High Quality,78.60504201680672,Capital Intensive,-280.4299481097109,CapEx Heavy,+,-,+,Mixed,False,894.0,-4677.0
TORNTPHARM,2019-03,1552.0,4.123853211009174,High Quality,3.2060471784178284,Moderate,78.26525466464952,Efficient,+,-,-,Shareholder Returns,False,1798.0,-246.0
TORNTPHARM,2020-03,1622.0,1.3590243902439025,High Quality,2.884494268799597,Asset Light,74.74654377880185,Efficient,+,+,-,Liquidating Assets,False,1393.0,229.0
TORNTPHARM,2021-03,1561.0,1.601437699680511,High Quality,5.546533416614616,Moderate,62.94354838709677,Efficient,+,-,-,Shareholder Returns,False,2005.0,-444.0
TORNTPHARM,2022-03,1607.0,2.3204633204633205,High Quality,2.30371415138693,Asset Light,66.10448375154257,Efficient,+,-,-,Shareholder Returns,False,1803.0,-196.0
TORNTPHARM,2023-03,33.0,1.902008032128514,High Quality,24.272349272349274,Capital Intensive,1.1611541168191415,CapEx Heavy,+,-,+,Mixed,False,2368.0,-2335.0
TORNTPHARM,2024-03,3106.0,1.9722222222222223,High Quality,1.4914243102162565,Asset Light,92.2209026128266,Efficient,+,-,-,Shareholder Returns,False,3266.0,-160.0
TRENT,2013-03,-245.0,-1.1481481481481481,Accrual Risk,12.94559099437148,Capital Intensive,-4900.0,CapEx Heavy,+,-,+,Mixed,False,31.0,-276.0
TRENT,2014-03,-94.0,2.4210526315789473,High Quality,2.0574367766823833,Asset Light,940.0,Efficient,-,-,-,Pre-Revenue,False,-46.0,-48.0
TRENT,2015-03,-316.0,-0.07751937984496124,Accrual Risk,13.39754816112084,Capital Intensive,-359.09090909090907,CapEx Heavy,-,-,+,Growth Funded by Debt,True,-10.0,-306.0
TRENT,2016-03,11.0,1.981818181818182,High Quality,5.812574139976276,Moderate,12.222222222222221,CapEx Heavy,+,-,-,Shareholder Returns,False,109.0,-98.0
TRENT,2017-03,58.0,1.2,High Quality,2.4282560706401766,Asset Light,43.28358208955223,Moderate,+,-,-,Shareholder Returns,False,102.0,-44.0
TRENT,2018-03,73.0,0.8850574712643678,Moderate,0.18544274455261936,Asset Light,35.09615384615385,Moderate,+,-,-,Reinvestor,False,77.0,-4.0
TRENT,2019-03,-16.0,0.22105263157894736,Accrual Risk,1.4068441064638784,Asset Light,-6.639004149377594,CapEx Heavy,+,-,+,Mixed,False,21.0,-37.0
TRENT,2020-03,-448.0,3.4056603773584904,High Quality,23.207114170969593,Capital Intensive,-84.68809073724007,CapEx Heavy,+,-,+,Mixed,False,361.0,-809.0
TRENT,2021-03,303.0,-1.574585635359116,Accrual Risk,0.6941766293868107,Asset Light,265.7894736842105,Efficient,+,+,-,Liquidating Assets,False,285.0,18.0
TRENT,2022-03,114.0,1.6571428571428573,High Quality,1.2449977767896843,Asset Light,19.15966386554622,CapEx Heavy,+,+,-,Liquidating Assets,False,58.0,56.0
TRENT,2023-03,492.0,1.5101522842639594,High Quality,1.2496966755641834,Asset Light,44.165170556552965,Moderate,+,-,-,Shareholder Returns,False,595.0,-103.0
TRENT,2024-03,841.0,0.913337846987136,Moderate,4.105050505050505,Moderate,42.668696093353624,Moderate,+,-,-,Reinvestor,False,1349.0,-508.0
TVSMOTOR,2013-03,344.0,2.3434343434343434,High Quality,1.5978695073235687,Asset Light,78.53881278538812,Efficient,+,-,-,Shareholder Returns,False,464.0,-120.0
TVSMOTOR,2014-03,235.0,2.513368983957219,High Quality,2.8029580152671754,Asset Light,47.764227642276424,Moderate,+,-,-,Shareholder Returns,False,470.0,-235.0
TVSMOTOR,2015-03,-332.0,0.2530487804878049,Accrual Risk,4.046411856474259,Moderate,-54.87603305785124,CapEx Heavy,+,-,+,Mixed,False,83.0,-415.0
TVSMOTOR,2016-03,331.0,2.1818181818181817,High Quality,5.317746330315549,Moderate,40.415140415140414,Moderate,+,-,-,Shareholder Returns,False,936.0,-605.0
TVSMOTOR,2017-03,-20.0,1.3536345776031433,High Quality,5.688838963331461,Moderate,-2.2962112514351323,CapEx Heavy,+,-,-,Shareholder Returns,False,689.0,-709.0
TVSMOTOR,2018-03,-741.0,0.5323308270676692,Moderate,6.7013463892288865,Moderate,-47.16740929344367,CapEx Heavy,+,-,+,Mixed,False,354.0,-1095.0
TVSMOTOR,2019-03,-2022.0,-1.2662068965517241,Accrual Risk,5.476190476190476,Moderate,-93.48127600554785,CapEx Heavy,-,-,+,Growth Funded by Debt,True,-918.0,-1104.0
TVSMOTOR,2020-03,-717.0,0.5765069551777434,Moderate,5.782800148548994,Moderate,-31.669611307420492,CapEx Heavy,+,-,+,Mixed,False,373.0,-1090.0
TVSMOTOR,2021-03,269.0,1.893092105263158,High Quality,4.541475722156429,Moderate,12.051971326164875,CapEx Heavy,+,-,+,Mixed,False,1151.0,-882.0
TVSMOTOR,2022-03,-3046.0,-2.1545827633378933,Accrual Risk,6.039827550810921,Moderate,-110.56261343012703,CapEx Heavy,-,-,+,Growth Funded by Debt,True,-1575.0,-1471.0
TVSMOTOR,2023-03,-5713.0,-3.3651642475171886,Accrual Risk,4.090823794332896,Moderate,-141.86739508318848,CapEx Heavy,-,-,+,Growth Funded by Debt,True,-4405.0,-1308.0
TVSMOTOR,2024-03,-2254.0,-0.7043282743114109,Accrual Risk,2.557159279601482,Asset Light,-40.98181818181818,CapEx Heavy,-,-,+,Growth Funded by Debt,True,-1253.0,-1001.0
