N100 FINANCIAL INTELLIGENCE PLATFORM - SPRINT 2 RATIO EDGE CASE LOG
Generated: 2026-08-20T21:47:44
================================================================================

[ZERO_SALES] Count: 1
Explanation: NPM/OPM cannot be calculated when sales is zero or missing.
  ADANIENSOL | 2014-03 | ratio result = NULL

[NON_POSITIVE_EQUITY] Count: 0
Explanation: ROE and D/E are NULL when equity capital + reserves <= 0.

[DEBT_FREE] Count: 34
Explanation: Interest Coverage is NULL when interest=0 and displayed/labeled as Debt Free.
  ABB | 2012-12 | interest=0.0 | label=Debt Free
  ABB | 2014-03 | interest=0.0 | label=Debt Free
  ABB | 2015-03 | interest=0.0 | label=Debt Free
  ADANIENSOL | 2014-03 | interest=0.0 | label=Debt Free
  BAJAJHLDNG | 2013-03 | interest=0.0 | label=Debt Free
  BAJAJHLDNG | 2014-03 | interest=0.0 | label=Debt Free
  BAJAJHLDNG | 2015-03 | interest=0.0 | label=Debt Free
  BAJAJHLDNG | 2016-03 | interest=0.0 | label=Debt Free
  BAJAJHLDNG | 2017-03 | interest=0.0 | label=Debt Free
  BAJAJHLDNG | 2018-03 | interest=0.0 | label=Debt Free
  BAJAJHLDNG | 2019-03 | interest=0.0 | label=Debt Free
  BOSCHLTD | 2013-12 | interest=0.0 | label=Debt Free
  CHOLAFIN | 2015-03 | interest=0.0 | label=Debt Free
  CHOLAFIN | 2018-03 | interest=0.0 | label=Debt Free
  CHOLAFIN | 2020-03 | interest=0.0 | label=Debt Free
  ICICIGI | 2016-03 | interest=0.0 | label=Debt Free
  ICICIPRULI | 2016-03 | interest=0.0 | label=Debt Free
  INFY | 2016-03 | interest=0.0 | label=Debt Free
  INFY | 2017-03 | interest=0.0 | label=Debt Free
  INFY | 2018-03 | interest=0.0 | label=Debt Free
  INFY | 2019-03 | interest=0.0 | label=Debt Free
  IRCTC | 2015-03 | interest=0.0 | label=Debt Free
  IRCTC | 2016-03 | interest=0.0 | label=Debt Free
  JIOFIN | 2023-03 | interest=0.0 | label=Debt Free
  JIOFIN | TTM | interest=0.0 | label=Debt Free
  LICI | 2019-03 | interest=0.0 | label=Debt Free
  LICI | 2020-03 | interest=0.0 | label=Debt Free
  LICI | 2021-03 | interest=0.0 | label=Debt Free
  LICI | 2022-03 | interest=0.0 | label=Debt Free
  LICI | TTM | interest=0.0 | label=Debt Free
  SBILIFE | 2020-03 | interest=0.0 | label=Debt Free
  SBILIFE | 2021-03 | interest=0.0 | label=Debt Free
  SBILIFE | 2022-03 | interest=0.0 | label=Debt Free
  SBILIFE | TTM | interest=0.0 | label=Debt Free

[ICR_WARNING] Count: 125
Explanation: Interest Coverage below 1.5x is flagged as a warning.
  ADANIENSOL | 2015-03 | ICR=1.4246575342465753
  ADANIGREEN | 2017-03 | ICR=1.4461077844311376
  ADANIGREEN | 2019-03 | ICR=1.4264049955396967
  ADANIGREEN | 2020-03 | ICR=1.3457286432160804
  ADANIGREEN | 2021-03 | ICR=1.3476702508960574
  ADANIPOWER | 2013-03 | ICR=0.6899588960657663
  ADANIPOWER | 2014-03 | ICR=1.1364728495915426
  ADANIPOWER | 2015-03 | ICR=1.2060032894736843
  ADANIPOWER | 2017-03 | ICR=0.3920704845814978
  ADANIPOWER | 2018-03 | ICR=1.111310592459605
  ADANIPOWER | 2019-03 | ICR=1.313593777620647
  ADANIPOWER | 2020-03 | ICR=1.139604891815616
  AXISBANK | 2013-03 | ICR=1.2697298122424057
  AXISBANK | 2014-03 | ICR=1.3034436191762322
  AXISBANK | 2015-03 | ICR=1.331261207411835
  AXISBANK | 2016-03 | ICR=1.4272756376053783
  BAJFINANCE | 2022-03 | ICR=-700.6470588235294
  BAJFINANCE | 2023-03 | ICR=-2546.4
  BHARTIARTL | 2020-03 | ICR=-0.08326186392224127
  BHEL | 2016-03 | ICR=0.375
  BHEL | 2020-03 | ICR=0.7455138662316476
  BHEL | 2021-03 | ICR=-5.687366167023555
  DLF | 2014-03 | ICR=1.4721883881445392
  DLF | 2019-03 | ICR=1.4219204655674103
  HDFCBANK | 2024-03 | ICR=1.4007688224792112
  HDFCBANK | TTM | ICR=1.4107329968428333
  HINDALCO | 2015-03 | ICR=-114.71754807692308
  HINDALCO | 2021-03 | ICR=-115.96960486322189
  ICICIBANK | 2013-03 | ICR=1.079467939972715
  ICICIBANK | 2014-03 | ICR=1.0911085258434436
  ICICIBANK | 2015-03 | ICR=1.0988596391694088
  ICICIBANK | 2016-03 | ICR=1.2400123509571992
  ICICIBANK | 2017-03 | ICR=1.2158107438331618
  ICICIBANK | 2018-03 | ICR=1.280370376890172
  ICICIBANK | 2019-03 | ICR=1.4109397387273495
  ICICIBANK | 2020-03 | ICR=1.3134411085450346
  ICICIBANK | 2021-03 | ICR=1.2644304043007177
  ICICIBANK | 2022-03 | ICR=1.3000370197492315
  ICICIBANK | 2023-03 | ICR=1.3492136626121145
  ICICIBANK | 2024-03 | ICR=1.3009461331381824
  ICICIBANK | TTM | ICR=1.2346170089474253
  ICICIGI | 2017-03 | ICR=-3306.5
  ICICIGI | 2019-03 | ICR=-4754.5
  ICICIGI | TTM | ICR=-1662.6666666666667
  INDUSINDBK | 2013-03 | ICR=1.4314013206162877
  INDUSINDBK | 2014-03 | ICR=1.3532522474881015
  INDUSINDBK | 2015-03 | ICR=1.2307692307692308
  INDUSINDBK | 2016-03 | ICR=1.2711555959963603
  INDUSINDBK | 2017-03 | ICR=1.3634619995204986
  INDUSINDBK | 2018-03 | ICR=1.3810526315789473
  IRFC | 2013-03 | ICR=1.3570552147239263
  IRFC | 2014-03 | ICR=1.3412198827870632
  IRFC | 2015-03 | ICR=1.3834134615384615
  IRFC | 2016-03 | ICR=1.3533248776952347
  IRFC | 2017-03 | ICR=1.3096689895470384
  IRFC | 2018-03 | ICR=1.3904790599578187
  IRFC | 2019-03 | ICR=1.354637663448613
  IRFC | 2020-03 | ICR=1.3140804880448687
  IRFC | 2021-03 | ICR=1.3933434190620273
  IRFC | 2022-03 | ICR=1.433676731793961
  IRFC | 2023-03 | ICR=1.354330257350834
  IRFC | 2024-03 | ICR=1.3194865927068304
  IRFC | TTM | ICR=1.3235425011125945
  JINDALSTEL | 2015-03 | ICR=1.413913043478261
  JINDALSTEL | 2016-03 | ICR=1.031960663798402
  JINDALSTEL | 2017-03 | ICR=1.2632955536181343
  JSWSTEEL | 2016-03 | ICR=1.237434046098306
  KOTAKBANK | 2013-03 | ICR=1.288341158059468
  KOTAKBANK | 2014-03 | ICR=1.3330177962892844
  KOTAKBANK | 2015-03 | ICR=1.1890333660451422
  KOTAKBANK | 2017-03 | ICR=1.2704974271012006
  KOTAKBANK | 2018-03 | ICR=1.2270866832334455
  KOTAKBANK | 2019-03 | ICR=1.2225043349021552
  KOTAKBANK | 2020-03 | ICR=1.335721051385271
  KOTAKBANK | 2021-03 | ICR=1.262591148041377
  KOTAKBANK | 2022-03 | ICR=1.2298624754420433
  KOTAKBANK | 2023-03 | ICR=1.2877919279750683
  KOTAKBANK | 2024-03 | ICR=1.2363751084470385
  KOTAKBANK | TTM | ICR=1.1673821713078814
  LODHA | 2021-03 | ICR=1.0941901408450705
  NAUKRI | 2020-03 | ICR=-4.571428571428571
  PFC | 2013-03 | ICR=0.5456116416552979
  PFC | 2014-03 | ICR=0.5845399525013407
  PFC | 2015-03 | ICR=0.546972049689441
  PFC | 2016-03 | ICR=0.5515398931380201
  PFC | 2017-03 | ICR=0.3163764312977099
  PFC | 2018-03 | ICR=0.38938228399749086
  PFC | 2019-03 | ICR=0.5162734282496317
  PFC | 2020-03 | ICR=0.3456236993512058
  PFC | 2021-03 | ICR=0.4457300152179751
  PFC | 2022-03 | ICR=0.523764790087007
  PFC | 2023-03 | ICR=0.564646829870047
  PFC | 2024-03 | ICR=0.5804147544943239
  PFC | TTM | ICR=0.5832533940330055
  RECLTD | 2018-03 | ICR=1.4473111827795695
  RECLTD | 2020-03 | ICR=1.3708072244747511
  SBIN | 2013-03 | ICR=0.25707277799621786
  SBIN | 2014-03 | ICR=0.19153927839379645
  SBIN | 2015-03 | ICR=0.20600845478641527
  SBIN | 2016-03 | ICR=0.1428132012555314
  SBIN | 2017-03 | ICR=0.02587935486034269
  SBIN | 2018-03 | ICR=-0.062345245322401315
  SBIN | 2019-03 | ICR=0.05591946980438451
  SBIN | 2020-03 | ICR=0.2108810605496388
  SBIN | 2021-03 | ICR=0.234004230498045
  SBIN | 2022-03 | ICR=0.34207459953647384
  SBIN | 2023-03 | ICR=0.41633110679489
  SBIN | 2024-03 | ICR=0.3660986540179259
  SBIN | TTM | ICR=0.34499887346157093
  SHRIRAMFIN | 2013-03 | ICR=0.7069857697283312
  SHRIRAMFIN | 2014-03 | ICR=0.47318686510748875
  SHRIRAMFIN | 2015-03 | ICR=0.3597535061623459
  SHRIRAMFIN | 2016-03 | ICR=0.3590801886792453
  SHRIRAMFIN | 2017-03 | ICR=0.37804177045410997
  SHRIRAMFIN | 2018-03 | ICR=0.6135122484006865
  SHRIRAMFIN | 2019-03 | ICR=0.5051560021152829
  SHRIRAMFIN | 2020-03 | ICR=0.4305304944063515
  SHRIRAMFIN | 2021-03 | ICR=0.37583892617449666
  SHRIRAMFIN | 2022-03 | ICR=0.3769569221324056
  SHRIRAMFIN | 2023-03 | ICR=0.6787556787556788
  SHRIRAMFIN | 2024-03 | ICR=0.6766743648960739
  SHRIRAMFIN | TTM | ICR=0.767479674796748
  TATAMOTORS | 2019-03 | ICR=-0.35110262198298314
  TATASTEEL | 2013-03 | ICR=1.3634072580645162
  TRENT | 2021-03 | ICR=1.1992337164750957

[HIGH_LEVERAGE_NON_FINANCIAL] Count: 18
Explanation: D/E > 5 is flagged only for non-financial companies; banks/NBFCs are excluded.
  ADANIENSOL | 2015-03 | D/E=8.95752539242844
  ADANIGREEN | 2018-03 | D/E=7.355704697986577
  ADANIGREEN | 2019-03 | D/E=5.764097258147957
  ADANIGREEN | 2020-03 | D/E=6.307170131523122
  ADANIGREEN | 2021-03 | D/E=11.004090909090909
  ADANIGREEN | 2022-03 | D/E=20.211170619739864
  ADANIGREEN | 2023-03 | D/E=7.423740416210296
  ADANIGREEN | 2024-03 | D/E=6.595281675818589
  ADANIPOWER | 2013-03 | D/E=9.735616119263918
  ADANIPOWER | 2014-03 | D/E=6.747669264863212
  ADANIPOWER | 2015-03 | D/E=7.815196506550218
  ADANIPOWER | 2016-03 | D/E=7.06065881092662
  ADANIPOWER | 2017-03 | D/E=17.494666666666667
  ADANIPOWER | 2018-03 | D/E=59.43194600674916
  ADANIPOWER | 2019-03 | D/E=6.091804979253112
  ADANIPOWER | 2020-03 | D/E=8.517049837987965
  LODHA | 2011-03 | D/E=7.521505376344086
  LODHA | 2019-03 | D/E=6.675605311116897

[OPM_MISMATCH] Count: 234
Explanation: Computed OPM differs from source opm_percentage by more than 1 percentage point.
  ADANIENSOL | 2024-03 | computed_OPM=34.38911302462817
  AXISBANK | 2013-03 | computed_OPM=30.58161350844278
  AXISBANK | 2014-03 | computed_OPM=31.474168597630626
  AXISBANK | 2015-03 | computed_OPM=31.36221426759492
  AXISBANK | 2016-03 | computed_OPM=32.611983995315704
  AXISBANK | 2017-03 | computed_OPM=53.450675766692115
  AXISBANK | 2018-03 | computed_OPM=63.11708169506335
  AXISBANK | 2019-03 | computed_OPM=49.385298075873855
  AXISBANK | 2020-03 | computed_OPM=55.984673106090845
  AXISBANK | 2021-03 | computed_OPM=50.119976004799035
  AXISBANK | 2022-03 | computed_OPM=44.4691808777476
  AXISBANK | 2023-03 | computed_OPM=34.15645108261707
  AXISBANK | 2024-03 | computed_OPM=34.69264599658038
  AXISBANK | TTM | computed_OPM=36.935495901673306
  BAJFINANCE | 2015-03 | computed_OPM=32.49258160237389
  BAJFINANCE | 2016-03 | computed_OPM=32.25099328675161
  BAJFINANCE | 2017-03 | computed_OPM=32.59779338014042
  BAJFINANCE | 2018-03 | computed_OPM=32.28463831790366
  BAJFINANCE | 2019-03 | computed_OPM=29.501812084167252
  BAJFINANCE | 2020-03 | computed_OPM=34.72738302874043
  BAJFINANCE | 2021-03 | computed_OPM=40.63659880778315
  BAJFINANCE | 2022-03 | computed_OPM=37.546221674409786
  BAJFINANCE | 2023-03 | computed_OPM=30.65127623095313
  BAJFINANCE | 2024-03 | computed_OPM=29.285818234737686
  BAJFINANCE | TTM | computed_OPM=30.416352221455067
  BANKBARODA | 2013-03 | computed_OPM=30.047747104988748
  BANKBARODA | 2014-03 | computed_OPM=29.777821713664338
  BANKBARODA | 2015-03 | computed_OPM=29.981075364577535
  BANKBARODA | 2016-03 | computed_OPM=55.440075110810284
  BANKBARODA | 2017-03 | computed_OPM=43.28468958694039
  BANKBARODA | 2018-03 | computed_OPM=56.654941809970474
  BANKBARODA | 2019-03 | computed_OPM=48.79408762711223
  BANKBARODA | 2020-03 | computed_OPM=51.439254705621394
  BANKBARODA | 2021-03 | computed_OPM=51.22857065963344
  BANKBARODA | 2022-03 | computed_OPM=51.12488928255093
  BANKBARODA | 2023-03 | computed_OPM=40.45480037670762
  BANKBARODA | 2024-03 | computed_OPM=37.4889127294537
  BANKBARODA | TTM | computed_OPM=37.423475963397344
  CANBK | 2013-03 | computed_OPM=21.182858820076316
  CANBK | 2014-03 | computed_OPM=24.351781652767247
  CANBK | 2015-03 | computed_OPM=23.513569032022456
  CANBK | 2016-03 | computed_OPM=40.38465905220373
  CANBK | 2017-03 | computed_OPM=37.84885544057698
  CANBK | 2018-03 | computed_OPM=61.874470915467406
  CANBK | 2019-03 | computed_OPM=56.72874392609122
  CANBK | 2020-03 | computed_OPM=53.87769046805603
  CANBK | 2021-03 | computed_OPM=61.82938806883692
  CANBK | 2022-03 | computed_OPM=58.39493584841533
  CANBK | 2023-03 | computed_OPM=49.80147872154625
  CANBK | 2024-03 | computed_OPM=41.753906568101414
  CANBK | TTM | computed_OPM=40.22547574376843
  CHOLAFIN | 2013-03 | computed_OPM=26.770428015564203
  CHOLAFIN | 2014-03 | computed_OPM=28.42329978652028
  CHOLAFIN | 2015-03 | computed_OPM=28.559892328398384
  CHOLAFIN | 2016-03 | computed_OPM=30.042714760322735
  CHOLAFIN | 2017-03 | computed_OPM=28.163613123135917
  CHOLAFIN | 2018-03 | computed_OPM=26.101816873538407
  CHOLAFIN | 2019-03 | computed_OPM=22.960045019696118
  CHOLAFIN | 2020-03 | computed_OPM=27.789256198347108
  CHOLAFIN | 2021-03 | computed_OPM=30.397579046227698
  CHOLAFIN | 2022-03 | computed_OPM=28.83326763894363
  CHOLAFIN | 2023-03 | computed_OPM=28.104625892579943
  CHOLAFIN | 2024-03 | computed_OPM=28.10102802275218
  CHOLAFIN | TTM | computed_OPM=28.673006843836102
  CIPLA | 2013-03 | computed_OPM=73.25763981157145
  CIPLA | 2014-03 | computed_OPM=78.89511451882434
  CIPLA | 2015-03 | computed_OPM=80.94314676068753
  CIPLA | 2016-03 | computed_OPM=82.01595358955765
  CIPLA | 2017-03 | computed_OPM=82.65944143393081
  CIPLA | 2018-03 | computed_OPM=81.3473211929269
  CIPLA | 2019-03 | computed_OPM=81.07199608849774
  CIPLA | 2020-03 | computed_OPM=81.28648143824422
  CIPLA | 2021-03 | computed_OPM=77.80271398747391
  CIPLA | 2022-03 | computed_OPM=79.08376602490466
  CIPLA | 2023-03 | computed_OPM=77.90621017008746
  CIPLA | 2024-03 | computed_OPM=75.59168153953597
  CIPLA | TTM | computed_OPM=74.40421037026054
  COALINDIA | 2013-03 | computed_OPM=73.51946473800565
  COALINDIA | 2014-03 | computed_OPM=74.83854520734195
  COALINDIA | 2015-03 | computed_OPM=76.60145709660011
  COALINDIA | 2016-03 | computed_OPM=75.96486045645446
  COALINDIA | 2017-03 | computed_OPM=84.0745100046057
  COALINDIA | 2018-03 | computed_OPM=89.10421847871991
  COALINDIA | 2019-03 | computed_OPM=74.88904062820076
  COALINDIA | 2020-03 | computed_OPM=77.53955037468776
  COALINDIA | 2021-03 | computed_OPM=79.3081998533757
  COALINDIA | 2022-03 | computed_OPM=77.46889668687052
  COALINDIA | 2023-03 | computed_OPM=68.00624945751237
  COALINDIA | 2024-03 | computed_OPM=66.29380849329698
  COALINDIA | TTM | computed_OPM=66.78424833247819
  HDFCBANK | 2013-03 | computed_OPM=35.22210758205293
  HDFCBANK | 2014-03 | computed_OPM=31.742450945834804
  HDFCBANK | 2015-03 | computed_OPM=31.903051355938892
  HDFCBANK | 2016-03 | computed_OPM=31.751686140400874
  HDFCBANK | 2017-03 | computed_OPM=32.558583887213224
  HDFCBANK | 2018-03 | computed_OPM=34.62620767282619
  HDFCBANK | 2019-03 | computed_OPM=33.145367579235646
  HDFCBANK | 2020-03 | computed_OPM=37.203839952859916
  HDFCBANK | 2021-03 | computed_OPM=40.80605513722074
  HDFCBANK | 2022-03 | computed_OPM=41.60560852165725
  HDFCBANK | 2023-03 | computed_OPM=36.91977933167012
  HDFCBANK | 2024-03 | computed_OPM=61.41252040373843
  HDFCBANK | TTM | computed_OPM=62.61253046908717
  HDFCLIFE | 2013-03 | computed_OPM=96.26600284495022
  HDFCLIFE | 2014-03 | computed_OPM=96.47559128509845
  HDFCLIFE | 2015-03 | computed_OPM=96.78853573397024
  HDFCLIFE | 2016-03 | computed_OPM=94.74119398048619
  HDFCLIFE | 2017-03 | computed_OPM=96.82513786014944
  HDFCLIFE | 2018-03 | computed_OPM=96.67079975201489
  HDFCLIFE | 2019-03 | computed_OPM=96.87298931926392
  HDFCLIFE | 2020-03 | computed_OPM=96.11640571817563
  HDFCLIFE | 2021-03 | computed_OPM=98.27480147634493
  HDFCLIFE | 2022-03 | computed_OPM=98.84098560915294
  HDFCLIFE | 2023-03 | computed_OPM=99.88605124845101
  HDFCLIFE | 2024-03 | computed_OPM=99.47675449833469
  HDFCLIFE | TTM | computed_OPM=99.28154646131861
  HEROMOTOCO | 2014-03 | computed_OPM=85.94263105835806
  HEROMOTOCO | 2015-03 | computed_OPM=87.21766286585809
  HEROMOTOCO | 2016-03 | computed_OPM=84.45373721755631
  HEROMOTOCO | 2017-03 | computed_OPM=83.9741349178609
  HEROMOTOCO | 2018-03 | computed_OPM=83.56645511122065
  HEROMOTOCO | 2019-03 | computed_OPM=85.2079715051073
  HEROMOTOCO | 2020-03 | computed_OPM=86.0873726669857
  HEROMOTOCO | 2021-03 | computed_OPM=86.89557156238897
  HEROMOTOCO | 2022-03 | computed_OPM=88.98176034651958
  HEROMOTOCO | 2023-03 | computed_OPM=88.00281046899701
  HEROMOTOCO | 2024-03 | computed_OPM=86.14676228532112
  HEROMOTOCO | TTM | computed_OPM=86.13147787919597
  HINDALCO | 2013-03 | computed_OPM=90.39941141994937
  HINDALCO | 2014-03 | computed_OPM=90.85010547921775
  HINDALCO | 2015-03 | computed_OPM=91.51906867022755
  HINDALCO | 2016-03 | computed_OPM=92.12426209256877
  HINDALCO | 2017-03 | computed_OPM=87.70562165615267
  HINDALCO | 2018-03 | computed_OPM=88.1102245991162
  HINDALCO | 2019-03 | computed_OPM=88.11800033705627
  HINDALCO | 2020-03 | computed_OPM=87.89104821235102
  HINDALCO | 2021-03 | computed_OPM=86.69853342221684
  HINDALCO | 2022-03 | computed_OPM=85.46747394378112
  HINDALCO | 2023-03 | computed_OPM=89.84507307282192
  HINDALCO | 2024-03 | computed_OPM=88.94620349876368
  HINDALCO | TTM | computed_OPM=87.53180547991678
  HINDUNILVR | 2013-03 | computed_OPM=84.37268552806991
  HINDUNILVR | 2014-03 | computed_OPM=83.72100978312923
  HINDUNILVR | 2015-03 | computed_OPM=83.07268860252721
  HINDUNILVR | 2016-03 | computed_OPM=81.63797924563475
  HINDUNILVR | 2017-03 | computed_OPM=80.91791809902901
  HINDUNILVR | 2018-03 | computed_OPM=78.90279926853285
  HINDUNILVR | 2019-03 | computed_OPM=77.41032816077335
  HINDUNILVR | 2020-03 | computed_OPM=75.21303069150139
  HINDUNILVR | 2021-03 | computed_OPM=75.27855745513311
  HINDUNILVR | 2022-03 | computed_OPM=75.48526103039318
  HINDUNILVR | 2023-03 | computed_OPM=76.64740838560581
  HINDUNILVR | 2024-03 | computed_OPM=76.31672482874498
  HINDUNILVR | TTM | computed_OPM=76.44627439715293
  ICICIBANK | 2013-03 | computed_OPM=70.58928372507519
  ICICIBANK | 2014-03 | computed_OPM=66.39584470179268
  ICICIBANK | 2015-03 | computed_OPM=70.52980132450331
  ICICIBANK | 2016-03 | computed_OPM=88.12358754680069
  ICICIBANK | 2017-03 | computed_OPM=104.76042008532984
  ICICIBANK | 2018-03 | computed_OPM=117.12300119043788
  ICICIBANK | 2019-03 | computed_OPM=116.38326248228724
  ICICIBANK | 2020-03 | computed_OPM=100.6188410580414
  ICICIBANK | 2021-03 | computed_OPM=102.40682794432668
  ICICIBANK | 2022-03 | computed_OPM=84.68770635278334
  ICICIBANK | 2023-03 | computed_OPM=72.57469004765956
  ICICIBANK | 2024-03 | computed_OPM=62.41380175029464
  ICICIBANK | TTM | computed_OPM=69.63240303293806
  ICICIGI | 2013-03 | computed_OPM=104.46161515453637
  ICICIGI | 2014-03 | computed_OPM=105.19301470588236
  ICICIGI | 2015-03 | computed_OPM=105.24326877657062
  ICICIGI | 2016-03 | computed_OPM=87.33631692358695
  ICICIGI | 2017-03 | computed_OPM=87.77925531914894
  ICICIGI | 2018-03 | computed_OPM=103.79050925925925
  ICICIGI | 2019-03 | computed_OPM=85.04882200125414
  ICICIGI | 2020-03 | computed_OPM=84.61404879742989
  ICICIGI | 2021-03 | computed_OPM=82.97015048104596
  ICICIGI | 2022-03 | computed_OPM=93.660302009235
  ICICIGI | 2023-03 | computed_OPM=92.92906690534795
  ICICIGI | 2024-03 | computed_OPM=87.42129155073948
  ICICIGI | TTM | computed_OPM=85.5671430410712
  ICICIPRULI | 2013-03 | computed_OPM=96.27965043695382
  ICICIPRULI | 2014-03 | computed_OPM=93.12865497076024
  ICICIPRULI | 2015-03 | computed_OPM=95.1963544538937
  ICICIPRULI | 2016-03 | computed_OPM=91.16984028010936
  ICICIPRULI | 2017-03 | computed_OPM=95.22424370636767
  ICICIPRULI | 2018-03 | computed_OPM=95.44190358467245
  ICICIPRULI | 2019-03 | computed_OPM=98.69522224634011
  ICICIPRULI | 2020-03 | computed_OPM=101.51724137931035
  ICICIPRULI | 2021-03 | computed_OPM=100.46885143420452
  ICICIPRULI | 2022-03 | computed_OPM=103.40444276634572
  ICICIPRULI | 2023-03 | computed_OPM=103.48072427592219
  ICICIPRULI | 2024-03 | computed_OPM=102.02531365231931
  ICICIPRULI | TTM | computed_OPM=99.5861908936214
  INDIGO | 2013-03 | computed_OPM=90.7095512332935
  INDIGO | 2014-03 | computed_OPM=96.10506431591257
  INDIGO | 2015-03 | computed_OPM=86.33393177737881
  INDIGO | 2016-03 | computed_OPM=80.39653035935564
  INDIGO | 2017-03 | computed_OPM=88.06243272335846
  INDIGO | 2018-03 | computed_OPM=86.8381043395161
  INDIGO | 2019-03 | computed_OPM=100.52988033828123
  INDIGO | 2020-03 | computed_OPM=88.62009173285603
  INDIGO | 2021-03 | computed_OPM=99.97950959633904
  INDIGO | 2022-03 | computed_OPM=97.84813543635032
  INDIGO | 2023-03 | computed_OPM=88.02483194357713
  INDIGO | 2024-03 | computed_OPM=76.29890862649484
  INDIGO | TTM | computed_OPM=79.1987028610283
  INDUSINDBK | 2013-03 | computed_OPM=27.881999140770443
  INDUSINDBK | 2014-03 | computed_OPM=30.95468863581294
  INDUSINDBK | 2015-03 | computed_OPM=32.32562938505985
  INDUSINDBK | 2016-03 | computed_OPM=35.27628032345013
  INDUSINDBK | 2017-03 | computed_OPM=39.455782312925166
  INDUSINDBK | 2018-03 | computed_OPM=37.931832648573575
  INDUSINDBK | 2019-03 | computed_OPM=41.70073222227214
  INDUSINDBK | 2020-03 | computed_OPM=43.81405690859187
  INDUSINDBK | 2021-03 | computed_OPM=55.16206896551724
  INDUSINDBK | 2022-03 | computed_OPM=51.39186295503212
  INDUSINDBK | 2023-03 | computed_OPM=42.68862736471624
  INDUSINDBK | 2024-03 | computed_OPM=38.55469091544986
  INDUSINDBK | TTM | computed_OPM=41.02522243082197
  JIOFIN | 2023-03 | computed_OPM=86.66666666666667
  KOTAKBANK | 2013-03 | computed_OPM=60.92452482007751
  KOTAKBANK | 2014-03 | computed_OPM=58.84365092608043
  KOTAKBANK | 2015-03 | computed_OPM=72.96343569337037
  KOTAKBANK | 2016-03 | computed_OPM=56.567983531026364
  KOTAKBANK | 2017-03 | computed_OPM=66.439706145852
  KOTAKBANK | 2018-03 | computed_OPM=66.86960327881899
  KOTAKBANK | 2019-03 | computed_OPM=66.2331132043847
  KOTAKBANK | 2020-03 | computed_OPM=67.44936368524826
  KOTAKBANK | 2021-03 | computed_OPM=90.83485679463742
  KOTAKBANK | 2022-03 | computed_OPM=90.98426246999199
  KOTAKBANK | 2023-03 | computed_OPM=79.44058266707789
  KOTAKBANK | 2024-03 | computed_OPM=83.66733645109092
  KOTAKBANK | TTM | computed_OPM=79.42172888077062
  SUNPHARMA | 2024-03 | computed_OPM=26.84289749881436

[REVENUE_CAGR_3YR_FLAG] Count: 369
Explanation: Non-normal CAGR cases are documented instead of forcing an invalid CAGR.
  ABB | 2012-12 | flag=INSUFFICIENT
  ABB | 2014-03 | flag=INSUFFICIENT
  ABB | 2016-03 | flag=INSUFFICIENT
  ABB | TTM | flag=INSUFFICIENT
  ADANIENSOL | 2014-03 | flag=INSUFFICIENT
  ADANIENSOL | 2015-03 | flag=INSUFFICIENT
  ADANIENSOL | 2016-03 | flag=INSUFFICIENT
  ADANIENSOL | 2017-03 | flag=ZERO_BASE
  ADANIENSOL | TTM | flag=INSUFFICIENT
  ADANIENT | 2013-03 | flag=INSUFFICIENT
  ADANIENT | 2014-03 | flag=INSUFFICIENT
  ADANIENT | 2015-03 | flag=INSUFFICIENT
  ADANIENT | TTM | flag=INSUFFICIENT
  ADANIGREEN | 2017-03 | flag=INSUFFICIENT
  ADANIGREEN | 2018-03 | flag=INSUFFICIENT
  ADANIGREEN | 2019-03 | flag=INSUFFICIENT
  ADANIGREEN | TTM | flag=INSUFFICIENT
  ADANIPORTS | 2013-03 | flag=INSUFFICIENT
  ADANIPORTS | 2014-03 | flag=INSUFFICIENT
  ADANIPORTS | 2015-03 | flag=INSUFFICIENT
  ADANIPORTS | TTM | flag=INSUFFICIENT
  ADANIPOWER | 2013-03 | flag=INSUFFICIENT
  ADANIPOWER | 2014-03 | flag=INSUFFICIENT
  ADANIPOWER | 2015-03 | flag=INSUFFICIENT
  ADANIPOWER | TTM | flag=INSUFFICIENT
  AMBUJACEM | 2012-12 | flag=INSUFFICIENT
  AMBUJACEM | 2013-12 | flag=INSUFFICIENT
  AMBUJACEM | 2014-12 | flag=INSUFFICIENT
  AMBUJACEM | TTM | flag=INSUFFICIENT
  APOLLOHOSP | 2013-03 | flag=INSUFFICIENT
  APOLLOHOSP | 2014-03 | flag=INSUFFICIENT
  APOLLOHOSP | 2015-03 | flag=INSUFFICIENT
  APOLLOHOSP | TTM | flag=INSUFFICIENT
  ASIANPAINT | 2013-03 | flag=INSUFFICIENT
  ASIANPAINT | 2014-03 | flag=INSUFFICIENT
  ASIANPAINT | 2015-03 | flag=INSUFFICIENT
  ASIANPAINT | TTM | flag=INSUFFICIENT
  ATGL | 2018-03 | flag=INSUFFICIENT
  ATGL | 2019-03 | flag=INSUFFICIENT
  ATGL | 2020-03 | flag=INSUFFICIENT
  ATGL | TTM | flag=INSUFFICIENT
  AXISBANK | 2013-03 | flag=INSUFFICIENT
  AXISBANK | 2014-03 | flag=INSUFFICIENT
  AXISBANK | 2015-03 | flag=INSUFFICIENT
  AXISBANK | TTM | flag=INSUFFICIENT
  BAJAJ-AUTO | 2013-03 | flag=INSUFFICIENT
  BAJAJ-AUTO | 2014-03 | flag=INSUFFICIENT
  BAJAJ-AUTO | 2015-03 | flag=INSUFFICIENT
  BAJAJ-AUTO | TTM | flag=INSUFFICIENT
  BAJAJFINSV | 2013-03 | flag=INSUFFICIENT
  BAJAJFINSV | 2014-03 | flag=INSUFFICIENT
  BAJAJFINSV | 2015-03 | flag=INSUFFICIENT
  BAJAJFINSV | TTM | flag=INSUFFICIENT
  BAJAJHLDNG | 2013-03 | flag=INSUFFICIENT
  BAJAJHLDNG | 2014-03 | flag=INSUFFICIENT
  BAJAJHLDNG | 2015-03 | flag=INSUFFICIENT
  BAJAJHLDNG | TTM | flag=INSUFFICIENT
  BAJFINANCE | 2015-03 | flag=INSUFFICIENT
  BAJFINANCE | 2016-03 | flag=INSUFFICIENT
  BAJFINANCE | 2017-03 | flag=INSUFFICIENT
  BAJFINANCE | TTM | flag=INSUFFICIENT
  BANKBARODA | 2013-03 | flag=INSUFFICIENT
  BANKBARODA | 2014-03 | flag=INSUFFICIENT
  BANKBARODA | 2015-03 | flag=INSUFFICIENT
  BANKBARODA | TTM | flag=INSUFFICIENT
  BEL | 2013-03 | flag=INSUFFICIENT
  BEL | 2014-03 | flag=INSUFFICIENT
  BEL | 2015-03 | flag=INSUFFICIENT
  BEL | TTM | flag=INSUFFICIENT
  BHARTIARTL | 2013-03 | flag=INSUFFICIENT
  BHARTIARTL | 2014-03 | flag=INSUFFICIENT
  BHARTIARTL | 2015-03 | flag=INSUFFICIENT
  BHARTIARTL | TTM | flag=INSUFFICIENT
  BHEL | 2013-03 | flag=INSUFFICIENT
  BHEL | 2014-03 | flag=INSUFFICIENT
  BHEL | 2015-03 | flag=INSUFFICIENT
  BHEL | TTM | flag=INSUFFICIENT
  BOSCHLTD | 2012-12 | flag=INSUFFICIENT
  BOSCHLTD | 2013-12 | flag=INSUFFICIENT
  BOSCHLTD | 2017-03 | flag=INSUFFICIENT
  BOSCHLTD | TTM | flag=INSUFFICIENT
  BPCL | 2013-03 | flag=INSUFFICIENT
  BPCL | 2014-03 | flag=INSUFFICIENT
  BPCL | 2015-03 | flag=INSUFFICIENT
  BPCL | TTM | flag=INSUFFICIENT
  BRITANNIA | 2013-03 | flag=INSUFFICIENT
  BRITANNIA | 2014-03 | flag=INSUFFICIENT
  BRITANNIA | 2015-03 | flag=INSUFFICIENT
  BRITANNIA | TTM | flag=INSUFFICIENT
  CANBK | 2013-03 | flag=INSUFFICIENT
  CANBK | 2014-03 | flag=INSUFFICIENT
  CANBK | 2015-03 | flag=INSUFFICIENT
  CANBK | TTM | flag=INSUFFICIENT
  CHOLAFIN | 2013-03 | flag=INSUFFICIENT
  CHOLAFIN | 2014-03 | flag=INSUFFICIENT
  CHOLAFIN | 2015-03 | flag=INSUFFICIENT
  CHOLAFIN | TTM | flag=INSUFFICIENT
  CIPLA | 2013-03 | flag=INSUFFICIENT
  CIPLA | 2014-03 | flag=INSUFFICIENT
  CIPLA | 2015-03 | flag=INSUFFICIENT
  CIPLA | TTM | flag=INSUFFICIENT
  COALINDIA | 2013-03 | flag=INSUFFICIENT
  COALINDIA | 2014-03 | flag=INSUFFICIENT
  COALINDIA | 2015-03 | flag=INSUFFICIENT
  COALINDIA | TTM | flag=INSUFFICIENT
  DABUR | 2013-03 | flag=INSUFFICIENT
  DABUR | 2014-03 | flag=INSUFFICIENT
  DABUR | 2015-03 | flag=INSUFFICIENT
  DABUR | TTM | flag=INSUFFICIENT
  DIVISLAB | 2013-03 | flag=INSUFFICIENT
  DIVISLAB | 2014-03 | flag=INSUFFICIENT
  DIVISLAB | 2015-03 | flag=INSUFFICIENT
  DIVISLAB | TTM | flag=INSUFFICIENT
  DLF | 2013-03 | flag=INSUFFICIENT
  DLF | 2014-03 | flag=INSUFFICIENT
  DLF | 2015-03 | flag=INSUFFICIENT
  DLF | TTM | flag=INSUFFICIENT
  DMART | 2013-03 | flag=INSUFFICIENT
  DMART | 2014-03 | flag=INSUFFICIENT
  DMART | 2015-03 | flag=INSUFFICIENT
  DMART | TTM | flag=INSUFFICIENT
  DRREDDY | 2013-03 | flag=INSUFFICIENT
  DRREDDY | 2014-03 | flag=INSUFFICIENT
  DRREDDY | 2015-03 | flag=INSUFFICIENT
  DRREDDY | TTM | flag=INSUFFICIENT
  EICHERMOT | 2012-12 | flag=INSUFFICIENT
  EICHERMOT | 2013-12 | flag=INSUFFICIENT
  EICHERMOT | 2014-12 | flag=INSUFFICIENT
  EICHERMOT | 2018-03 | flag=INSUFFICIENT
  EICHERMOT | TTM | flag=INSUFFICIENT
  GAIL | 2013-03 | flag=INSUFFICIENT
  GAIL | 2014-03 | flag=INSUFFICIENT
  GAIL | 2015-03 | flag=INSUFFICIENT
  GAIL | TTM | flag=INSUFFICIENT
  GODREJCP | 2013-03 | flag=INSUFFICIENT
  GODREJCP | 2014-03 | flag=INSUFFICIENT
  GODREJCP | 2015-03 | flag=INSUFFICIENT
  GODREJCP | TTM | flag=INSUFFICIENT
  GRASIM | 2013-03 | flag=INSUFFICIENT
  GRASIM | 2014-03 | flag=INSUFFICIENT
  GRASIM | 2015-03 | flag=INSUFFICIENT
  GRASIM | TTM | flag=INSUFFICIENT
  HAL | 2013-03 | flag=INSUFFICIENT
  HAL | 2014-03 | flag=INSUFFICIENT
  HAL | 2015-03 | flag=INSUFFICIENT
  HAL | TTM | flag=INSUFFICIENT
  HAVELLS | 2013-03 | flag=INSUFFICIENT
  HAVELLS | 2014-03 | flag=INSUFFICIENT
  HAVELLS | 2015-03 | flag=INSUFFICIENT
  HAVELLS | TTM | flag=INSUFFICIENT
  HCLTECH | 2013-06 | flag=INSUFFICIENT
  HCLTECH | 2014-06 | flag=INSUFFICIENT
  HCLTECH | 2015-06 | flag=INSUFFICIENT
  HCLTECH | TTM | flag=INSUFFICIENT
  HDFCBANK | 2013-03 | flag=INSUFFICIENT
  HDFCBANK | 2014-03 | flag=INSUFFICIENT
  HDFCBANK | 2015-03 | flag=INSUFFICIENT
  HDFCBANK | TTM | flag=INSUFFICIENT
  HDFCLIFE | 2013-03 | flag=INSUFFICIENT
  HDFCLIFE | 2014-03 | flag=INSUFFICIENT
  HDFCLIFE | 2015-03 | flag=INSUFFICIENT
  HDFCLIFE | TTM | flag=INSUFFICIENT
  HEROMOTOCO | 2014-03 | flag=INSUFFICIENT
  HEROMOTOCO | 2015-03 | flag=INSUFFICIENT
  HEROMOTOCO | 2016-03 | flag=INSUFFICIENT
  HEROMOTOCO | TTM | flag=INSUFFICIENT
  HINDALCO | 2013-03 | flag=INSUFFICIENT
  HINDALCO | 2014-03 | flag=INSUFFICIENT
  HINDALCO | 2015-03 | flag=INSUFFICIENT
  HINDALCO | TTM | flag=INSUFFICIENT
  HINDUNILVR | 2013-03 | flag=INSUFFICIENT
  HINDUNILVR | 2014-03 | flag=INSUFFICIENT
  HINDUNILVR | 2015-03 | flag=INSUFFICIENT
  HINDUNILVR | TTM | flag=INSUFFICIENT
  ICICIBANK | 2013-03 | flag=INSUFFICIENT
  ICICIBANK | 2014-03 | flag=INSUFFICIENT
  ICICIBANK | 2015-03 | flag=INSUFFICIENT
  ICICIBANK | TTM | flag=INSUFFICIENT
  ICICIGI | 2013-03 | flag=INSUFFICIENT
  ICICIGI | 2014-03 | flag=INSUFFICIENT
  ICICIGI | 2015-03 | flag=INSUFFICIENT
  ICICIGI | TTM | flag=INSUFFICIENT
  ICICIPRULI | 2013-03 | flag=INSUFFICIENT
  ICICIPRULI | 2014-03 | flag=INSUFFICIENT
  ICICIPRULI | 2015-03 | flag=INSUFFICIENT
  ICICIPRULI | TTM | flag=INSUFFICIENT
  INDIGO | 2013-03 | flag=INSUFFICIENT
  INDIGO | 2014-03 | flag=INSUFFICIENT
  INDIGO | 2015-03 | flag=INSUFFICIENT
  INDIGO | TTM | flag=INSUFFICIENT
  INDUSINDBK | 2013-03 | flag=INSUFFICIENT
  INDUSINDBK | 2014-03 | flag=INSUFFICIENT
  INDUSINDBK | 2015-03 | flag=INSUFFICIENT
  INDUSINDBK | TTM | flag=INSUFFICIENT
  INFY | 2013-03 | flag=INSUFFICIENT
  INFY | 2014-03 | flag=INSUFFICIENT
  INFY | 2015-03 | flag=INSUFFICIENT
  INFY | TTM | flag=INSUFFICIENT
  IOC | 2013-03 | flag=INSUFFICIENT
  IOC | 2014-03 | flag=INSUFFICIENT
  IOC | 2015-03 | flag=INSUFFICIENT
  IOC | TTM | flag=INSUFFICIENT
  IRCTC | 2015-03 | flag=INSUFFICIENT
  IRCTC | 2016-03 | flag=INSUFFICIENT
  IRCTC | 2017-03 | flag=INSUFFICIENT
  IRCTC | TTM | flag=INSUFFICIENT
  IRFC | 2013-03 | flag=INSUFFICIENT
  IRFC | 2014-03 | flag=INSUFFICIENT
  IRFC | 2015-03 | flag=INSUFFICIENT
  IRFC | TTM | flag=INSUFFICIENT
  ITC | 2013-03 | flag=INSUFFICIENT
  ITC | 2014-03 | flag=INSUFFICIENT
  ITC | 2015-03 | flag=INSUFFICIENT
  ITC | TTM | flag=INSUFFICIENT
  JINDALSTEL | 2013-03 | flag=INSUFFICIENT
  JINDALSTEL | 2014-03 | flag=INSUFFICIENT
  JINDALSTEL | 2015-03 | flag=INSUFFICIENT
  JINDALSTEL | TTM | flag=INSUFFICIENT
  JIOFIN | 2023-03 | flag=INSUFFICIENT
  JIOFIN | 2024-03 | flag=INSUFFICIENT
  JIOFIN | TTM | flag=INSUFFICIENT
  JSWENERGY | 2013-03 | flag=INSUFFICIENT
  JSWENERGY | 2014-03 | flag=INSUFFICIENT
  JSWENERGY | 2015-03 | flag=INSUFFICIENT
  JSWENERGY | TTM | flag=INSUFFICIENT
  JSWSTEEL | 2013-03 | flag=INSUFFICIENT
  JSWSTEEL | 2014-03 | flag=INSUFFICIENT
  JSWSTEEL | 2015-03 | flag=INSUFFICIENT
  JSWSTEEL | TTM | flag=INSUFFICIENT
  KOTAKBANK | 2013-03 | flag=INSUFFICIENT
  KOTAKBANK | 2014-03 | flag=INSUFFICIENT
  KOTAKBANK | 2015-03 | flag=INSUFFICIENT
  KOTAKBANK | TTM | flag=INSUFFICIENT
  LICI | 2019-03 | flag=INSUFFICIENT
  LICI | 2020-03 | flag=INSUFFICIENT
  LICI | 2021-03 | flag=INSUFFICIENT
  LICI | TTM | flag=INSUFFICIENT
  LODHA | 2011-03 | flag=INSUFFICIENT
  LODHA | 2012-03 | flag=INSUFFICIENT
  LODHA | 2016-03 | flag=INSUFFICIENT
  LODHA | 2017-03 | flag=INSUFFICIENT
  LODHA | TTM | flag=INSUFFICIENT
  LT | 2013-03 | flag=INSUFFICIENT
  LT | 2014-03 | flag=INSUFFICIENT
  LT | 2015-03 | flag=INSUFFICIENT
  LT | TTM | flag=INSUFFICIENT
  LTIM | 2013-03 | flag=INSUFFICIENT
  LTIM | 2014-03 | flag=INSUFFICIENT
  LTIM | 2015-03 | flag=INSUFFICIENT
  LTIM | TTM | flag=INSUFFICIENT
  M&M | 2013-03 | flag=INSUFFICIENT
  M&M | 2014-03 | flag=INSUFFICIENT
  M&M | 2015-03 | flag=INSUFFICIENT
  M&M | TTM | flag=INSUFFICIENT
  MARUTI | 2013-03 | flag=INSUFFICIENT
  MARUTI | 2014-03 | flag=INSUFFICIENT
  MARUTI | 2015-03 | flag=INSUFFICIENT
  MARUTI | TTM | flag=INSUFFICIENT
  MOTHERSON | 2013-03 | flag=INSUFFICIENT
  MOTHERSON | 2014-03 | flag=INSUFFICIENT
  MOTHERSON | 2015-03 | flag=INSUFFICIENT
  MOTHERSON | TTM | flag=INSUFFICIENT
  NAUKRI | 2013-03 | flag=INSUFFICIENT
  NAUKRI | 2014-03 | flag=INSUFFICIENT
  NAUKRI | 2015-03 | flag=INSUFFICIENT
  NAUKRI | TTM | flag=INSUFFICIENT
  NESTLEIND | 2013-12 | flag=INSUFFICIENT
  NESTLEIND | 2014-12 | flag=INSUFFICIENT
  NESTLEIND | 2015-12 | flag=INSUFFICIENT
  NESTLEIND | TTM | flag=INSUFFICIENT
  NHPC | 2013-03 | flag=INSUFFICIENT
  NHPC | 2014-03 | flag=INSUFFICIENT
  NHPC | 2015-03 | flag=INSUFFICIENT
  NHPC | TTM | flag=INSUFFICIENT
  NTPC | 2013-03 | flag=INSUFFICIENT
  NTPC | 2014-03 | flag=INSUFFICIENT
  NTPC | 2015-03 | flag=INSUFFICIENT
  NTPC | TTM | flag=INSUFFICIENT
  ONGC | 2013-03 | flag=INSUFFICIENT
  ONGC | 2014-03 | flag=INSUFFICIENT
  ONGC | 2015-03 | flag=INSUFFICIENT
  ONGC | TTM | flag=INSUFFICIENT
  PFC | 2013-03 | flag=INSUFFICIENT
  PFC | 2014-03 | flag=INSUFFICIENT
  PFC | 2015-03 | flag=INSUFFICIENT
  PFC | TTM | flag=INSUFFICIENT
  PIDILITIND | 2013-03 | flag=INSUFFICIENT
  PIDILITIND | 2014-03 | flag=INSUFFICIENT
  PIDILITIND | 2015-03 | flag=INSUFFICIENT
  PIDILITIND | TTM | flag=INSUFFICIENT
  PNB | 2013-03 | flag=INSUFFICIENT
  PNB | 2014-03 | flag=INSUFFICIENT
  PNB | 2015-03 | flag=INSUFFICIENT
  PNB | TTM | flag=INSUFFICIENT
  POWERGRID | 2013-03 | flag=INSUFFICIENT
  POWERGRID | 2014-03 | flag=INSUFFICIENT
  POWERGRID | 2015-03 | flag=INSUFFICIENT
  POWERGRID | TTM | flag=INSUFFICIENT
  RECLTD | 2013-03 | flag=INSUFFICIENT
  RECLTD | 2014-03 | flag=INSUFFICIENT
  RECLTD | 2015-03 | flag=INSUFFICIENT
  RECLTD | TTM | flag=INSUFFICIENT
  RELIANCE | 2013-03 | flag=INSUFFICIENT
  RELIANCE | 2014-03 | flag=INSUFFICIENT
  RELIANCE | 2015-03 | flag=INSUFFICIENT
  RELIANCE | TTM | flag=INSUFFICIENT
  SBILIFE | 2013-03 | flag=INSUFFICIENT
  SBILIFE | 2014-03 | flag=INSUFFICIENT
  SBILIFE | 2015-03 | flag=INSUFFICIENT
  SBILIFE | TTM | flag=INSUFFICIENT
  SBIN | 2013-03 | flag=INSUFFICIENT
  SBIN | 2014-03 | flag=INSUFFICIENT
  SBIN | 2015-03 | flag=INSUFFICIENT
  SBIN | TTM | flag=INSUFFICIENT
  SHREECEM | 2013-06 | flag=INSUFFICIENT
  SHREECEM | 2014-06 | flag=INSUFFICIENT
  SHREECEM | 2015-06 | flag=INSUFFICIENT
  SHREECEM | TTM | flag=INSUFFICIENT
  SHRIRAMFIN | 2013-03 | flag=INSUFFICIENT
  SHRIRAMFIN | 2014-03 | flag=INSUFFICIENT
  SHRIRAMFIN | 2015-03 | flag=INSUFFICIENT
  SHRIRAMFIN | TTM | flag=INSUFFICIENT
  SIEMENS | 2011-09 | flag=INSUFFICIENT
  SIEMENS | 2015-09 | flag=INSUFFICIENT
  SIEMENS | 2016-09 | flag=INSUFFICIENT
  SUNPHARMA | 2013-03 | flag=INSUFFICIENT
  SUNPHARMA | 2014-03 | flag=INSUFFICIENT
  SUNPHARMA | 2015-03 | flag=INSUFFICIENT
  SUNPHARMA | TTM | flag=INSUFFICIENT
  TATACONSUM | 2013-03 | flag=INSUFFICIENT
  TATACONSUM | 2014-03 | flag=INSUFFICIENT
  TATACONSUM | 2015-03 | flag=INSUFFICIENT
  TATACONSUM | TTM | flag=INSUFFICIENT
  TATAMOTORS | 2013-03 | flag=INSUFFICIENT
  TATAMOTORS | 2014-03 | flag=INSUFFICIENT
  TATAMOTORS | 2015-03 | flag=INSUFFICIENT
  TATAMOTORS | TTM | flag=INSUFFICIENT
  TATAPOWER | 2013-03 | flag=INSUFFICIENT
  TATAPOWER | 2014-03 | flag=INSUFFICIENT
  TATAPOWER | 2015-03 | flag=INSUFFICIENT
  TATAPOWER | TTM | flag=INSUFFICIENT
  TATASTEEL | 2013-03 | flag=INSUFFICIENT
  TATASTEEL | 2014-03 | flag=INSUFFICIENT
  TATASTEEL | 2015-03 | flag=INSUFFICIENT
  TATASTEEL | TTM | flag=INSUFFICIENT
  TCS | 2013-03 | flag=INSUFFICIENT
  TCS | 2014-03 | flag=INSUFFICIENT
  TCS | 2015-03 | flag=INSUFFICIENT
  TCS | TTM | flag=INSUFFICIENT
  TECHM | 2013-03 | flag=INSUFFICIENT
  TECHM | 2014-03 | flag=INSUFFICIENT
  TECHM | 2015-03 | flag=INSUFFICIENT
  TECHM | TTM | flag=INSUFFICIENT
  TITAN | 2013-03 | flag=INSUFFICIENT
  TITAN | 2014-03 | flag=INSUFFICIENT
  TITAN | 2015-03 | flag=INSUFFICIENT
  TITAN | TTM | flag=INSUFFICIENT
  TORNTPHARM | 2013-03 | flag=INSUFFICIENT
  TORNTPHARM | 2014-03 | flag=INSUFFICIENT
  TORNTPHARM | 2015-03 | flag=INSUFFICIENT
  TORNTPHARM | TTM | flag=INSUFFICIENT
  TRENT | 2013-03 | flag=INSUFFICIENT
  TRENT | 2014-03 | flag=INSUFFICIENT
  TRENT | 2015-03 | flag=INSUFFICIENT
  TRENT | TTM | flag=INSUFFICIENT
  TVSMOTOR | 2013-03 | flag=INSUFFICIENT
  TVSMOTOR | 2014-03 | flag=INSUFFICIENT
  TVSMOTOR | 2015-03 | flag=INSUFFICIENT
  TVSMOTOR | TTM | flag=INSUFFICIENT

[REVENUE_CAGR_5YR_FLAG] Count: 549
Explanation: Non-normal CAGR cases are documented instead of forcing an invalid CAGR.
  ABB | 2012-12 | flag=INSUFFICIENT
  ABB | 2014-03 | flag=INSUFFICIENT
  ABB | 2015-03 | flag=INSUFFICIENT
  ABB | 2016-03 | flag=INSUFFICIENT
  ABB | 2018-03 | flag=INSUFFICIENT
  ABB | TTM | flag=INSUFFICIENT
  ADANIENSOL | 2014-03 | flag=INSUFFICIENT
  ADANIENSOL | 2015-03 | flag=INSUFFICIENT
  ADANIENSOL | 2016-03 | flag=INSUFFICIENT
  ADANIENSOL | 2017-03 | flag=INSUFFICIENT
  ADANIENSOL | 2018-03 | flag=INSUFFICIENT
  ADANIENSOL | 2019-03 | flag=ZERO_BASE
  ADANIENSOL | TTM | flag=INSUFFICIENT
  ADANIENT | 2013-03 | flag=INSUFFICIENT
  ADANIENT | 2014-03 | flag=INSUFFICIENT
  ADANIENT | 2015-03 | flag=INSUFFICIENT
  ADANIENT | 2016-03 | flag=INSUFFICIENT
  ADANIENT | 2017-03 | flag=INSUFFICIENT
  ADANIENT | TTM | flag=INSUFFICIENT
  ADANIGREEN | 2017-03 | flag=INSUFFICIENT
  ADANIGREEN | 2018-03 | flag=INSUFFICIENT
  ADANIGREEN | 2019-03 | flag=INSUFFICIENT
  ADANIGREEN | 2020-03 | flag=INSUFFICIENT
  ADANIGREEN | 2021-03 | flag=INSUFFICIENT
  ADANIGREEN | TTM | flag=INSUFFICIENT
  ADANIPORTS | 2013-03 | flag=INSUFFICIENT
  ADANIPORTS | 2014-03 | flag=INSUFFICIENT
  ADANIPORTS | 2015-03 | flag=INSUFFICIENT
  ADANIPORTS | 2016-03 | flag=INSUFFICIENT
  ADANIPORTS | 2017-03 | flag=INSUFFICIENT
  ADANIPORTS | TTM | flag=INSUFFICIENT
  ADANIPOWER | 2013-03 | flag=INSUFFICIENT
  ADANIPOWER | 2014-03 | flag=INSUFFICIENT
  ADANIPOWER | 2015-03 | flag=INSUFFICIENT
  ADANIPOWER | 2016-03 | flag=INSUFFICIENT
  ADANIPOWER | 2017-03 | flag=INSUFFICIENT
  ADANIPOWER | TTM | flag=INSUFFICIENT
  AMBUJACEM | 2012-12 | flag=INSUFFICIENT
  AMBUJACEM | 2013-12 | flag=INSUFFICIENT
  AMBUJACEM | 2014-12 | flag=INSUFFICIENT
  AMBUJACEM | 2015-12 | flag=INSUFFICIENT
  AMBUJACEM | 2016-12 | flag=INSUFFICIENT
  AMBUJACEM | TTM | flag=INSUFFICIENT
  APOLLOHOSP | 2013-03 | flag=INSUFFICIENT
  APOLLOHOSP | 2014-03 | flag=INSUFFICIENT
  APOLLOHOSP | 2015-03 | flag=INSUFFICIENT
  APOLLOHOSP | 2016-03 | flag=INSUFFICIENT
  APOLLOHOSP | 2017-03 | flag=INSUFFICIENT
  APOLLOHOSP | TTM | flag=INSUFFICIENT
  ASIANPAINT | 2013-03 | flag=INSUFFICIENT
  ASIANPAINT | 2014-03 | flag=INSUFFICIENT
  ASIANPAINT | 2015-03 | flag=INSUFFICIENT
  ASIANPAINT | 2016-03 | flag=INSUFFICIENT
  ASIANPAINT | 2017-03 | flag=INSUFFICIENT
  ASIANPAINT | TTM | flag=INSUFFICIENT
  ATGL | 2018-03 | flag=INSUFFICIENT
  ATGL | 2019-03 | flag=INSUFFICIENT
  ATGL | 2020-03 | flag=INSUFFICIENT
  ATGL | 2021-03 | flag=INSUFFICIENT
  ATGL | 2022-03 | flag=INSUFFICIENT
  ATGL | TTM | flag=INSUFFICIENT
  AXISBANK | 2013-03 | flag=INSUFFICIENT
  AXISBANK | 2014-03 | flag=INSUFFICIENT
  AXISBANK | 2015-03 | flag=INSUFFICIENT
  AXISBANK | 2016-03 | flag=INSUFFICIENT
  AXISBANK | 2017-03 | flag=INSUFFICIENT
  AXISBANK | TTM | flag=INSUFFICIENT
  BAJAJ-AUTO | 2013-03 | flag=INSUFFICIENT
  BAJAJ-AUTO | 2014-03 | flag=INSUFFICIENT
  BAJAJ-AUTO | 2015-03 | flag=INSUFFICIENT
  BAJAJ-AUTO | 2016-03 | flag=INSUFFICIENT
  BAJAJ-AUTO | 2017-03 | flag=INSUFFICIENT
  BAJAJ-AUTO | TTM | flag=INSUFFICIENT
  BAJAJFINSV | 2013-03 | flag=INSUFFICIENT
  BAJAJFINSV | 2014-03 | flag=INSUFFICIENT
  BAJAJFINSV | 2015-03 | flag=INSUFFICIENT
  BAJAJFINSV | 2016-03 | flag=INSUFFICIENT
  BAJAJFINSV | 2017-03 | flag=INSUFFICIENT
  BAJAJFINSV | TTM | flag=INSUFFICIENT
  BAJAJHLDNG | 2013-03 | flag=INSUFFICIENT
  BAJAJHLDNG | 2014-03 | flag=INSUFFICIENT
  BAJAJHLDNG | 2015-03 | flag=INSUFFICIENT
  BAJAJHLDNG | 2016-03 | flag=INSUFFICIENT
  BAJAJHLDNG | 2017-03 | flag=INSUFFICIENT
  BAJAJHLDNG | TTM | flag=INSUFFICIENT
  BAJFINANCE | 2015-03 | flag=INSUFFICIENT
  BAJFINANCE | 2016-03 | flag=INSUFFICIENT
  BAJFINANCE | 2017-03 | flag=INSUFFICIENT
  BAJFINANCE | 2018-03 | flag=INSUFFICIENT
  BAJFINANCE | 2019-03 | flag=INSUFFICIENT
  BAJFINANCE | TTM | flag=INSUFFICIENT
  BANKBARODA | 2013-03 | flag=INSUFFICIENT
  BANKBARODA | 2014-03 | flag=INSUFFICIENT
  BANKBARODA | 2015-03 | flag=INSUFFICIENT
  BANKBARODA | 2016-03 | flag=INSUFFICIENT
  BANKBARODA | 2017-03 | flag=INSUFFICIENT
  BANKBARODA | TTM | flag=INSUFFICIENT
  BEL | 2013-03 | flag=INSUFFICIENT
  BEL | 2014-03 | flag=INSUFFICIENT
  BEL | 2015-03 | flag=INSUFFICIENT
  BEL | 2016-03 | flag=INSUFFICIENT
  BEL | 2017-03 | flag=INSUFFICIENT
  BEL | TTM | flag=INSUFFICIENT
  BHARTIARTL | 2013-03 | flag=INSUFFICIENT
  BHARTIARTL | 2014-03 | flag=INSUFFICIENT
  BHARTIARTL | 2015-03 | flag=INSUFFICIENT
  BHARTIARTL | 2016-03 | flag=INSUFFICIENT
  BHARTIARTL | 2017-03 | flag=INSUFFICIENT
  BHARTIARTL | TTM | flag=INSUFFICIENT
  BHEL | 2013-03 | flag=INSUFFICIENT
  BHEL | 2014-03 | flag=INSUFFICIENT
  BHEL | 2015-03 | flag=INSUFFICIENT
  BHEL | 2016-03 | flag=INSUFFICIENT
  BHEL | 2017-03 | flag=INSUFFICIENT
  BHEL | TTM | flag=INSUFFICIENT
  BOSCHLTD | 2012-12 | flag=INSUFFICIENT
  BOSCHLTD | 2013-12 | flag=INSUFFICIENT
  BOSCHLTD | 2015-03 | flag=INSUFFICIENT
  BOSCHLTD | 2016-03 | flag=INSUFFICIENT
  BOSCHLTD | 2019-03 | flag=INSUFFICIENT
  BOSCHLTD | TTM | flag=INSUFFICIENT
  BPCL | 2013-03 | flag=INSUFFICIENT
  BPCL | 2014-03 | flag=INSUFFICIENT
  BPCL | 2015-03 | flag=INSUFFICIENT
  BPCL | 2016-03 | flag=INSUFFICIENT
  BPCL | 2017-03 | flag=INSUFFICIENT
  BPCL | TTM | flag=INSUFFICIENT
  BRITANNIA | 2013-03 | flag=INSUFFICIENT
  BRITANNIA | 2014-03 | flag=INSUFFICIENT
  BRITANNIA | 2015-03 | flag=INSUFFICIENT
  BRITANNIA | 2016-03 | flag=INSUFFICIENT
  BRITANNIA | 2017-03 | flag=INSUFFICIENT
  BRITANNIA | TTM | flag=INSUFFICIENT
  CANBK | 2013-03 | flag=INSUFFICIENT
  CANBK | 2014-03 | flag=INSUFFICIENT
  CANBK | 2015-03 | flag=INSUFFICIENT
  CANBK | 2016-03 | flag=INSUFFICIENT
  CANBK | 2017-03 | flag=INSUFFICIENT
  CANBK | TTM | flag=INSUFFICIENT
  CHOLAFIN | 2013-03 | flag=INSUFFICIENT
  CHOLAFIN | 2014-03 | flag=INSUFFICIENT
  CHOLAFIN | 2015-03 | flag=INSUFFICIENT
  CHOLAFIN | 2016-03 | flag=INSUFFICIENT
  CHOLAFIN | 2017-03 | flag=INSUFFICIENT
  CHOLAFIN | TTM | flag=INSUFFICIENT
  CIPLA | 2013-03 | flag=INSUFFICIENT
  CIPLA | 2014-03 | flag=INSUFFICIENT
  CIPLA | 2015-03 | flag=INSUFFICIENT
  CIPLA | 2016-03 | flag=INSUFFICIENT
  CIPLA | 2017-03 | flag=INSUFFICIENT
  CIPLA | TTM | flag=INSUFFICIENT
  COALINDIA | 2013-03 | flag=INSUFFICIENT
  COALINDIA | 2014-03 | flag=INSUFFICIENT
  COALINDIA | 2015-03 | flag=INSUFFICIENT
  COALINDIA | 2016-03 | flag=INSUFFICIENT
  COALINDIA | 2017-03 | flag=INSUFFICIENT
  COALINDIA | TTM | flag=INSUFFICIENT
  DABUR | 2013-03 | flag=INSUFFICIENT
  DABUR | 2014-03 | flag=INSUFFICIENT
  DABUR | 2015-03 | flag=INSUFFICIENT
  DABUR | 2016-03 | flag=INSUFFICIENT
  DABUR | 2017-03 | flag=INSUFFICIENT
  DABUR | TTM | flag=INSUFFICIENT
  DIVISLAB | 2013-03 | flag=INSUFFICIENT
  DIVISLAB | 2014-03 | flag=INSUFFICIENT
  DIVISLAB | 2015-03 | flag=INSUFFICIENT
  DIVISLAB | 2016-03 | flag=INSUFFICIENT
  DIVISLAB | 2017-03 | flag=INSUFFICIENT
  DIVISLAB | TTM | flag=INSUFFICIENT
  DLF | 2013-03 | flag=INSUFFICIENT
  DLF | 2014-03 | flag=INSUFFICIENT
  DLF | 2015-03 | flag=INSUFFICIENT
  DLF | 2016-03 | flag=INSUFFICIENT
  DLF | 2017-03 | flag=INSUFFICIENT
  DLF | TTM | flag=INSUFFICIENT
  DMART | 2013-03 | flag=INSUFFICIENT
  DMART | 2014-03 | flag=INSUFFICIENT
  DMART | 2015-03 | flag=INSUFFICIENT
  DMART | 2016-03 | flag=INSUFFICIENT
  DMART | 2017-03 | flag=INSUFFICIENT
  DMART | TTM | flag=INSUFFICIENT
  DRREDDY | 2013-03 | flag=INSUFFICIENT
  DRREDDY | 2014-03 | flag=INSUFFICIENT
  DRREDDY | 2015-03 | flag=INSUFFICIENT
  DRREDDY | 2016-03 | flag=INSUFFICIENT
  DRREDDY | 2017-03 | flag=INSUFFICIENT
  DRREDDY | TTM | flag=INSUFFICIENT
  EICHERMOT | 2012-12 | flag=INSUFFICIENT
  EICHERMOT | 2013-12 | flag=INSUFFICIENT
  EICHERMOT | 2014-12 | flag=INSUFFICIENT
  EICHERMOT | 2016-03 | flag=INSUFFICIENT
  EICHERMOT | 2020-03 | flag=INSUFFICIENT
  EICHERMOT | TTM | flag=INSUFFICIENT
  GAIL | 2013-03 | flag=INSUFFICIENT
  GAIL | 2014-03 | flag=INSUFFICIENT
  GAIL | 2015-03 | flag=INSUFFICIENT
  GAIL | 2016-03 | flag=INSUFFICIENT
  GAIL | 2017-03 | flag=INSUFFICIENT
  GAIL | TTM | flag=INSUFFICIENT
  GODREJCP | 2013-03 | flag=INSUFFICIENT
  GODREJCP | 2014-03 | flag=INSUFFICIENT
  GODREJCP | 2015-03 | flag=INSUFFICIENT
  GODREJCP | 2016-03 | flag=INSUFFICIENT
  GODREJCP | 2017-03 | flag=INSUFFICIENT
  GODREJCP | TTM | flag=INSUFFICIENT
  GRASIM | 2013-03 | flag=INSUFFICIENT
  GRASIM | 2014-03 | flag=INSUFFICIENT
  GRASIM | 2015-03 | flag=INSUFFICIENT
  GRASIM | 2016-03 | flag=INSUFFICIENT
  GRASIM | 2017-03 | flag=INSUFFICIENT
  GRASIM | TTM | flag=INSUFFICIENT
  HAL | 2013-03 | flag=INSUFFICIENT
  HAL | 2014-03 | flag=INSUFFICIENT
  HAL | 2015-03 | flag=INSUFFICIENT
  HAL | 2016-03 | flag=INSUFFICIENT
  HAL | 2017-03 | flag=INSUFFICIENT
  HAL | TTM | flag=INSUFFICIENT
  HAVELLS | 2013-03 | flag=INSUFFICIENT
  HAVELLS | 2014-03 | flag=INSUFFICIENT
  HAVELLS | 2015-03 | flag=INSUFFICIENT
  HAVELLS | 2016-03 | flag=INSUFFICIENT
  HAVELLS | 2017-03 | flag=INSUFFICIENT
  HAVELLS | TTM | flag=INSUFFICIENT
  HCLTECH | 2013-06 | flag=INSUFFICIENT
  HCLTECH | 2014-06 | flag=INSUFFICIENT
  HCLTECH | 2015-06 | flag=INSUFFICIENT
  HCLTECH | 2016-03 | flag=INSUFFICIENT
  HCLTECH | 2017-03 | flag=INSUFFICIENT
  HCLTECH | TTM | flag=INSUFFICIENT
  HDFCBANK | 2013-03 | flag=INSUFFICIENT
  HDFCBANK | 2014-03 | flag=INSUFFICIENT
  HDFCBANK | 2015-03 | flag=INSUFFICIENT
  HDFCBANK | 2016-03 | flag=INSUFFICIENT
  HDFCBANK | 2017-03 | flag=INSUFFICIENT
  HDFCBANK | TTM | flag=INSUFFICIENT
  HDFCLIFE | 2013-03 | flag=INSUFFICIENT
  HDFCLIFE | 2014-03 | flag=INSUFFICIENT
  HDFCLIFE | 2015-03 | flag=INSUFFICIENT
  HDFCLIFE | 2016-03 | flag=INSUFFICIENT
  HDFCLIFE | 2017-03 | flag=INSUFFICIENT
  HDFCLIFE | TTM | flag=INSUFFICIENT
  HEROMOTOCO | 2014-03 | flag=INSUFFICIENT
  HEROMOTOCO | 2015-03 | flag=INSUFFICIENT
  HEROMOTOCO | 2016-03 | flag=INSUFFICIENT
  HEROMOTOCO | 2017-03 | flag=INSUFFICIENT
  HEROMOTOCO | 2018-03 | flag=INSUFFICIENT
  HEROMOTOCO | TTM | flag=INSUFFICIENT
  HINDALCO | 2013-03 | flag=INSUFFICIENT
  HINDALCO | 2014-03 | flag=INSUFFICIENT
  HINDALCO | 2015-03 | flag=INSUFFICIENT
  HINDALCO | 2016-03 | flag=INSUFFICIENT
  HINDALCO | 2017-03 | flag=INSUFFICIENT
  HINDALCO | TTM | flag=INSUFFICIENT
  HINDUNILVR | 2013-03 | flag=INSUFFICIENT
  HINDUNILVR | 2014-03 | flag=INSUFFICIENT
  HINDUNILVR | 2015-03 | flag=INSUFFICIENT
  HINDUNILVR | 2016-03 | flag=INSUFFICIENT
  HINDUNILVR | 2017-03 | flag=INSUFFICIENT
  HINDUNILVR | TTM | flag=INSUFFICIENT
  ICICIBANK | 2013-03 | flag=INSUFFICIENT
  ICICIBANK | 2014-03 | flag=INSUFFICIENT
  ICICIBANK | 2015-03 | flag=INSUFFICIENT
  ICICIBANK | 2016-03 | flag=INSUFFICIENT
  ICICIBANK | 2017-03 | flag=INSUFFICIENT
  ICICIBANK | TTM | flag=INSUFFICIENT
  ICICIGI | 2013-03 | flag=INSUFFICIENT
  ICICIGI | 2014-03 | flag=INSUFFICIENT
  ICICIGI | 2015-03 | flag=INSUFFICIENT
  ICICIGI | 2016-03 | flag=INSUFFICIENT
  ICICIGI | 2017-03 | flag=INSUFFICIENT
  ICICIGI | TTM | flag=INSUFFICIENT
  ICICIPRULI | 2013-03 | flag=INSUFFICIENT
  ICICIPRULI | 2014-03 | flag=INSUFFICIENT
  ICICIPRULI | 2015-03 | flag=INSUFFICIENT
  ICICIPRULI | 2016-03 | flag=INSUFFICIENT
  ICICIPRULI | 2017-03 | flag=INSUFFICIENT
  ICICIPRULI | TTM | flag=INSUFFICIENT
  INDIGO | 2013-03 | flag=INSUFFICIENT
  INDIGO | 2014-03 | flag=INSUFFICIENT
  INDIGO | 2015-03 | flag=INSUFFICIENT
  INDIGO | 2016-03 | flag=INSUFFICIENT
  INDIGO | 2017-03 | flag=INSUFFICIENT
  INDIGO | TTM | flag=INSUFFICIENT
  INDUSINDBK | 2013-03 | flag=INSUFFICIENT
  INDUSINDBK | 2014-03 | flag=INSUFFICIENT
  INDUSINDBK | 2015-03 | flag=INSUFFICIENT
  INDUSINDBK | 2016-03 | flag=INSUFFICIENT
  INDUSINDBK | 2017-03 | flag=INSUFFICIENT
  INDUSINDBK | TTM | flag=INSUFFICIENT
  INFY | 2013-03 | flag=INSUFFICIENT
  INFY | 2014-03 | flag=INSUFFICIENT
  INFY | 2015-03 | flag=INSUFFICIENT
  INFY | 2016-03 | flag=INSUFFICIENT
  INFY | 2017-03 | flag=INSUFFICIENT
  INFY | TTM | flag=INSUFFICIENT
  IOC | 2013-03 | flag=INSUFFICIENT
  IOC | 2014-03 | flag=INSUFFICIENT
  IOC | 2015-03 | flag=INSUFFICIENT
  IOC | 2016-03 | flag=INSUFFICIENT
  IOC | 2017-03 | flag=INSUFFICIENT
  IOC | TTM | flag=INSUFFICIENT
  IRCTC | 2015-03 | flag=INSUFFICIENT
  IRCTC | 2016-03 | flag=INSUFFICIENT
  IRCTC | 2017-03 | flag=INSUFFICIENT
  IRCTC | 2018-03 | flag=INSUFFICIENT
  IRCTC | 2019-03 | flag=INSUFFICIENT
  IRCTC | TTM | flag=INSUFFICIENT
  IRFC | 2013-03 | flag=INSUFFICIENT
  IRFC | 2014-03 | flag=INSUFFICIENT
  IRFC | 2015-03 | flag=INSUFFICIENT
  IRFC | 2016-03 | flag=INSUFFICIENT
  IRFC | 2017-03 | flag=INSUFFICIENT
  IRFC | TTM | flag=INSUFFICIENT
  ITC | 2013-03 | flag=INSUFFICIENT
  ITC | 2014-03 | flag=INSUFFICIENT
  ITC | 2015-03 | flag=INSUFFICIENT
  ITC | 2016-03 | flag=INSUFFICIENT
  ITC | 2017-03 | flag=INSUFFICIENT
  ITC | TTM | flag=INSUFFICIENT
  JINDALSTEL | 2013-03 | flag=INSUFFICIENT
  JINDALSTEL | 2014-03 | flag=INSUFFICIENT
  JINDALSTEL | 2015-03 | flag=INSUFFICIENT
  JINDALSTEL | 2016-03 | flag=INSUFFICIENT
  JINDALSTEL | 2017-03 | flag=INSUFFICIENT
  JINDALSTEL | TTM | flag=INSUFFICIENT
  JIOFIN | 2023-03 | flag=INSUFFICIENT
  JIOFIN | 2024-03 | flag=INSUFFICIENT
  JIOFIN | TTM | flag=INSUFFICIENT
  JSWENERGY | 2013-03 | flag=INSUFFICIENT
  JSWENERGY | 2014-03 | flag=INSUFFICIENT
  JSWENERGY | 2015-03 | flag=INSUFFICIENT
  JSWENERGY | 2016-03 | flag=INSUFFICIENT
  JSWENERGY | 2017-03 | flag=INSUFFICIENT
  JSWENERGY | TTM | flag=INSUFFICIENT
  JSWSTEEL | 2013-03 | flag=INSUFFICIENT
  JSWSTEEL | 2014-03 | flag=INSUFFICIENT
  JSWSTEEL | 2015-03 | flag=INSUFFICIENT
  JSWSTEEL | 2016-03 | flag=INSUFFICIENT
  JSWSTEEL | 2017-03 | flag=INSUFFICIENT
  JSWSTEEL | TTM | flag=INSUFFICIENT
  KOTAKBANK | 2013-03 | flag=INSUFFICIENT
  KOTAKBANK | 2014-03 | flag=INSUFFICIENT
  KOTAKBANK | 2015-03 | flag=INSUFFICIENT
  KOTAKBANK | 2016-03 | flag=INSUFFICIENT
  KOTAKBANK | 2017-03 | flag=INSUFFICIENT
  KOTAKBANK | TTM | flag=INSUFFICIENT
  LICI | 2019-03 | flag=INSUFFICIENT
  LICI | 2020-03 | flag=INSUFFICIENT
  LICI | 2021-03 | flag=INSUFFICIENT
  LICI | 2022-03 | flag=INSUFFICIENT
  LICI | 2023-03 | flag=INSUFFICIENT
  LICI | TTM | flag=INSUFFICIENT
  LODHA | 2011-03 | flag=INSUFFICIENT
  LODHA | 2012-03 | flag=INSUFFICIENT
  LODHA | 2015-03 | flag=INSUFFICIENT
  LODHA | 2018-03 | flag=INSUFFICIENT
  LODHA | 2019-03 | flag=INSUFFICIENT
  LODHA | TTM | flag=INSUFFICIENT
  LT | 2013-03 | flag=INSUFFICIENT
  LT | 2014-03 | flag=INSUFFICIENT
  LT | 2015-03 | flag=INSUFFICIENT
  LT | 2016-03 | flag=INSUFFICIENT
  LT | 2017-03 | flag=INSUFFICIENT
  LT | TTM | flag=INSUFFICIENT
  LTIM | 2013-03 | flag=INSUFFICIENT
  LTIM | 2014-03 | flag=INSUFFICIENT
  LTIM | 2015-03 | flag=INSUFFICIENT
  LTIM | 2016-03 | flag=INSUFFICIENT
  LTIM | 2017-03 | flag=INSUFFICIENT
  LTIM | TTM | flag=INSUFFICIENT
  M&M | 2013-03 | flag=INSUFFICIENT
  M&M | 2014-03 | flag=INSUFFICIENT
  M&M | 2015-03 | flag=INSUFFICIENT
  M&M | 2016-03 | flag=INSUFFICIENT
  M&M | 2017-03 | flag=INSUFFICIENT
  M&M | TTM | flag=INSUFFICIENT
  MARUTI | 2013-03 | flag=INSUFFICIENT
  MARUTI | 2014-03 | flag=INSUFFICIENT
  MARUTI | 2015-03 | flag=INSUFFICIENT
  MARUTI | 2016-03 | flag=INSUFFICIENT
  MARUTI | 2017-03 | flag=INSUFFICIENT
  MARUTI | TTM | flag=INSUFFICIENT
  MOTHERSON | 2013-03 | flag=INSUFFICIENT
  MOTHERSON | 2014-03 | flag=INSUFFICIENT
  MOTHERSON | 2015-03 | flag=INSUFFICIENT
  MOTHERSON | 2016-03 | flag=INSUFFICIENT
  MOTHERSON | 2017-03 | flag=INSUFFICIENT
  MOTHERSON | TTM | flag=INSUFFICIENT
  NAUKRI | 2013-03 | flag=INSUFFICIENT
  NAUKRI | 2014-03 | flag=INSUFFICIENT
  NAUKRI | 2015-03 | flag=INSUFFICIENT
  NAUKRI | 2016-03 | flag=INSUFFICIENT
  NAUKRI | 2017-03 | flag=INSUFFICIENT
  NAUKRI | TTM | flag=INSUFFICIENT
  NESTLEIND | 2013-12 | flag=INSUFFICIENT
  NESTLEIND | 2014-12 | flag=INSUFFICIENT
  NESTLEIND | 2015-12 | flag=INSUFFICIENT
  NESTLEIND | 2016-12 | flag=INSUFFICIENT
  NESTLEIND | 2017-12 | flag=INSUFFICIENT
  NESTLEIND | TTM | flag=INSUFFICIENT
  NHPC | 2013-03 | flag=INSUFFICIENT
  NHPC | 2014-03 | flag=INSUFFICIENT
  NHPC | 2015-03 | flag=INSUFFICIENT
  NHPC | 2016-03 | flag=INSUFFICIENT
  NHPC | 2017-03 | flag=INSUFFICIENT
  NHPC | TTM | flag=INSUFFICIENT
  NTPC | 2013-03 | flag=INSUFFICIENT
  NTPC | 2014-03 | flag=INSUFFICIENT
  NTPC | 2015-03 | flag=INSUFFICIENT
  NTPC | 2016-03 | flag=INSUFFICIENT
  NTPC | 2017-03 | flag=INSUFFICIENT
  NTPC | TTM | flag=INSUFFICIENT
  ONGC | 2013-03 | flag=INSUFFICIENT
  ONGC | 2014-03 | flag=INSUFFICIENT
  ONGC | 2015-03 | flag=INSUFFICIENT
  ONGC | 2016-03 | flag=INSUFFICIENT
  ONGC | 2017-03 | flag=INSUFFICIENT
  ONGC | TTM | flag=INSUFFICIENT
  PFC | 2013-03 | flag=INSUFFICIENT
  PFC | 2014-03 | flag=INSUFFICIENT
  PFC | 2015-03 | flag=INSUFFICIENT
  PFC | 2016-03 | flag=INSUFFICIENT
  PFC | 2017-03 | flag=INSUFFICIENT
  PFC | TTM | flag=INSUFFICIENT
  PIDILITIND | 2013-03 | flag=INSUFFICIENT
  PIDILITIND | 2014-03 | flag=INSUFFICIENT
  PIDILITIND | 2015-03 | flag=INSUFFICIENT
  PIDILITIND | 2016-03 | flag=INSUFFICIENT
  PIDILITIND | 2017-03 | flag=INSUFFICIENT
  PIDILITIND | TTM | flag=INSUFFICIENT
  PNB | 2013-03 | flag=INSUFFICIENT
  PNB | 2014-03 | flag=INSUFFICIENT
  PNB | 2015-03 | flag=INSUFFICIENT
  PNB | 2016-03 | flag=INSUFFICIENT
  PNB | 2017-03 | flag=INSUFFICIENT
  PNB | TTM | flag=INSUFFICIENT
  POWERGRID | 2013-03 | flag=INSUFFICIENT
  POWERGRID | 2014-03 | flag=INSUFFICIENT
  POWERGRID | 2015-03 | flag=INSUFFICIENT
  POWERGRID | 2016-03 | flag=INSUFFICIENT
  POWERGRID | 2017-03 | flag=INSUFFICIENT
  POWERGRID | TTM | flag=INSUFFICIENT
  RECLTD | 2013-03 | flag=INSUFFICIENT
  RECLTD | 2014-03 | flag=INSUFFICIENT
  RECLTD | 2015-03 | flag=INSUFFICIENT
  RECLTD | 2016-03 | flag=INSUFFICIENT
  RECLTD | 2017-03 | flag=INSUFFICIENT
  RECLTD | TTM | flag=INSUFFICIENT
  RELIANCE | 2013-03 | flag=INSUFFICIENT
  RELIANCE | 2014-03 | flag=INSUFFICIENT
  RELIANCE | 2015-03 | flag=INSUFFICIENT
  RELIANCE | 2016-03 | flag=INSUFFICIENT
  RELIANCE | 2017-03 | flag=INSUFFICIENT
  RELIANCE | TTM | flag=INSUFFICIENT
  SBILIFE | 2013-03 | flag=INSUFFICIENT
  SBILIFE | 2014-03 | flag=INSUFFICIENT
  SBILIFE | 2015-03 | flag=INSUFFICIENT
  SBILIFE | 2016-03 | flag=INSUFFICIENT
  SBILIFE | 2017-03 | flag=INSUFFICIENT
  SBILIFE | TTM | flag=INSUFFICIENT
  SBIN | 2013-03 | flag=INSUFFICIENT
  SBIN | 2014-03 | flag=INSUFFICIENT
  SBIN | 2015-03 | flag=INSUFFICIENT
  SBIN | 2016-03 | flag=INSUFFICIENT
  SBIN | 2017-03 | flag=INSUFFICIENT
  SBIN | TTM | flag=INSUFFICIENT
  SHREECEM | 2013-06 | flag=INSUFFICIENT
  SHREECEM | 2014-06 | flag=INSUFFICIENT
  SHREECEM | 2015-06 | flag=INSUFFICIENT
  SHREECEM | 2016-03 | flag=INSUFFICIENT
  SHREECEM | 2017-03 | flag=INSUFFICIENT
  SHREECEM | TTM | flag=INSUFFICIENT
  SHRIRAMFIN | 2013-03 | flag=INSUFFICIENT
  SHRIRAMFIN | 2014-03 | flag=INSUFFICIENT
  SHRIRAMFIN | 2015-03 | flag=INSUFFICIENT
  SHRIRAMFIN | 2016-03 | flag=INSUFFICIENT
  SHRIRAMFIN | 2017-03 | flag=INSUFFICIENT
  SHRIRAMFIN | TTM | flag=INSUFFICIENT
  SIEMENS | 2011-09 | flag=INSUFFICIENT
  SIEMENS | 2014-09 | flag=INSUFFICIENT
  SIEMENS | 2015-09 | flag=INSUFFICIENT
  SIEMENS | 2017-09 | flag=INSUFFICIENT
  SIEMENS | 2018-09 | flag=INSUFFICIENT
  SUNPHARMA | 2013-03 | flag=INSUFFICIENT
  SUNPHARMA | 2014-03 | flag=INSUFFICIENT
  SUNPHARMA | 2015-03 | flag=INSUFFICIENT
  SUNPHARMA | 2016-03 | flag=INSUFFICIENT
  SUNPHARMA | 2017-03 | flag=INSUFFICIENT
  SUNPHARMA | TTM | flag=INSUFFICIENT
  TATACONSUM | 2013-03 | flag=INSUFFICIENT
  TATACONSUM | 2014-03 | flag=INSUFFICIENT
  TATACONSUM | 2015-03 | flag=INSUFFICIENT
  TATACONSUM | 2016-03 | flag=INSUFFICIENT
  TATACONSUM | 2017-03 | flag=INSUFFICIENT
  TATACONSUM | TTM | flag=INSUFFICIENT
  TATAMOTORS | 2013-03 | flag=INSUFFICIENT
  TATAMOTORS | 2014-03 | flag=INSUFFICIENT
  TATAMOTORS | 2015-03 | flag=INSUFFICIENT
  TATAMOTORS | 2016-03 | flag=INSUFFICIENT
  TATAMOTORS | 2017-03 | flag=INSUFFICIENT
  TATAMOTORS | TTM | flag=INSUFFICIENT
  TATAPOWER | 2013-03 | flag=INSUFFICIENT
  TATAPOWER | 2014-03 | flag=INSUFFICIENT
  TATAPOWER | 2015-03 | flag=INSUFFICIENT
  TATAPOWER | 2016-03 | flag=INSUFFICIENT
  TATAPOWER | 2017-03 | flag=INSUFFICIENT
  TATAPOWER | TTM | flag=INSUFFICIENT
  TATASTEEL | 2013-03 | flag=INSUFFICIENT
  TATASTEEL | 2014-03 | flag=INSUFFICIENT
  TATASTEEL | 2015-03 | flag=INSUFFICIENT
  TATASTEEL | 2016-03 | flag=INSUFFICIENT
  TATASTEEL | 2017-03 | flag=INSUFFICIENT
  TATASTEEL | TTM | flag=INSUFFICIENT
  TCS | 2013-03 | flag=INSUFFICIENT
  TCS | 2014-03 | flag=INSUFFICIENT
  TCS | 2015-03 | flag=INSUFFICIENT
  TCS | 2016-03 | flag=INSUFFICIENT
  TCS | 2017-03 | flag=INSUFFICIENT
  TCS | TTM | flag=INSUFFICIENT
  TECHM | 2013-03 | flag=INSUFFICIENT
  TECHM | 2014-03 | flag=INSUFFICIENT
  TECHM | 2015-03 | flag=INSUFFICIENT
  TECHM | 2016-03 | flag=INSUFFICIENT
  TECHM | 2017-03 | flag=INSUFFICIENT
  TECHM | TTM | flag=INSUFFICIENT
  TITAN | 2013-03 | flag=INSUFFICIENT
  TITAN | 2014-03 | flag=INSUFFICIENT
  TITAN | 2015-03 | flag=INSUFFICIENT
  TITAN | 2016-03 | flag=INSUFFICIENT
  TITAN | 2017-03 | flag=INSUFFICIENT
  TITAN | TTM | flag=INSUFFICIENT
  TORNTPHARM | 2013-03 | flag=INSUFFICIENT
  TORNTPHARM | 2014-03 | flag=INSUFFICIENT
  TORNTPHARM | 2015-03 | flag=INSUFFICIENT
  TORNTPHARM | 2016-03 | flag=INSUFFICIENT
  TORNTPHARM | 2017-03 | flag=INSUFFICIENT
  TORNTPHARM | TTM | flag=INSUFFICIENT
  TRENT | 2013-03 | flag=INSUFFICIENT
  TRENT | 2014-03 | flag=INSUFFICIENT
  TRENT | 2015-03 | flag=INSUFFICIENT
  TRENT | 2016-03 | flag=INSUFFICIENT
  TRENT | 2017-03 | flag=INSUFFICIENT
  TRENT | TTM | flag=INSUFFICIENT
  TVSMOTOR | 2013-03 | flag=INSUFFICIENT
  TVSMOTOR | 2014-03 | flag=INSUFFICIENT
  TVSMOTOR | 2015-03 | flag=INSUFFICIENT
  TVSMOTOR | 2016-03 | flag=INSUFFICIENT
  TVSMOTOR | 2017-03 | flag=INSUFFICIENT
  TVSMOTOR | TTM | flag=INSUFFICIENT

[REVENUE_CAGR_10YR_FLAG] Count: 994
Explanation: Non-normal CAGR cases are documented instead of forcing an invalid CAGR.
  ABB | 2012-12 | flag=INSUFFICIENT
  ABB | 2014-03 | flag=INSUFFICIENT
  ABB | 2015-03 | flag=INSUFFICIENT
  ABB | 2016-03 | flag=INSUFFICIENT
  ABB | 2017-03 | flag=INSUFFICIENT
  ABB | 2018-03 | flag=INSUFFICIENT
  ABB | 2019-03 | flag=INSUFFICIENT
  ABB | 2020-03 | flag=INSUFFICIENT
  ABB | 2021-03 | flag=INSUFFICIENT
  ABB | 2023-03 | flag=INSUFFICIENT
  ABB | TTM | flag=INSUFFICIENT
  ADANIENSOL | 2014-03 | flag=INSUFFICIENT
  ADANIENSOL | 2015-03 | flag=INSUFFICIENT
  ADANIENSOL | 2016-03 | flag=INSUFFICIENT
  ADANIENSOL | 2017-03 | flag=INSUFFICIENT
  ADANIENSOL | 2018-03 | flag=INSUFFICIENT
  ADANIENSOL | 2019-03 | flag=INSUFFICIENT
  ADANIENSOL | 2020-03 | flag=INSUFFICIENT
  ADANIENSOL | 2021-03 | flag=INSUFFICIENT
  ADANIENSOL | 2022-03 | flag=INSUFFICIENT
  ADANIENSOL | 2023-03 | flag=INSUFFICIENT
  ADANIENSOL | 2024-03 | flag=ZERO_BASE
  ADANIENSOL | TTM | flag=INSUFFICIENT
  ADANIENT | 2013-03 | flag=INSUFFICIENT
  ADANIENT | 2014-03 | flag=INSUFFICIENT
  ADANIENT | 2015-03 | flag=INSUFFICIENT
  ADANIENT | 2016-03 | flag=INSUFFICIENT
  ADANIENT | 2017-03 | flag=INSUFFICIENT
  ADANIENT | 2018-03 | flag=INSUFFICIENT
  ADANIENT | 2019-03 | flag=INSUFFICIENT
  ADANIENT | 2020-03 | flag=INSUFFICIENT
  ADANIENT | 2021-03 | flag=INSUFFICIENT
  ADANIENT | 2022-03 | flag=INSUFFICIENT
  ADANIENT | TTM | flag=INSUFFICIENT
  ADANIGREEN | 2017-03 | flag=INSUFFICIENT
  ADANIGREEN | 2018-03 | flag=INSUFFICIENT
  ADANIGREEN | 2019-03 | flag=INSUFFICIENT
  ADANIGREEN | 2020-03 | flag=INSUFFICIENT
  ADANIGREEN | 2021-03 | flag=INSUFFICIENT
  ADANIGREEN | 2022-03 | flag=INSUFFICIENT
  ADANIGREEN | 2023-03 | flag=INSUFFICIENT
  ADANIGREEN | 2024-03 | flag=INSUFFICIENT
  ADANIGREEN | TTM | flag=INSUFFICIENT
  ADANIPORTS | 2013-03 | flag=INSUFFICIENT
  ADANIPORTS | 2014-03 | flag=INSUFFICIENT
  ADANIPORTS | 2015-03 | flag=INSUFFICIENT
  ADANIPORTS | 2016-03 | flag=INSUFFICIENT
  ADANIPORTS | 2017-03 | flag=INSUFFICIENT
  ADANIPORTS | 2018-03 | flag=INSUFFICIENT
  ADANIPORTS | 2019-03 | flag=INSUFFICIENT
  ADANIPORTS | 2020-03 | flag=INSUFFICIENT
  ADANIPORTS | 2021-03 | flag=INSUFFICIENT
  ADANIPORTS | 2022-03 | flag=INSUFFICIENT
  ADANIPORTS | TTM | flag=INSUFFICIENT
  ADANIPOWER | 2013-03 | flag=INSUFFICIENT
  ADANIPOWER | 2014-03 | flag=INSUFFICIENT
  ADANIPOWER | 2015-03 | flag=INSUFFICIENT
  ADANIPOWER | 2016-03 | flag=INSUFFICIENT
  ADANIPOWER | 2017-03 | flag=INSUFFICIENT
  ADANIPOWER | 2018-03 | flag=INSUFFICIENT
  ADANIPOWER | 2019-03 | flag=INSUFFICIENT
  ADANIPOWER | 2020-03 | flag=INSUFFICIENT
  ADANIPOWER | 2021-03 | flag=INSUFFICIENT
  ADANIPOWER | 2022-03 | flag=INSUFFICIENT
  ADANIPOWER | TTM | flag=INSUFFICIENT
  AMBUJACEM | 2012-12 | flag=INSUFFICIENT
  AMBUJACEM | 2013-12 | flag=INSUFFICIENT
  AMBUJACEM | 2014-12 | flag=INSUFFICIENT
  AMBUJACEM | 2015-12 | flag=INSUFFICIENT
  AMBUJACEM | 2016-12 | flag=INSUFFICIENT
  AMBUJACEM | 2017-12 | flag=INSUFFICIENT
  AMBUJACEM | 2018-12 | flag=INSUFFICIENT
  AMBUJACEM | 2019-12 | flag=INSUFFICIENT
  AMBUJACEM | 2020-12 | flag=INSUFFICIENT
  AMBUJACEM | 2021-12 | flag=INSUFFICIENT
  AMBUJACEM | TTM | flag=INSUFFICIENT
  APOLLOHOSP | 2013-03 | flag=INSUFFICIENT
  APOLLOHOSP | 2014-03 | flag=INSUFFICIENT
  APOLLOHOSP | 2015-03 | flag=INSUFFICIENT
  APOLLOHOSP | 2016-03 | flag=INSUFFICIENT
  APOLLOHOSP | 2017-03 | flag=INSUFFICIENT
  APOLLOHOSP | 2018-03 | flag=INSUFFICIENT
  APOLLOHOSP | 2019-03 | flag=INSUFFICIENT
  APOLLOHOSP | 2020-03 | flag=INSUFFICIENT
  APOLLOHOSP | 2021-03 | flag=INSUFFICIENT
  APOLLOHOSP | 2022-03 | flag=INSUFFICIENT
  APOLLOHOSP | TTM | flag=INSUFFICIENT
  ASIANPAINT | 2013-03 | flag=INSUFFICIENT
  ASIANPAINT | 2014-03 | flag=INSUFFICIENT
  ASIANPAINT | 2015-03 | flag=INSUFFICIENT
  ASIANPAINT | 2016-03 | flag=INSUFFICIENT
  ASIANPAINT | 2017-03 | flag=INSUFFICIENT
  ASIANPAINT | 2018-03 | flag=INSUFFICIENT
  ASIANPAINT | 2019-03 | flag=INSUFFICIENT
  ASIANPAINT | 2020-03 | flag=INSUFFICIENT
  ASIANPAINT | 2021-03 | flag=INSUFFICIENT
  ASIANPAINT | 2022-03 | flag=INSUFFICIENT
  ASIANPAINT | TTM | flag=INSUFFICIENT
  ATGL | 2018-03 | flag=INSUFFICIENT
  ATGL | 2019-03 | flag=INSUFFICIENT
  ATGL | 2020-03 | flag=INSUFFICIENT
  ATGL | 2021-03 | flag=INSUFFICIENT
  ATGL | 2022-03 | flag=INSUFFICIENT
  ATGL | 2023-03 | flag=INSUFFICIENT
  ATGL | 2024-03 | flag=INSUFFICIENT
  ATGL | TTM | flag=INSUFFICIENT
  AXISBANK | 2013-03 | flag=INSUFFICIENT
  AXISBANK | 2014-03 | flag=INSUFFICIENT
  AXISBANK | 2015-03 | flag=INSUFFICIENT
  AXISBANK | 2016-03 | flag=INSUFFICIENT
  AXISBANK | 2017-03 | flag=INSUFFICIENT
  AXISBANK | 2018-03 | flag=INSUFFICIENT
  AXISBANK | 2019-03 | flag=INSUFFICIENT
  AXISBANK | 2020-03 | flag=INSUFFICIENT
  AXISBANK | 2021-03 | flag=INSUFFICIENT
  AXISBANK | 2022-03 | flag=INSUFFICIENT
  AXISBANK | TTM | flag=INSUFFICIENT
  BAJAJ-AUTO | 2013-03 | flag=INSUFFICIENT
  BAJAJ-AUTO | 2014-03 | flag=INSUFFICIENT
  BAJAJ-AUTO | 2015-03 | flag=INSUFFICIENT
  BAJAJ-AUTO | 2016-03 | flag=INSUFFICIENT
  BAJAJ-AUTO | 2017-03 | flag=INSUFFICIENT
  BAJAJ-AUTO | 2018-03 | flag=INSUFFICIENT
  BAJAJ-AUTO | 2019-03 | flag=INSUFFICIENT
  BAJAJ-AUTO | 2020-03 | flag=INSUFFICIENT
  BAJAJ-AUTO | 2021-03 | flag=INSUFFICIENT
  BAJAJ-AUTO | 2022-03 | flag=INSUFFICIENT
  BAJAJ-AUTO | TTM | flag=INSUFFICIENT
  BAJAJFINSV | 2013-03 | flag=INSUFFICIENT
  BAJAJFINSV | 2014-03 | flag=INSUFFICIENT
  BAJAJFINSV | 2015-03 | flag=INSUFFICIENT
  BAJAJFINSV | 2016-03 | flag=INSUFFICIENT
  BAJAJFINSV | 2017-03 | flag=INSUFFICIENT
  BAJAJFINSV | 2018-03 | flag=INSUFFICIENT
  BAJAJFINSV | 2019-03 | flag=INSUFFICIENT
  BAJAJFINSV | 2020-03 | flag=INSUFFICIENT
  BAJAJFINSV | 2021-03 | flag=INSUFFICIENT
  BAJAJFINSV | 2022-03 | flag=INSUFFICIENT
  BAJAJFINSV | TTM | flag=INSUFFICIENT
  BAJAJHLDNG | 2013-03 | flag=INSUFFICIENT
  BAJAJHLDNG | 2014-03 | flag=INSUFFICIENT
  BAJAJHLDNG | 2015-03 | flag=INSUFFICIENT
  BAJAJHLDNG | 2016-03 | flag=INSUFFICIENT
  BAJAJHLDNG | 2017-03 | flag=INSUFFICIENT
  BAJAJHLDNG | 2018-03 | flag=INSUFFICIENT
  BAJAJHLDNG | 2019-03 | flag=INSUFFICIENT
  BAJAJHLDNG | 2020-03 | flag=INSUFFICIENT
  BAJAJHLDNG | 2021-03 | flag=INSUFFICIENT
  BAJAJHLDNG | 2022-03 | flag=INSUFFICIENT
  BAJAJHLDNG | TTM | flag=INSUFFICIENT
  BAJFINANCE | 2015-03 | flag=INSUFFICIENT
  BAJFINANCE | 2016-03 | flag=INSUFFICIENT
  BAJFINANCE | 2017-03 | flag=INSUFFICIENT
  BAJFINANCE | 2018-03 | flag=INSUFFICIENT
  BAJFINANCE | 2019-03 | flag=INSUFFICIENT
  BAJFINANCE | 2020-03 | flag=INSUFFICIENT
  BAJFINANCE | 2021-03 | flag=INSUFFICIENT
  BAJFINANCE | 2022-03 | flag=INSUFFICIENT
  BAJFINANCE | 2023-03 | flag=INSUFFICIENT
  BAJFINANCE | 2024-03 | flag=INSUFFICIENT
  BAJFINANCE | TTM | flag=INSUFFICIENT
  BANKBARODA | 2013-03 | flag=INSUFFICIENT
  BANKBARODA | 2014-03 | flag=INSUFFICIENT
  BANKBARODA | 2015-03 | flag=INSUFFICIENT
  BANKBARODA | 2016-03 | flag=INSUFFICIENT
  BANKBARODA | 2017-03 | flag=INSUFFICIENT
  BANKBARODA | 2018-03 | flag=INSUFFICIENT
  BANKBARODA | 2019-03 | flag=INSUFFICIENT
  BANKBARODA | 2020-03 | flag=INSUFFICIENT
  BANKBARODA | 2021-03 | flag=INSUFFICIENT
  BANKBARODA | 2022-03 | flag=INSUFFICIENT
  BANKBARODA | TTM | flag=INSUFFICIENT
  BEL | 2013-03 | flag=INSUFFICIENT
  BEL | 2014-03 | flag=INSUFFICIENT
  BEL | 2015-03 | flag=INSUFFICIENT
  BEL | 2016-03 | flag=INSUFFICIENT
  BEL | 2017-03 | flag=INSUFFICIENT
  BEL | 2018-03 | flag=INSUFFICIENT
  BEL | 2019-03 | flag=INSUFFICIENT
  BEL | 2020-03 | flag=INSUFFICIENT
  BEL | 2021-03 | flag=INSUFFICIENT
  BEL | 2022-03 | flag=INSUFFICIENT
  BEL | TTM | flag=INSUFFICIENT
  BHARTIARTL | 2013-03 | flag=INSUFFICIENT
  BHARTIARTL | 2014-03 | flag=INSUFFICIENT
  BHARTIARTL | 2015-03 | flag=INSUFFICIENT
  BHARTIARTL | 2016-03 | flag=INSUFFICIENT
  BHARTIARTL | 2017-03 | flag=INSUFFICIENT
  BHARTIARTL | 2018-03 | flag=INSUFFICIENT
  BHARTIARTL | 2019-03 | flag=INSUFFICIENT
  BHARTIARTL | 2020-03 | flag=INSUFFICIENT
  BHARTIARTL | 2021-03 | flag=INSUFFICIENT
  BHARTIARTL | 2022-03 | flag=INSUFFICIENT
  BHARTIARTL | TTM | flag=INSUFFICIENT
  BHEL | 2013-03 | flag=INSUFFICIENT
  BHEL | 2014-03 | flag=INSUFFICIENT
  BHEL | 2015-03 | flag=INSUFFICIENT
  BHEL | 2016-03 | flag=INSUFFICIENT
  BHEL | 2017-03 | flag=INSUFFICIENT
  BHEL | 2018-03 | flag=INSUFFICIENT
  BHEL | 2019-03 | flag=INSUFFICIENT
  BHEL | 2020-03 | flag=INSUFFICIENT
  BHEL | 2021-03 | flag=INSUFFICIENT
  BHEL | 2022-03 | flag=INSUFFICIENT
  BHEL | TTM | flag=INSUFFICIENT
  BOSCHLTD | 2012-12 | flag=INSUFFICIENT
  BOSCHLTD | 2013-12 | flag=INSUFFICIENT
  BOSCHLTD | 2015-03 | flag=INSUFFICIENT
  BOSCHLTD | 2016-03 | flag=INSUFFICIENT
  BOSCHLTD | 2017-03 | flag=INSUFFICIENT
  BOSCHLTD | 2018-03 | flag=INSUFFICIENT
  BOSCHLTD | 2019-03 | flag=INSUFFICIENT
  BOSCHLTD | 2020-03 | flag=INSUFFICIENT
  BOSCHLTD | 2021-03 | flag=INSUFFICIENT
  BOSCHLTD | 2024-03 | flag=INSUFFICIENT
  BOSCHLTD | TTM | flag=INSUFFICIENT
  BPCL | 2013-03 | flag=INSUFFICIENT
  BPCL | 2014-03 | flag=INSUFFICIENT
  BPCL | 2015-03 | flag=INSUFFICIENT
  BPCL | 2016-03 | flag=INSUFFICIENT
  BPCL | 2017-03 | flag=INSUFFICIENT
  BPCL | 2018-03 | flag=INSUFFICIENT
  BPCL | 2019-03 | flag=INSUFFICIENT
  BPCL | 2020-03 | flag=INSUFFICIENT
  BPCL | 2021-03 | flag=INSUFFICIENT
  BPCL | 2022-03 | flag=INSUFFICIENT
  BPCL | TTM | flag=INSUFFICIENT
  BRITANNIA | 2013-03 | flag=INSUFFICIENT
  BRITANNIA | 2014-03 | flag=INSUFFICIENT
  BRITANNIA | 2015-03 | flag=INSUFFICIENT
  BRITANNIA | 2016-03 | flag=INSUFFICIENT
  BRITANNIA | 2017-03 | flag=INSUFFICIENT
  BRITANNIA | 2018-03 | flag=INSUFFICIENT
  BRITANNIA | 2019-03 | flag=INSUFFICIENT
  BRITANNIA | 2020-03 | flag=INSUFFICIENT
  BRITANNIA | 2021-03 | flag=INSUFFICIENT
  BRITANNIA | 2022-03 | flag=INSUFFICIENT
  BRITANNIA | TTM | flag=INSUFFICIENT
  CANBK | 2013-03 | flag=INSUFFICIENT
  CANBK | 2014-03 | flag=INSUFFICIENT
  CANBK | 2015-03 | flag=INSUFFICIENT
  CANBK | 2016-03 | flag=INSUFFICIENT
  CANBK | 2017-03 | flag=INSUFFICIENT
  CANBK | 2018-03 | flag=INSUFFICIENT
  CANBK | 2019-03 | flag=INSUFFICIENT
  CANBK | 2020-03 | flag=INSUFFICIENT
  CANBK | 2021-03 | flag=INSUFFICIENT
  CANBK | 2022-03 | flag=INSUFFICIENT
  CANBK | TTM | flag=INSUFFICIENT
  CHOLAFIN | 2013-03 | flag=INSUFFICIENT
  CHOLAFIN | 2014-03 | flag=INSUFFICIENT
  CHOLAFIN | 2015-03 | flag=INSUFFICIENT
  CHOLAFIN | 2016-03 | flag=INSUFFICIENT
  CHOLAFIN | 2017-03 | flag=INSUFFICIENT
  CHOLAFIN | 2018-03 | flag=INSUFFICIENT
  CHOLAFIN | 2019-03 | flag=INSUFFICIENT
  CHOLAFIN | 2020-03 | flag=INSUFFICIENT
  CHOLAFIN | 2021-03 | flag=INSUFFICIENT
  CHOLAFIN | 2022-03 | flag=INSUFFICIENT
  CHOLAFIN | TTM | flag=INSUFFICIENT
  CIPLA | 2013-03 | flag=INSUFFICIENT
  CIPLA | 2014-03 | flag=INSUFFICIENT
  CIPLA | 2015-03 | flag=INSUFFICIENT
  CIPLA | 2016-03 | flag=INSUFFICIENT
  CIPLA | 2017-03 | flag=INSUFFICIENT
  CIPLA | 2018-03 | flag=INSUFFICIENT
  CIPLA | 2019-03 | flag=INSUFFICIENT
  CIPLA | 2020-03 | flag=INSUFFICIENT
  CIPLA | 2021-03 | flag=INSUFFICIENT
  CIPLA | 2022-03 | flag=INSUFFICIENT
  CIPLA | TTM | flag=INSUFFICIENT
  COALINDIA | 2013-03 | flag=INSUFFICIENT
  COALINDIA | 2014-03 | flag=INSUFFICIENT
  COALINDIA | 2015-03 | flag=INSUFFICIENT
  COALINDIA | 2016-03 | flag=INSUFFICIENT
  COALINDIA | 2017-03 | flag=INSUFFICIENT
  COALINDIA | 2018-03 | flag=INSUFFICIENT
  COALINDIA | 2019-03 | flag=INSUFFICIENT
  COALINDIA | 2020-03 | flag=INSUFFICIENT
  COALINDIA | 2021-03 | flag=INSUFFICIENT
  COALINDIA | 2022-03 | flag=INSUFFICIENT
  COALINDIA | TTM | flag=INSUFFICIENT
  DABUR | 2013-03 | flag=INSUFFICIENT
  DABUR | 2014-03 | flag=INSUFFICIENT
  DABUR | 2015-03 | flag=INSUFFICIENT
  DABUR | 2016-03 | flag=INSUFFICIENT
  DABUR | 2017-03 | flag=INSUFFICIENT
  DABUR | 2018-03 | flag=INSUFFICIENT
  DABUR | 2019-03 | flag=INSUFFICIENT
  DABUR | 2020-03 | flag=INSUFFICIENT
  DABUR | 2021-03 | flag=INSUFFICIENT
  DABUR | 2022-03 | flag=INSUFFICIENT
  DABUR | TTM | flag=INSUFFICIENT
  DIVISLAB | 2013-03 | flag=INSUFFICIENT
  DIVISLAB | 2014-03 | flag=INSUFFICIENT
  DIVISLAB | 2015-03 | flag=INSUFFICIENT
  DIVISLAB | 2016-03 | flag=INSUFFICIENT
  DIVISLAB | 2017-03 | flag=INSUFFICIENT
  DIVISLAB | 2018-03 | flag=INSUFFICIENT
  DIVISLAB | 2019-03 | flag=INSUFFICIENT
  DIVISLAB | 2020-03 | flag=INSUFFICIENT
  DIVISLAB | 2021-03 | flag=INSUFFICIENT
  DIVISLAB | 2022-03 | flag=INSUFFICIENT
  DIVISLAB | TTM | flag=INSUFFICIENT
  DLF | 2013-03 | flag=INSUFFICIENT
  DLF | 2014-03 | flag=INSUFFICIENT
  DLF | 2015-03 | flag=INSUFFICIENT
  DLF | 2016-03 | flag=INSUFFICIENT
  DLF | 2017-03 | flag=INSUFFICIENT
  DLF | 2018-03 | flag=INSUFFICIENT
  DLF | 2019-03 | flag=INSUFFICIENT
  DLF | 2020-03 | flag=INSUFFICIENT
  DLF | 2021-03 | flag=INSUFFICIENT
  DLF | 2022-03 | flag=INSUFFICIENT
  DLF | TTM | flag=INSUFFICIENT
  DMART | 2013-03 | flag=INSUFFICIENT
  DMART | 2014-03 | flag=INSUFFICIENT
  DMART | 2015-03 | flag=INSUFFICIENT
  DMART | 2016-03 | flag=INSUFFICIENT
  DMART | 2017-03 | flag=INSUFFICIENT
  DMART | 2018-03 | flag=INSUFFICIENT
  DMART | 2019-03 | flag=INSUFFICIENT
  DMART | 2020-03 | flag=INSUFFICIENT
  DMART | 2021-03 | flag=INSUFFICIENT
  DMART | 2022-03 | flag=INSUFFICIENT
  DMART | TTM | flag=INSUFFICIENT
  DRREDDY | 2013-03 | flag=INSUFFICIENT
  DRREDDY | 2014-03 | flag=INSUFFICIENT
  DRREDDY | 2015-03 | flag=INSUFFICIENT
  DRREDDY | 2016-03 | flag=INSUFFICIENT
  DRREDDY | 2017-03 | flag=INSUFFICIENT
  DRREDDY | 2018-03 | flag=INSUFFICIENT
  DRREDDY | 2019-03 | flag=INSUFFICIENT
  DRREDDY | 2020-03 | flag=INSUFFICIENT
  DRREDDY | 2021-03 | flag=INSUFFICIENT
  DRREDDY | 2022-03 | flag=INSUFFICIENT
  DRREDDY | TTM | flag=INSUFFICIENT
  EICHERMOT | 2012-12 | flag=INSUFFICIENT
  EICHERMOT | 2013-12 | flag=INSUFFICIENT
  EICHERMOT | 2014-12 | flag=INSUFFICIENT
  EICHERMOT | 2016-03 | flag=INSUFFICIENT
  EICHERMOT | 2017-03 | flag=INSUFFICIENT
  EICHERMOT | 2018-03 | flag=INSUFFICIENT
  EICHERMOT | 2019-03 | flag=INSUFFICIENT
  EICHERMOT | 2020-03 | flag=INSUFFICIENT
  EICHERMOT | 2021-03 | flag=INSUFFICIENT
  EICHERMOT | TTM | flag=INSUFFICIENT
  GAIL | 2013-03 | flag=INSUFFICIENT
  GAIL | 2014-03 | flag=INSUFFICIENT
  GAIL | 2015-03 | flag=INSUFFICIENT
  GAIL | 2016-03 | flag=INSUFFICIENT
  GAIL | 2017-03 | flag=INSUFFICIENT
  GAIL | 2018-03 | flag=INSUFFICIENT
  GAIL | 2019-03 | flag=INSUFFICIENT
  GAIL | 2020-03 | flag=INSUFFICIENT
  GAIL | 2021-03 | flag=INSUFFICIENT
  GAIL | 2022-03 | flag=INSUFFICIENT
  GAIL | TTM | flag=INSUFFICIENT
  GODREJCP | 2013-03 | flag=INSUFFICIENT
  GODREJCP | 2014-03 | flag=INSUFFICIENT
  GODREJCP | 2015-03 | flag=INSUFFICIENT
  GODREJCP | 2016-03 | flag=INSUFFICIENT
  GODREJCP | 2017-03 | flag=INSUFFICIENT
  GODREJCP | 2018-03 | flag=INSUFFICIENT
  GODREJCP | 2019-03 | flag=INSUFFICIENT
  GODREJCP | 2020-03 | flag=INSUFFICIENT
  GODREJCP | 2021-03 | flag=INSUFFICIENT
  GODREJCP | 2022-03 | flag=INSUFFICIENT
  GODREJCP | TTM | flag=INSUFFICIENT
  GRASIM | 2013-03 | flag=INSUFFICIENT
  GRASIM | 2014-03 | flag=INSUFFICIENT
  GRASIM | 2015-03 | flag=INSUFFICIENT
  GRASIM | 2016-03 | flag=INSUFFICIENT
  GRASIM | 2017-03 | flag=INSUFFICIENT
  GRASIM | 2018-03 | flag=INSUFFICIENT
  GRASIM | 2019-03 | flag=INSUFFICIENT
  GRASIM | 2020-03 | flag=INSUFFICIENT
  GRASIM | 2021-03 | flag=INSUFFICIENT
  GRASIM | 2022-03 | flag=INSUFFICIENT
  GRASIM | TTM | flag=INSUFFICIENT
  HAL | 2013-03 | flag=INSUFFICIENT
  HAL | 2014-03 | flag=INSUFFICIENT
  HAL | 2015-03 | flag=INSUFFICIENT
  HAL | 2016-03 | flag=INSUFFICIENT
  HAL | 2017-03 | flag=INSUFFICIENT
  HAL | 2018-03 | flag=INSUFFICIENT
  HAL | 2019-03 | flag=INSUFFICIENT
  HAL | 2020-03 | flag=INSUFFICIENT
  HAL | 2021-03 | flag=INSUFFICIENT
  HAL | 2022-03 | flag=INSUFFICIENT
  HAL | TTM | flag=INSUFFICIENT
  HAVELLS | 2013-03 | flag=INSUFFICIENT
  HAVELLS | 2014-03 | flag=INSUFFICIENT
  HAVELLS | 2015-03 | flag=INSUFFICIENT
  HAVELLS | 2016-03 | flag=INSUFFICIENT
  HAVELLS | 2017-03 | flag=INSUFFICIENT
  HAVELLS | 2018-03 | flag=INSUFFICIENT
  HAVELLS | 2019-03 | flag=INSUFFICIENT
  HAVELLS | 2020-03 | flag=INSUFFICIENT
  HAVELLS | 2021-03 | flag=INSUFFICIENT
  HAVELLS | 2022-03 | flag=INSUFFICIENT
  HAVELLS | TTM | flag=INSUFFICIENT
  HCLTECH | 2013-06 | flag=INSUFFICIENT
  HCLTECH | 2014-06 | flag=INSUFFICIENT
  HCLTECH | 2015-06 | flag=INSUFFICIENT
  HCLTECH | 2016-03 | flag=INSUFFICIENT
  HCLTECH | 2017-03 | flag=INSUFFICIENT
  HCLTECH | 2018-03 | flag=INSUFFICIENT
  HCLTECH | 2019-03 | flag=INSUFFICIENT
  HCLTECH | 2020-03 | flag=INSUFFICIENT
  HCLTECH | 2021-03 | flag=INSUFFICIENT
  HCLTECH | 2022-03 | flag=INSUFFICIENT
  HCLTECH | TTM | flag=INSUFFICIENT
  HDFCBANK | 2013-03 | flag=INSUFFICIENT
  HDFCBANK | 2014-03 | flag=INSUFFICIENT
  HDFCBANK | 2015-03 | flag=INSUFFICIENT
  HDFCBANK | 2016-03 | flag=INSUFFICIENT
  HDFCBANK | 2017-03 | flag=INSUFFICIENT
  HDFCBANK | 2018-03 | flag=INSUFFICIENT
  HDFCBANK | 2019-03 | flag=INSUFFICIENT
  HDFCBANK | 2020-03 | flag=INSUFFICIENT
  HDFCBANK | 2021-03 | flag=INSUFFICIENT
  HDFCBANK | 2022-03 | flag=INSUFFICIENT
  HDFCBANK | TTM | flag=INSUFFICIENT
  HDFCLIFE | 2013-03 | flag=INSUFFICIENT
  HDFCLIFE | 2014-03 | flag=INSUFFICIENT
  HDFCLIFE | 2015-03 | flag=INSUFFICIENT
  HDFCLIFE | 2016-03 | flag=INSUFFICIENT
  HDFCLIFE | 2017-03 | flag=INSUFFICIENT
  HDFCLIFE | 2018-03 | flag=INSUFFICIENT
  HDFCLIFE | 2019-03 | flag=INSUFFICIENT
  HDFCLIFE | 2020-03 | flag=INSUFFICIENT
  HDFCLIFE | 2021-03 | flag=INSUFFICIENT
  HDFCLIFE | 2022-03 | flag=INSUFFICIENT
  HDFCLIFE | TTM | flag=INSUFFICIENT
  HEROMOTOCO | 2014-03 | flag=INSUFFICIENT
  HEROMOTOCO | 2015-03 | flag=INSUFFICIENT
  HEROMOTOCO | 2016-03 | flag=INSUFFICIENT
  HEROMOTOCO | 2017-03 | flag=INSUFFICIENT
  HEROMOTOCO | 2018-03 | flag=INSUFFICIENT
  HEROMOTOCO | 2019-03 | flag=INSUFFICIENT
  HEROMOTOCO | 2020-03 | flag=INSUFFICIENT
  HEROMOTOCO | 2021-03 | flag=INSUFFICIENT
  HEROMOTOCO | 2022-03 | flag=INSUFFICIENT
  HEROMOTOCO | 2023-03 | flag=INSUFFICIENT
  HEROMOTOCO | TTM | flag=INSUFFICIENT
  HINDALCO | 2013-03 | flag=INSUFFICIENT
  HINDALCO | 2014-03 | flag=INSUFFICIENT
  HINDALCO | 2015-03 | flag=INSUFFICIENT
  HINDALCO | 2016-03 | flag=INSUFFICIENT
  HINDALCO | 2017-03 | flag=INSUFFICIENT
  HINDALCO | 2018-03 | flag=INSUFFICIENT
  HINDALCO | 2019-03 | flag=INSUFFICIENT
  HINDALCO | 2020-03 | flag=INSUFFICIENT
  HINDALCO | 2021-03 | flag=INSUFFICIENT
  HINDALCO | 2022-03 | flag=INSUFFICIENT
  HINDALCO | TTM | flag=INSUFFICIENT
  HINDUNILVR | 2013-03 | flag=INSUFFICIENT
  HINDUNILVR | 2014-03 | flag=INSUFFICIENT
  HINDUNILVR | 2015-03 | flag=INSUFFICIENT
  HINDUNILVR | 2016-03 | flag=INSUFFICIENT
  HINDUNILVR | 2017-03 | flag=INSUFFICIENT
  HINDUNILVR | 2018-03 | flag=INSUFFICIENT
  HINDUNILVR | 2019-03 | flag=INSUFFICIENT
  HINDUNILVR | 2020-03 | flag=INSUFFICIENT
  HINDUNILVR | 2021-03 | flag=INSUFFICIENT
  HINDUNILVR | 2022-03 | flag=INSUFFICIENT
  HINDUNILVR | TTM | flag=INSUFFICIENT
  ICICIBANK | 2013-03 | flag=INSUFFICIENT
  ICICIBANK | 2014-03 | flag=INSUFFICIENT
  ICICIBANK | 2015-03 | flag=INSUFFICIENT
  ICICIBANK | 2016-03 | flag=INSUFFICIENT
  ICICIBANK | 2017-03 | flag=INSUFFICIENT
  ICICIBANK | 2018-03 | flag=INSUFFICIENT
  ICICIBANK | 2019-03 | flag=INSUFFICIENT
  ICICIBANK | 2020-03 | flag=INSUFFICIENT
  ICICIBANK | 2021-03 | flag=INSUFFICIENT
  ICICIBANK | 2022-03 | flag=INSUFFICIENT
  ICICIBANK | TTM | flag=INSUFFICIENT
  ICICIGI | 2013-03 | flag=INSUFFICIENT
  ICICIGI | 2014-03 | flag=INSUFFICIENT
  ICICIGI | 2015-03 | flag=INSUFFICIENT
  ICICIGI | 2016-03 | flag=INSUFFICIENT
  ICICIGI | 2017-03 | flag=INSUFFICIENT
  ICICIGI | 2018-03 | flag=INSUFFICIENT
  ICICIGI | 2019-03 | flag=INSUFFICIENT
  ICICIGI | 2020-03 | flag=INSUFFICIENT
  ICICIGI | 2021-03 | flag=INSUFFICIENT
  ICICIGI | 2022-03 | flag=INSUFFICIENT
  ICICIGI | TTM | flag=INSUFFICIENT
  ICICIPRULI | 2013-03 | flag=INSUFFICIENT
  ICICIPRULI | 2014-03 | flag=INSUFFICIENT
  ICICIPRULI | 2015-03 | flag=INSUFFICIENT
  ICICIPRULI | 2016-03 | flag=INSUFFICIENT
  ICICIPRULI | 2017-03 | flag=INSUFFICIENT
  ICICIPRULI | 2018-03 | flag=INSUFFICIENT
  ICICIPRULI | 2019-03 | flag=INSUFFICIENT
  ICICIPRULI | 2020-03 | flag=INSUFFICIENT
  ICICIPRULI | 2021-03 | flag=INSUFFICIENT
  ICICIPRULI | 2022-03 | flag=INSUFFICIENT
  ICICIPRULI | TTM | flag=INSUFFICIENT
  INDIGO | 2013-03 | flag=INSUFFICIENT
  INDIGO | 2014-03 | flag=INSUFFICIENT
  INDIGO | 2015-03 | flag=INSUFFICIENT
  INDIGO | 2016-03 | flag=INSUFFICIENT
  INDIGO | 2017-03 | flag=INSUFFICIENT
  INDIGO | 2018-03 | flag=INSUFFICIENT
  INDIGO | 2019-03 | flag=INSUFFICIENT
  INDIGO | 2020-03 | flag=INSUFFICIENT
  INDIGO | 2021-03 | flag=INSUFFICIENT
  INDIGO | 2022-03 | flag=INSUFFICIENT
  INDIGO | TTM | flag=INSUFFICIENT
  INDUSINDBK | 2013-03 | flag=INSUFFICIENT
  INDUSINDBK | 2014-03 | flag=INSUFFICIENT
  INDUSINDBK | 2015-03 | flag=INSUFFICIENT
  INDUSINDBK | 2016-03 | flag=INSUFFICIENT
  INDUSINDBK | 2017-03 | flag=INSUFFICIENT
  INDUSINDBK | 2018-03 | flag=INSUFFICIENT
  INDUSINDBK | 2019-03 | flag=INSUFFICIENT
  INDUSINDBK | 2020-03 | flag=INSUFFICIENT
  INDUSINDBK | 2021-03 | flag=INSUFFICIENT
  INDUSINDBK | 2022-03 | flag=INSUFFICIENT
  INDUSINDBK | TTM | flag=INSUFFICIENT
  INFY | 2013-03 | flag=INSUFFICIENT
  INFY | 2014-03 | flag=INSUFFICIENT
  INFY | 2015-03 | flag=INSUFFICIENT
  INFY | 2016-03 | flag=INSUFFICIENT
  INFY | 2017-03 | flag=INSUFFICIENT
  INFY | 2018-03 | flag=INSUFFICIENT
  INFY | 2019-03 | flag=INSUFFICIENT
  INFY | 2020-03 | flag=INSUFFICIENT
  INFY | 2021-03 | flag=INSUFFICIENT
  INFY | 2022-03 | flag=INSUFFICIENT
  INFY | TTM | flag=INSUFFICIENT
  IOC | 2013-03 | flag=INSUFFICIENT
  IOC | 2014-03 | flag=INSUFFICIENT
  IOC | 2015-03 | flag=INSUFFICIENT
  IOC | 2016-03 | flag=INSUFFICIENT
  IOC | 2017-03 | flag=INSUFFICIENT
  IOC | 2018-03 | flag=INSUFFICIENT
  IOC | 2019-03 | flag=INSUFFICIENT
  IOC | 2020-03 | flag=INSUFFICIENT
  IOC | 2021-03 | flag=INSUFFICIENT
  IOC | 2022-03 | flag=INSUFFICIENT
  IOC | TTM | flag=INSUFFICIENT
  IRCTC | 2015-03 | flag=INSUFFICIENT
  IRCTC | 2016-03 | flag=INSUFFICIENT
  IRCTC | 2017-03 | flag=INSUFFICIENT
  IRCTC | 2018-03 | flag=INSUFFICIENT
  IRCTC | 2019-03 | flag=INSUFFICIENT
  IRCTC | 2020-03 | flag=INSUFFICIENT
  IRCTC | 2021-03 | flag=INSUFFICIENT
  IRCTC | 2022-03 | flag=INSUFFICIENT
  IRCTC | 2023-03 | flag=INSUFFICIENT
  IRCTC | 2024-03 | flag=INSUFFICIENT
  IRCTC | TTM | flag=INSUFFICIENT
  IRFC | 2013-03 | flag=INSUFFICIENT
  IRFC | 2014-03 | flag=INSUFFICIENT
  IRFC | 2015-03 | flag=INSUFFICIENT
  IRFC | 2016-03 | flag=INSUFFICIENT
  IRFC | 2017-03 | flag=INSUFFICIENT
  IRFC | 2018-03 | flag=INSUFFICIENT
  IRFC | 2019-03 | flag=INSUFFICIENT
  IRFC | 2020-03 | flag=INSUFFICIENT
  IRFC | 2021-03 | flag=INSUFFICIENT
  IRFC | 2022-03 | flag=INSUFFICIENT
  IRFC | TTM | flag=INSUFFICIENT
  ITC | 2013-03 | flag=INSUFFICIENT
  ITC | 2014-03 | flag=INSUFFICIENT
  ITC | 2015-03 | flag=INSUFFICIENT
  ITC | 2016-03 | flag=INSUFFICIENT
  ITC | 2017-03 | flag=INSUFFICIENT
  ITC | 2018-03 | flag=INSUFFICIENT
  ITC | 2019-03 | flag=INSUFFICIENT
  ITC | 2020-03 | flag=INSUFFICIENT
  ITC | 2021-03 | flag=INSUFFICIENT
  ITC | 2022-03 | flag=INSUFFICIENT
  ITC | TTM | flag=INSUFFICIENT
  JINDALSTEL | 2013-03 | flag=INSUFFICIENT
  JINDALSTEL | 2014-03 | flag=INSUFFICIENT
  JINDALSTEL | 2015-03 | flag=INSUFFICIENT
  JINDALSTEL | 2016-03 | flag=INSUFFICIENT
  JINDALSTEL | 2017-03 | flag=INSUFFICIENT
  JINDALSTEL | 2018-03 | flag=INSUFFICIENT
  JINDALSTEL | 2019-03 | flag=INSUFFICIENT
  JINDALSTEL | 2020-03 | flag=INSUFFICIENT
  JINDALSTEL | 2021-03 | flag=INSUFFICIENT
  JINDALSTEL | 2022-03 | flag=INSUFFICIENT
  JINDALSTEL | TTM | flag=INSUFFICIENT
  JIOFIN | 2023-03 | flag=INSUFFICIENT
  JIOFIN | 2024-03 | flag=INSUFFICIENT
  JIOFIN | TTM | flag=INSUFFICIENT
  JSWENERGY | 2013-03 | flag=INSUFFICIENT
  JSWENERGY | 2014-03 | flag=INSUFFICIENT
  JSWENERGY | 2015-03 | flag=INSUFFICIENT
  JSWENERGY | 2016-03 | flag=INSUFFICIENT
  JSWENERGY | 2017-03 | flag=INSUFFICIENT
  JSWENERGY | 2018-03 | flag=INSUFFICIENT
  JSWENERGY | 2019-03 | flag=INSUFFICIENT
  JSWENERGY | 2020-03 | flag=INSUFFICIENT
  JSWENERGY | 2021-03 | flag=INSUFFICIENT
  JSWENERGY | 2022-03 | flag=INSUFFICIENT
  JSWENERGY | TTM | flag=INSUFFICIENT
  JSWSTEEL | 2013-03 | flag=INSUFFICIENT
  JSWSTEEL | 2014-03 | flag=INSUFFICIENT
  JSWSTEEL | 2015-03 | flag=INSUFFICIENT
  JSWSTEEL | 2016-03 | flag=INSUFFICIENT
  JSWSTEEL | 2017-03 | flag=INSUFFICIENT
  JSWSTEEL | 2018-03 | flag=INSUFFICIENT
  JSWSTEEL | 2019-03 | flag=INSUFFICIENT
  JSWSTEEL | 2020-03 | flag=INSUFFICIENT
  JSWSTEEL | 2021-03 | flag=INSUFFICIENT
  JSWSTEEL | 2022-03 | flag=INSUFFICIENT
  JSWSTEEL | TTM | flag=INSUFFICIENT
  KOTAKBANK | 2013-03 | flag=INSUFFICIENT
  KOTAKBANK | 2014-03 | flag=INSUFFICIENT
  KOTAKBANK | 2015-03 | flag=INSUFFICIENT
  KOTAKBANK | 2016-03 | flag=INSUFFICIENT
  KOTAKBANK | 2017-03 | flag=INSUFFICIENT
  KOTAKBANK | 2018-03 | flag=INSUFFICIENT
  KOTAKBANK | 2019-03 | flag=INSUFFICIENT
  KOTAKBANK | 2020-03 | flag=INSUFFICIENT
  KOTAKBANK | 2021-03 | flag=INSUFFICIENT
  KOTAKBANK | 2022-03 | flag=INSUFFICIENT
  KOTAKBANK | TTM | flag=INSUFFICIENT
  LICI | 2019-03 | flag=INSUFFICIENT
  LICI | 2020-03 | flag=INSUFFICIENT
  LICI | 2021-03 | flag=INSUFFICIENT
  LICI | 2022-03 | flag=INSUFFICIENT
  LICI | 2023-03 | flag=INSUFFICIENT
  LICI | 2024-03 | flag=INSUFFICIENT
  LICI | TTM | flag=INSUFFICIENT
  LODHA | 2011-03 | flag=INSUFFICIENT
  LODHA | 2012-03 | flag=INSUFFICIENT
  LODHA | 2015-03 | flag=INSUFFICIENT
  LODHA | 2016-03 | flag=INSUFFICIENT
  LODHA | 2017-03 | flag=INSUFFICIENT
  LODHA | 2018-03 | flag=INSUFFICIENT
  LODHA | 2019-03 | flag=INSUFFICIENT
  LODHA | 2020-03 | flag=INSUFFICIENT
  LODHA | 2023-03 | flag=INSUFFICIENT
  LODHA | 2024-03 | flag=INSUFFICIENT
  LODHA | TTM | flag=INSUFFICIENT
  LT | 2013-03 | flag=INSUFFICIENT
  LT | 2014-03 | flag=INSUFFICIENT
  LT | 2015-03 | flag=INSUFFICIENT
  LT | 2016-03 | flag=INSUFFICIENT
  LT | 2017-03 | flag=INSUFFICIENT
  LT | 2018-03 | flag=INSUFFICIENT
  LT | 2019-03 | flag=INSUFFICIENT
  LT | 2020-03 | flag=INSUFFICIENT
  LT | 2021-03 | flag=INSUFFICIENT
  LT | 2022-03 | flag=INSUFFICIENT
  LT | TTM | flag=INSUFFICIENT
  LTIM | 2013-03 | flag=INSUFFICIENT
  LTIM | 2014-03 | flag=INSUFFICIENT
  LTIM | 2015-03 | flag=INSUFFICIENT
  LTIM | 2016-03 | flag=INSUFFICIENT
  LTIM | 2017-03 | flag=INSUFFICIENT
  LTIM | 2018-03 | flag=INSUFFICIENT
  LTIM | 2019-03 | flag=INSUFFICIENT
  LTIM | 2020-03 | flag=INSUFFICIENT
  LTIM | 2021-03 | flag=INSUFFICIENT
  LTIM | 2022-03 | flag=INSUFFICIENT
  LTIM | TTM | flag=INSUFFICIENT
  M&M | 2013-03 | flag=INSUFFICIENT
  M&M | 2014-03 | flag=INSUFFICIENT
  M&M | 2015-03 | flag=INSUFFICIENT
  M&M | 2016-03 | flag=INSUFFICIENT
  M&M | 2017-03 | flag=INSUFFICIENT
  M&M | 2018-03 | flag=INSUFFICIENT
  M&M | 2019-03 | flag=INSUFFICIENT
  M&M | 2020-03 | flag=INSUFFICIENT
  M&M | 2021-03 | flag=INSUFFICIENT
  M&M | 2022-03 | flag=INSUFFICIENT
  M&M | TTM | flag=INSUFFICIENT
  MARUTI | 2013-03 | flag=INSUFFICIENT
  MARUTI | 2014-03 | flag=INSUFFICIENT
  MARUTI | 2015-03 | flag=INSUFFICIENT
  MARUTI | 2016-03 | flag=INSUFFICIENT
  MARUTI | 2017-03 | flag=INSUFFICIENT
  MARUTI | 2018-03 | flag=INSUFFICIENT
  MARUTI | 2019-03 | flag=INSUFFICIENT
  MARUTI | 2020-03 | flag=INSUFFICIENT
  MARUTI | 2021-03 | flag=INSUFFICIENT
  MARUTI | 2022-03 | flag=INSUFFICIENT
  MARUTI | TTM | flag=INSUFFICIENT
  MOTHERSON | 2013-03 | flag=INSUFFICIENT
  MOTHERSON | 2014-03 | flag=INSUFFICIENT
  MOTHERSON | 2015-03 | flag=INSUFFICIENT
  MOTHERSON | 2016-03 | flag=INSUFFICIENT
  MOTHERSON | 2017-03 | flag=INSUFFICIENT
  MOTHERSON | 2018-03 | flag=INSUFFICIENT
  MOTHERSON | 2019-03 | flag=INSUFFICIENT
  MOTHERSON | 2020-03 | flag=INSUFFICIENT
  MOTHERSON | 2021-03 | flag=INSUFFICIENT
  MOTHERSON | 2022-03 | flag=INSUFFICIENT
  MOTHERSON | TTM | flag=INSUFFICIENT
  NAUKRI | 2013-03 | flag=INSUFFICIENT
  NAUKRI | 2014-03 | flag=INSUFFICIENT
  NAUKRI | 2015-03 | flag=INSUFFICIENT
  NAUKRI | 2016-03 | flag=INSUFFICIENT
  NAUKRI | 2017-03 | flag=INSUFFICIENT
  NAUKRI | 2018-03 | flag=INSUFFICIENT
  NAUKRI | 2019-03 | flag=INSUFFICIENT
  NAUKRI | 2020-03 | flag=INSUFFICIENT
  NAUKRI | 2021-03 | flag=INSUFFICIENT
  NAUKRI | 2022-03 | flag=INSUFFICIENT
  NAUKRI | TTM | flag=INSUFFICIENT
  NESTLEIND | 2013-12 | flag=INSUFFICIENT
  NESTLEIND | 2014-12 | flag=INSUFFICIENT
  NESTLEIND | 2015-12 | flag=INSUFFICIENT
  NESTLEIND | 2016-12 | flag=INSUFFICIENT
  NESTLEIND | 2017-12 | flag=INSUFFICIENT
  NESTLEIND | 2018-12 | flag=INSUFFICIENT
  NESTLEIND | 2019-12 | flag=INSUFFICIENT
  NESTLEIND | 2020-12 | flag=INSUFFICIENT
  NESTLEIND | 2021-12 | flag=INSUFFICIENT
  NESTLEIND | 2022-12 | flag=INSUFFICIENT
  NESTLEIND | TTM | flag=INSUFFICIENT
  NHPC | 2013-03 | flag=INSUFFICIENT
  NHPC | 2014-03 | flag=INSUFFICIENT
  NHPC | 2015-03 | flag=INSUFFICIENT
  NHPC | 2016-03 | flag=INSUFFICIENT
  NHPC | 2017-03 | flag=INSUFFICIENT
  NHPC | 2018-03 | flag=INSUFFICIENT
  NHPC | 2019-03 | flag=INSUFFICIENT
  NHPC | 2020-03 | flag=INSUFFICIENT
  NHPC | 2021-03 | flag=INSUFFICIENT
  NHPC | 2022-03 | flag=INSUFFICIENT
  NHPC | TTM | flag=INSUFFICIENT
  NTPC | 2013-03 | flag=INSUFFICIENT
  NTPC | 2014-03 | flag=INSUFFICIENT
  NTPC | 2015-03 | flag=INSUFFICIENT
  NTPC | 2016-03 | flag=INSUFFICIENT
  NTPC | 2017-03 | flag=INSUFFICIENT
  NTPC | 2018-03 | flag=INSUFFICIENT
  NTPC | 2019-03 | flag=INSUFFICIENT
  NTPC | 2020-03 | flag=INSUFFICIENT
  NTPC | 2021-03 | flag=INSUFFICIENT
  NTPC | 2022-03 | flag=INSUFFICIENT
  NTPC | TTM | flag=INSUFFICIENT
  ONGC | 2013-03 | flag=INSUFFICIENT
  ONGC | 2014-03 | flag=INSUFFICIENT
  ONGC | 2015-03 | flag=INSUFFICIENT
  ONGC | 2016-03 | flag=INSUFFICIENT
  ONGC | 2017-03 | flag=INSUFFICIENT
  ONGC | 2018-03 | flag=INSUFFICIENT
  ONGC | 2019-03 | flag=INSUFFICIENT
  ONGC | 2020-03 | flag=INSUFFICIENT
  ONGC | 2021-03 | flag=INSUFFICIENT
  ONGC | 2022-03 | flag=INSUFFICIENT
  ONGC | TTM | flag=INSUFFICIENT
  PFC | 2013-03 | flag=INSUFFICIENT
  PFC | 2014-03 | flag=INSUFFICIENT
  PFC | 2015-03 | flag=INSUFFICIENT
  PFC | 2016-03 | flag=INSUFFICIENT
  PFC | 2017-03 | flag=INSUFFICIENT
  PFC | 2018-03 | flag=INSUFFICIENT
  PFC | 2019-03 | flag=INSUFFICIENT
  PFC | 2020-03 | flag=INSUFFICIENT
  PFC | 2021-03 | flag=INSUFFICIENT
  PFC | 2022-03 | flag=INSUFFICIENT
  PFC | TTM | flag=INSUFFICIENT
  PIDILITIND | 2013-03 | flag=INSUFFICIENT
  PIDILITIND | 2014-03 | flag=INSUFFICIENT
  PIDILITIND | 2015-03 | flag=INSUFFICIENT
  PIDILITIND | 2016-03 | flag=INSUFFICIENT
  PIDILITIND | 2017-03 | flag=INSUFFICIENT
  PIDILITIND | 2018-03 | flag=INSUFFICIENT
  PIDILITIND | 2019-03 | flag=INSUFFICIENT
  PIDILITIND | 2020-03 | flag=INSUFFICIENT
  PIDILITIND | 2021-03 | flag=INSUFFICIENT
  PIDILITIND | 2022-03 | flag=INSUFFICIENT
  PIDILITIND | TTM | flag=INSUFFICIENT
  PNB | 2013-03 | flag=INSUFFICIENT
  PNB | 2014-03 | flag=INSUFFICIENT
  PNB | 2015-03 | flag=INSUFFICIENT
  PNB | 2016-03 | flag=INSUFFICIENT
  PNB | 2017-03 | flag=INSUFFICIENT
  PNB | 2018-03 | flag=INSUFFICIENT
  PNB | 2019-03 | flag=INSUFFICIENT
  PNB | 2020-03 | flag=INSUFFICIENT
  PNB | 2021-03 | flag=INSUFFICIENT
  PNB | 2022-03 | flag=INSUFFICIENT
  PNB | TTM | flag=INSUFFICIENT
  POWERGRID | 2013-03 | flag=INSUFFICIENT
  POWERGRID | 2014-03 | flag=INSUFFICIENT
  POWERGRID | 2015-03 | flag=INSUFFICIENT
  POWERGRID | 2016-03 | flag=INSUFFICIENT
  POWERGRID | 2017-03 | flag=INSUFFICIENT
  POWERGRID | 2018-03 | flag=INSUFFICIENT
  POWERGRID | 2019-03 | flag=INSUFFICIENT
  POWERGRID | 2020-03 | flag=INSUFFICIENT
  POWERGRID | 2021-03 | flag=INSUFFICIENT
  POWERGRID | 2022-03 | flag=INSUFFICIENT
  POWERGRID | TTM | flag=INSUFFICIENT
  RECLTD | 2013-03 | flag=INSUFFICIENT
  RECLTD | 2014-03 | flag=INSUFFICIENT
  RECLTD | 2015-03 | flag=INSUFFICIENT
  RECLTD | 2016-03 | flag=INSUFFICIENT
  RECLTD | 2017-03 | flag=INSUFFICIENT
  RECLTD | 2018-03 | flag=INSUFFICIENT
  RECLTD | 2019-03 | flag=INSUFFICIENT
  RECLTD | 2020-03 | flag=INSUFFICIENT
  RECLTD | 2021-03 | flag=INSUFFICIENT
  RECLTD | 2022-03 | flag=INSUFFICIENT
  RECLTD | TTM | flag=INSUFFICIENT
  RELIANCE | 2013-03 | flag=INSUFFICIENT
  RELIANCE | 2014-03 | flag=INSUFFICIENT
  RELIANCE | 2015-03 | flag=INSUFFICIENT
  RELIANCE | 2016-03 | flag=INSUFFICIENT
  RELIANCE | 2017-03 | flag=INSUFFICIENT
  RELIANCE | 2018-03 | flag=INSUFFICIENT
  RELIANCE | 2019-03 | flag=INSUFFICIENT
  RELIANCE | 2020-03 | flag=INSUFFICIENT
  RELIANCE | 2021-03 | flag=INSUFFICIENT
  RELIANCE | 2022-03 | flag=INSUFFICIENT
  RELIANCE | TTM | flag=INSUFFICIENT
  SBILIFE | 2013-03 | flag=INSUFFICIENT
  SBILIFE | 2014-03 | flag=INSUFFICIENT
  SBILIFE | 2015-03 | flag=INSUFFICIENT
  SBILIFE | 2016-03 | flag=INSUFFICIENT
  SBILIFE | 2017-03 | flag=INSUFFICIENT
  SBILIFE | 2018-03 | flag=INSUFFICIENT
  SBILIFE | 2019-03 | flag=INSUFFICIENT
  SBILIFE | 2020-03 | flag=INSUFFICIENT
  SBILIFE | 2021-03 | flag=INSUFFICIENT
  SBILIFE | 2022-03 | flag=INSUFFICIENT
  SBILIFE | TTM | flag=INSUFFICIENT
  SBIN | 2013-03 | flag=INSUFFICIENT
  SBIN | 2014-03 | flag=INSUFFICIENT
  SBIN | 2015-03 | flag=INSUFFICIENT
  SBIN | 2016-03 | flag=INSUFFICIENT
  SBIN | 2017-03 | flag=INSUFFICIENT
  SBIN | 2018-03 | flag=INSUFFICIENT
  SBIN | 2019-03 | flag=INSUFFICIENT
  SBIN | 2020-03 | flag=INSUFFICIENT
  SBIN | 2021-03 | flag=INSUFFICIENT
  SBIN | 2022-03 | flag=INSUFFICIENT
  SBIN | TTM | flag=INSUFFICIENT
  SHREECEM | 2013-06 | flag=INSUFFICIENT
  SHREECEM | 2014-06 | flag=INSUFFICIENT
  SHREECEM | 2015-06 | flag=INSUFFICIENT
  SHREECEM | 2016-03 | flag=INSUFFICIENT
  SHREECEM | 2017-03 | flag=INSUFFICIENT
  SHREECEM | 2018-03 | flag=INSUFFICIENT
  SHREECEM | 2019-03 | flag=INSUFFICIENT
  SHREECEM | 2020-03 | flag=INSUFFICIENT
  SHREECEM | 2021-03 | flag=INSUFFICIENT
  SHREECEM | 2022-03 | flag=INSUFFICIENT
  SHREECEM | TTM | flag=INSUFFICIENT
  SHRIRAMFIN | 2013-03 | flag=INSUFFICIENT
  SHRIRAMFIN | 2014-03 | flag=INSUFFICIENT
  SHRIRAMFIN | 2015-03 | flag=INSUFFICIENT
  SHRIRAMFIN | 2016-03 | flag=INSUFFICIENT
  SHRIRAMFIN | 2017-03 | flag=INSUFFICIENT
  SHRIRAMFIN | 2018-03 | flag=INSUFFICIENT
  SHRIRAMFIN | 2019-03 | flag=INSUFFICIENT
  SHRIRAMFIN | 2020-03 | flag=INSUFFICIENT
  SHRIRAMFIN | 2021-03 | flag=INSUFFICIENT
  SHRIRAMFIN | 2022-03 | flag=INSUFFICIENT
  SHRIRAMFIN | TTM | flag=INSUFFICIENT
  SIEMENS | 2011-09 | flag=INSUFFICIENT
  SIEMENS | 2014-09 | flag=INSUFFICIENT
  SIEMENS | 2015-09 | flag=INSUFFICIENT
  SIEMENS | 2016-09 | flag=INSUFFICIENT
  SIEMENS | 2017-09 | flag=INSUFFICIENT
  SIEMENS | 2018-09 | flag=INSUFFICIENT
  SIEMENS | 2019-09 | flag=INSUFFICIENT
  SIEMENS | 2020-09 | flag=INSUFFICIENT
  SIEMENS | 2022-09 | flag=INSUFFICIENT
  SIEMENS | 2023-09 | flag=INSUFFICIENT
  SUNPHARMA | 2013-03 | flag=INSUFFICIENT
  SUNPHARMA | 2014-03 | flag=INSUFFICIENT
  SUNPHARMA | 2015-03 | flag=INSUFFICIENT
  SUNPHARMA | 2016-03 | flag=INSUFFICIENT
  SUNPHARMA | 2017-03 | flag=INSUFFICIENT
  SUNPHARMA | 2018-03 | flag=INSUFFICIENT
  SUNPHARMA | 2019-03 | flag=INSUFFICIENT
  SUNPHARMA | 2020-03 | flag=INSUFFICIENT
  SUNPHARMA | 2021-03 | flag=INSUFFICIENT
  SUNPHARMA | 2022-03 | flag=INSUFFICIENT
  SUNPHARMA | TTM | flag=INSUFFICIENT
  TATACONSUM | 2013-03 | flag=INSUFFICIENT
  TATACONSUM | 2014-03 | flag=INSUFFICIENT
  TATACONSUM | 2015-03 | flag=INSUFFICIENT
  TATACONSUM | 2016-03 | flag=INSUFFICIENT
  TATACONSUM | 2017-03 | flag=INSUFFICIENT
  TATACONSUM | 2018-03 | flag=INSUFFICIENT
  TATACONSUM | 2019-03 | flag=INSUFFICIENT
  TATACONSUM | 2020-03 | flag=INSUFFICIENT
  TATACONSUM | 2021-03 | flag=INSUFFICIENT
  TATACONSUM | 2022-03 | flag=INSUFFICIENT
  TATACONSUM | TTM | flag=INSUFFICIENT
  TATAMOTORS | 2013-03 | flag=INSUFFICIENT
  TATAMOTORS | 2014-03 | flag=INSUFFICIENT
  TATAMOTORS | 2015-03 | flag=INSUFFICIENT
  TATAMOTORS | 2016-03 | flag=INSUFFICIENT
  TATAMOTORS | 2017-03 | flag=INSUFFICIENT
  TATAMOTORS | 2018-03 | flag=INSUFFICIENT
  TATAMOTORS | 2019-03 | flag=INSUFFICIENT
  TATAMOTORS | 2020-03 | flag=INSUFFICIENT
  TATAMOTORS | 2021-03 | flag=INSUFFICIENT
  TATAMOTORS | 2022-03 | flag=INSUFFICIENT
  TATAMOTORS | TTM | flag=INSUFFICIENT
  TATAPOWER | 2013-03 | flag=INSUFFICIENT
  TATAPOWER | 2014-03 | flag=INSUFFICIENT
  TATAPOWER | 2015-03 | flag=INSUFFICIENT
  TATAPOWER | 2016-03 | flag=INSUFFICIENT
  TATAPOWER | 2017-03 | flag=INSUFFICIENT
  TATAPOWER | 2018-03 | flag=INSUFFICIENT
  TATAPOWER | 2019-03 | flag=INSUFFICIENT
  TATAPOWER | 2020-03 | flag=INSUFFICIENT
  TATAPOWER | 2021-03 | flag=INSUFFICIENT
  TATAPOWER | 2022-03 | flag=INSUFFICIENT
  TATAPOWER | TTM | flag=INSUFFICIENT
  TATASTEEL | 2013-03 | flag=INSUFFICIENT
  TATASTEEL | 2014-03 | flag=INSUFFICIENT
  TATASTEEL | 2015-03 | flag=INSUFFICIENT
  TATASTEEL | 2016-03 | flag=INSUFFICIENT
  TATASTEEL | 2017-03 | flag=INSUFFICIENT
  TATASTEEL | 2018-03 | flag=INSUFFICIENT
  TATASTEEL | 2019-03 | flag=INSUFFICIENT
  TATASTEEL | 2020-03 | flag=INSUFFICIENT
  TATASTEEL | 2021-03 | flag=INSUFFICIENT
  TATASTEEL | 2022-03 | flag=INSUFFICIENT
  TATASTEEL | TTM | flag=INSUFFICIENT
  TCS | 2013-03 | flag=INSUFFICIENT
  TCS | 2014-03 | flag=INSUFFICIENT
  TCS | 2015-03 | flag=INSUFFICIENT
  TCS | 2016-03 | flag=INSUFFICIENT
  TCS | 2017-03 | flag=INSUFFICIENT
  TCS | 2018-03 | flag=INSUFFICIENT
  TCS | 2019-03 | flag=INSUFFICIENT
  TCS | 2020-03 | flag=INSUFFICIENT
  TCS | 2021-03 | flag=INSUFFICIENT
  TCS | 2022-03 | flag=INSUFFICIENT
  TCS | TTM | flag=INSUFFICIENT
  TECHM | 2013-03 | flag=INSUFFICIENT
  TECHM | 2014-03 | flag=INSUFFICIENT
  TECHM | 2015-03 | flag=INSUFFICIENT
  TECHM | 2016-03 | flag=INSUFFICIENT
  TECHM | 2017-03 | flag=INSUFFICIENT
  TECHM | 2018-03 | flag=INSUFFICIENT
  TECHM | 2019-03 | flag=INSUFFICIENT
  TECHM | 2020-03 | flag=INSUFFICIENT
  TECHM | 2021-03 | flag=INSUFFICIENT
  TECHM | 2022-03 | flag=INSUFFICIENT
  TECHM | TTM | flag=INSUFFICIENT
  TITAN | 2013-03 | flag=INSUFFICIENT
  TITAN | 2014-03 | flag=INSUFFICIENT
  TITAN | 2015-03 | flag=INSUFFICIENT
  TITAN | 2016-03 | flag=INSUFFICIENT
  TITAN | 2017-03 | flag=INSUFFICIENT
  TITAN | 2018-03 | flag=INSUFFICIENT
  TITAN | 2019-03 | flag=INSUFFICIENT
  TITAN | 2020-03 | flag=INSUFFICIENT
  TITAN | 2021-03 | flag=INSUFFICIENT
  TITAN | 2022-03 | flag=INSUFFICIENT
  TITAN | TTM | flag=INSUFFICIENT
  TORNTPHARM | 2013-03 | flag=INSUFFICIENT
  TORNTPHARM | 2014-03 | flag=INSUFFICIENT
  TORNTPHARM | 2015-03 | flag=INSUFFICIENT
  TORNTPHARM | 2016-03 | flag=INSUFFICIENT
  TORNTPHARM | 2017-03 | flag=INSUFFICIENT
  TORNTPHARM | 2018-03 | flag=INSUFFICIENT
  TORNTPHARM | 2019-03 | flag=INSUFFICIENT
  TORNTPHARM | 2020-03 | flag=INSUFFICIENT
  TORNTPHARM | 2021-03 | flag=INSUFFICIENT
  TORNTPHARM | 2022-03 | flag=INSUFFICIENT
  TORNTPHARM | TTM | flag=INSUFFICIENT
  TRENT | 2013-03 | flag=INSUFFICIENT
  TRENT | 2014-03 | flag=INSUFFICIENT
  TRENT | 2015-03 | flag=INSUFFICIENT
  TRENT | 2016-03 | flag=INSUFFICIENT
  TRENT | 2017-03 | flag=INSUFFICIENT
  TRENT | 2018-03 | flag=INSUFFICIENT
  TRENT | 2019-03 | flag=INSUFFICIENT
  TRENT | 2020-03 | flag=INSUFFICIENT
  TRENT | 2021-03 | flag=INSUFFICIENT
  TRENT | 2022-03 | flag=INSUFFICIENT
  TRENT | TTM | flag=INSUFFICIENT
  TVSMOTOR | 2013-03 | flag=INSUFFICIENT
  TVSMOTOR | 2014-03 | flag=INSUFFICIENT
  TVSMOTOR | 2015-03 | flag=INSUFFICIENT
  TVSMOTOR | 2016-03 | flag=INSUFFICIENT
  TVSMOTOR | 2017-03 | flag=INSUFFICIENT
  TVSMOTOR | 2018-03 | flag=INSUFFICIENT
  TVSMOTOR | 2019-03 | flag=INSUFFICIENT
  TVSMOTOR | 2020-03 | flag=INSUFFICIENT
  TVSMOTOR | 2021-03 | flag=INSUFFICIENT
  TVSMOTOR | 2022-03 | flag=INSUFFICIENT
  TVSMOTOR | TTM | flag=INSUFFICIENT

[PAT_CAGR_3YR_FLAG] Count: 457
Explanation: Non-normal CAGR cases are documented instead of forcing an invalid CAGR.
  ABB | 2012-12 | flag=INSUFFICIENT
  ABB | 2014-03 | flag=INSUFFICIENT
  ABB | 2016-03 | flag=INSUFFICIENT
  ABB | TTM | flag=INSUFFICIENT
  ADANIENSOL | 2014-03 | flag=INSUFFICIENT
  ADANIENSOL | 2015-03 | flag=INSUFFICIENT
  ADANIENSOL | 2016-03 | flag=INSUFFICIENT
  ADANIENSOL | 2017-03 | flag=ZERO_BASE
  ADANIENSOL | 2018-03 | flag=TURNAROUND
  ADANIENSOL | TTM | flag=INSUFFICIENT
  ADANIENT | 2013-03 | flag=INSUFFICIENT
  ADANIENT | 2014-03 | flag=INSUFFICIENT
  ADANIENT | 2015-03 | flag=INSUFFICIENT
  ADANIENT | TTM | flag=INSUFFICIENT
  ADANIGREEN | 2017-03 | flag=INSUFFICIENT
  ADANIGREEN | 2018-03 | flag=INSUFFICIENT
  ADANIGREEN | 2019-03 | flag=INSUFFICIENT
  ADANIGREEN | 2020-03 | flag=BOTH_NEGATIVE
  ADANIGREEN | 2021-03 | flag=TURNAROUND
  ADANIGREEN | 2022-03 | flag=TURNAROUND
  ADANIGREEN | 2023-03 | flag=TURNAROUND
  ADANIGREEN | TTM | flag=INSUFFICIENT
  ADANIPORTS | 2013-03 | flag=INSUFFICIENT
  ADANIPORTS | 2014-03 | flag=INSUFFICIENT
  ADANIPORTS | 2015-03 | flag=INSUFFICIENT
  ADANIPORTS | TTM | flag=INSUFFICIENT
  ADANIPOWER | 2013-03 | flag=INSUFFICIENT
  ADANIPOWER | 2014-03 | flag=INSUFFICIENT
  ADANIPOWER | 2015-03 | flag=INSUFFICIENT
  ADANIPOWER | 2016-03 | flag=TURNAROUND
  ADANIPOWER | 2017-03 | flag=BOTH_NEGATIVE
  ADANIPOWER | 2018-03 | flag=BOTH_NEGATIVE
  ADANIPOWER | 2019-03 | flag=DECLINE_TO_LOSS
  ADANIPOWER | 2020-03 | flag=BOTH_NEGATIVE
  ADANIPOWER | 2021-03 | flag=TURNAROUND
  ADANIPOWER | 2022-03 | flag=TURNAROUND
  ADANIPOWER | 2023-03 | flag=TURNAROUND
  ADANIPOWER | TTM | flag=INSUFFICIENT
  AMBUJACEM | 2012-12 | flag=INSUFFICIENT
  AMBUJACEM | 2013-12 | flag=INSUFFICIENT
  AMBUJACEM | 2014-12 | flag=INSUFFICIENT
  AMBUJACEM | TTM | flag=INSUFFICIENT
  APOLLOHOSP | 2013-03 | flag=INSUFFICIENT
  APOLLOHOSP | 2014-03 | flag=INSUFFICIENT
  APOLLOHOSP | 2015-03 | flag=INSUFFICIENT
  APOLLOHOSP | TTM | flag=INSUFFICIENT
  ASIANPAINT | 2013-03 | flag=INSUFFICIENT
  ASIANPAINT | 2014-03 | flag=INSUFFICIENT
  ASIANPAINT | 2015-03 | flag=INSUFFICIENT
  ASIANPAINT | TTM | flag=INSUFFICIENT
  ATGL | 2018-03 | flag=INSUFFICIENT
  ATGL | 2019-03 | flag=INSUFFICIENT
  ATGL | 2020-03 | flag=INSUFFICIENT
  ATGL | TTM | flag=INSUFFICIENT
  AXISBANK | 2013-03 | flag=INSUFFICIENT
  AXISBANK | 2014-03 | flag=INSUFFICIENT
  AXISBANK | 2015-03 | flag=INSUFFICIENT
  AXISBANK | TTM | flag=INSUFFICIENT
  BAJAJ-AUTO | 2013-03 | flag=INSUFFICIENT
  BAJAJ-AUTO | 2014-03 | flag=INSUFFICIENT
  BAJAJ-AUTO | 2015-03 | flag=INSUFFICIENT
  BAJAJ-AUTO | TTM | flag=INSUFFICIENT
  BAJAJFINSV | 2013-03 | flag=INSUFFICIENT
  BAJAJFINSV | 2014-03 | flag=INSUFFICIENT
  BAJAJFINSV | 2015-03 | flag=INSUFFICIENT
  BAJAJFINSV | TTM | flag=INSUFFICIENT
  BAJAJHLDNG | 2013-03 | flag=INSUFFICIENT
  BAJAJHLDNG | 2014-03 | flag=INSUFFICIENT
  BAJAJHLDNG | 2015-03 | flag=INSUFFICIENT
  BAJAJHLDNG | TTM | flag=INSUFFICIENT
  BAJFINANCE | 2015-03 | flag=INSUFFICIENT
  BAJFINANCE | 2016-03 | flag=INSUFFICIENT
  BAJFINANCE | 2017-03 | flag=INSUFFICIENT
  BAJFINANCE | TTM | flag=INSUFFICIENT
  BANKBARODA | 2013-03 | flag=INSUFFICIENT
  BANKBARODA | 2014-03 | flag=INSUFFICIENT
  BANKBARODA | 2015-03 | flag=INSUFFICIENT
  BANKBARODA | 2016-03 | flag=DECLINE_TO_LOSS
  BANKBARODA | 2018-03 | flag=DECLINE_TO_LOSS
  BANKBARODA | 2019-03 | flag=TURNAROUND
  BANKBARODA | 2021-03 | flag=TURNAROUND
  BANKBARODA | TTM | flag=INSUFFICIENT
  BEL | 2013-03 | flag=INSUFFICIENT
  BEL | 2014-03 | flag=INSUFFICIENT
  BEL | 2015-03 | flag=INSUFFICIENT
  BEL | TTM | flag=INSUFFICIENT
  BHARTIARTL | 2013-03 | flag=INSUFFICIENT
  BHARTIARTL | 2014-03 | flag=INSUFFICIENT
  BHARTIARTL | 2015-03 | flag=INSUFFICIENT
  BHARTIARTL | 2020-03 | flag=DECLINE_TO_LOSS
  BHARTIARTL | 2021-03 | flag=DECLINE_TO_LOSS
  BHARTIARTL | 2023-03 | flag=TURNAROUND
  BHARTIARTL | 2024-03 | flag=TURNAROUND
  BHARTIARTL | TTM | flag=INSUFFICIENT
  BHEL | 2013-03 | flag=INSUFFICIENT
  BHEL | 2014-03 | flag=INSUFFICIENT
  BHEL | 2015-03 | flag=INSUFFICIENT
  BHEL | 2016-03 | flag=DECLINE_TO_LOSS
  BHEL | 2019-03 | flag=TURNAROUND
  BHEL | 2020-03 | flag=DECLINE_TO_LOSS
  BHEL | 2021-03 | flag=DECLINE_TO_LOSS
  BHEL | 2023-03 | flag=TURNAROUND
  BHEL | 2024-03 | flag=TURNAROUND
  BHEL | TTM | flag=INSUFFICIENT
  BOSCHLTD | 2012-12 | flag=INSUFFICIENT
  BOSCHLTD | 2013-12 | flag=INSUFFICIENT
  BOSCHLTD | 2017-03 | flag=INSUFFICIENT
  BOSCHLTD | TTM | flag=INSUFFICIENT
  BPCL | 2013-03 | flag=INSUFFICIENT
  BPCL | 2014-03 | flag=INSUFFICIENT
  BPCL | 2015-03 | flag=INSUFFICIENT
  BPCL | TTM | flag=INSUFFICIENT
  BRITANNIA | 2013-03 | flag=INSUFFICIENT
  BRITANNIA | 2014-03 | flag=INSUFFICIENT
  BRITANNIA | 2015-03 | flag=INSUFFICIENT
  BRITANNIA | TTM | flag=INSUFFICIENT
  CANBK | 2013-03 | flag=INSUFFICIENT
  CANBK | 2014-03 | flag=INSUFFICIENT
  CANBK | 2015-03 | flag=INSUFFICIENT
  CANBK | 2016-03 | flag=DECLINE_TO_LOSS
  CANBK | 2018-03 | flag=DECLINE_TO_LOSS
  CANBK | 2019-03 | flag=TURNAROUND
  CANBK | 2020-03 | flag=DECLINE_TO_LOSS
  CANBK | 2021-03 | flag=TURNAROUND
  CANBK | 2023-03 | flag=TURNAROUND
  CANBK | TTM | flag=INSUFFICIENT
  CHOLAFIN | 2013-03 | flag=INSUFFICIENT
  CHOLAFIN | 2014-03 | flag=INSUFFICIENT
  CHOLAFIN | 2015-03 | flag=INSUFFICIENT
  CHOLAFIN | TTM | flag=INSUFFICIENT
  CIPLA | 2013-03 | flag=INSUFFICIENT
  CIPLA | 2014-03 | flag=INSUFFICIENT
  CIPLA | 2015-03 | flag=INSUFFICIENT
  CIPLA | TTM | flag=INSUFFICIENT
  COALINDIA | 2013-03 | flag=INSUFFICIENT
  COALINDIA | 2014-03 | flag=INSUFFICIENT
  COALINDIA | 2015-03 | flag=INSUFFICIENT
  COALINDIA | TTM | flag=INSUFFICIENT
  DABUR | 2013-03 | flag=INSUFFICIENT
  DABUR | 2014-03 | flag=INSUFFICIENT
  DABUR | 2015-03 | flag=INSUFFICIENT
  DABUR | TTM | flag=INSUFFICIENT
  DIVISLAB | 2013-03 | flag=INSUFFICIENT
  DIVISLAB | 2014-03 | flag=INSUFFICIENT
  DIVISLAB | 2015-03 | flag=INSUFFICIENT
  DIVISLAB | TTM | flag=INSUFFICIENT
  DLF | 2013-03 | flag=INSUFFICIENT
  DLF | 2014-03 | flag=INSUFFICIENT
  DLF | 2015-03 | flag=INSUFFICIENT
  DLF | 2020-03 | flag=DECLINE_TO_LOSS
  DLF | 2023-03 | flag=TURNAROUND
  DLF | TTM | flag=INSUFFICIENT
  DMART | 2013-03 | flag=INSUFFICIENT
  DMART | 2014-03 | flag=INSUFFICIENT
  DMART | 2015-03 | flag=INSUFFICIENT
  DMART | TTM | flag=INSUFFICIENT
  DRREDDY | 2013-03 | flag=INSUFFICIENT
  DRREDDY | 2014-03 | flag=INSUFFICIENT
  DRREDDY | 2015-03 | flag=INSUFFICIENT
  DRREDDY | TTM | flag=INSUFFICIENT
  EICHERMOT | 2012-12 | flag=INSUFFICIENT
  EICHERMOT | 2013-12 | flag=INSUFFICIENT
  EICHERMOT | 2014-12 | flag=INSUFFICIENT
  EICHERMOT | 2018-03 | flag=INSUFFICIENT
  EICHERMOT | TTM | flag=INSUFFICIENT
  GAIL | 2013-03 | flag=INSUFFICIENT
  GAIL | 2014-03 | flag=INSUFFICIENT
  GAIL | 2015-03 | flag=INSUFFICIENT
  GAIL | TTM | flag=INSUFFICIENT
  GODREJCP | 2013-03 | flag=INSUFFICIENT
  GODREJCP | 2014-03 | flag=INSUFFICIENT
  GODREJCP | 2015-03 | flag=INSUFFICIENT
  GODREJCP | 2024-03 | flag=DECLINE_TO_LOSS
  GODREJCP | TTM | flag=INSUFFICIENT
  GRASIM | 2013-03 | flag=INSUFFICIENT
  GRASIM | 2014-03 | flag=INSUFFICIENT
  GRASIM | 2015-03 | flag=INSUFFICIENT
  GRASIM | TTM | flag=INSUFFICIENT
  HAL | 2013-03 | flag=INSUFFICIENT
  HAL | 2014-03 | flag=INSUFFICIENT
  HAL | 2015-03 | flag=INSUFFICIENT
  HAL | TTM | flag=INSUFFICIENT
  HAVELLS | 2013-03 | flag=INSUFFICIENT
  HAVELLS | 2014-03 | flag=INSUFFICIENT
  HAVELLS | 2015-03 | flag=INSUFFICIENT
  HAVELLS | TTM | flag=INSUFFICIENT
  HCLTECH | 2013-06 | flag=INSUFFICIENT
  HCLTECH | 2014-06 | flag=INSUFFICIENT
  HCLTECH | 2015-06 | flag=INSUFFICIENT
  HCLTECH | TTM | flag=INSUFFICIENT
  HDFCBANK | 2013-03 | flag=INSUFFICIENT
  HDFCBANK | 2014-03 | flag=INSUFFICIENT
  HDFCBANK | 2015-03 | flag=INSUFFICIENT
  HDFCBANK | TTM | flag=INSUFFICIENT
  HDFCLIFE | 2013-03 | flag=INSUFFICIENT
  HDFCLIFE | 2014-03 | flag=INSUFFICIENT
  HDFCLIFE | 2015-03 | flag=INSUFFICIENT
  HDFCLIFE | TTM | flag=INSUFFICIENT
  HEROMOTOCO | 2014-03 | flag=INSUFFICIENT
  HEROMOTOCO | 2015-03 | flag=INSUFFICIENT
  HEROMOTOCO | 2016-03 | flag=INSUFFICIENT
  HEROMOTOCO | TTM | flag=INSUFFICIENT
  HINDALCO | 2013-03 | flag=INSUFFICIENT
  HINDALCO | 2014-03 | flag=INSUFFICIENT
  HINDALCO | 2015-03 | flag=INSUFFICIENT
  HINDALCO | 2016-03 | flag=DECLINE_TO_LOSS
  HINDALCO | 2019-03 | flag=TURNAROUND
  HINDALCO | TTM | flag=INSUFFICIENT
  HINDUNILVR | 2013-03 | flag=INSUFFICIENT
  HINDUNILVR | 2014-03 | flag=INSUFFICIENT
  HINDUNILVR | 2015-03 | flag=INSUFFICIENT
  HINDUNILVR | TTM | flag=INSUFFICIENT
  ICICIBANK | 2013-03 | flag=INSUFFICIENT
  ICICIBANK | 2014-03 | flag=INSUFFICIENT
  ICICIBANK | 2015-03 | flag=INSUFFICIENT
  ICICIBANK | TTM | flag=INSUFFICIENT
  ICICIGI | 2013-03 | flag=INSUFFICIENT
  ICICIGI | 2014-03 | flag=INSUFFICIENT
  ICICIGI | 2015-03 | flag=INSUFFICIENT
  ICICIGI | TTM | flag=INSUFFICIENT
  ICICIPRULI | 2013-03 | flag=INSUFFICIENT
  ICICIPRULI | 2014-03 | flag=INSUFFICIENT
  ICICIPRULI | 2015-03 | flag=INSUFFICIENT
  ICICIPRULI | TTM | flag=INSUFFICIENT
  INDIGO | 2013-03 | flag=INSUFFICIENT
  INDIGO | 2014-03 | flag=INSUFFICIENT
  INDIGO | 2015-03 | flag=INSUFFICIENT
  INDIGO | 2020-03 | flag=DECLINE_TO_LOSS
  INDIGO | 2021-03 | flag=DECLINE_TO_LOSS
  INDIGO | 2022-03 | flag=DECLINE_TO_LOSS
  INDIGO | 2023-03 | flag=BOTH_NEGATIVE
  INDIGO | 2024-03 | flag=TURNAROUND
  INDIGO | TTM | flag=INSUFFICIENT
  INDUSINDBK | 2013-03 | flag=INSUFFICIENT
  INDUSINDBK | 2014-03 | flag=INSUFFICIENT
  INDUSINDBK | 2015-03 | flag=INSUFFICIENT
  INDUSINDBK | TTM | flag=INSUFFICIENT
  INFY | 2013-03 | flag=INSUFFICIENT
  INFY | 2014-03 | flag=INSUFFICIENT
  INFY | 2015-03 | flag=INSUFFICIENT
  INFY | TTM | flag=INSUFFICIENT
  IOC | 2013-03 | flag=INSUFFICIENT
  IOC | 2014-03 | flag=INSUFFICIENT
  IOC | 2015-03 | flag=INSUFFICIENT
  IOC | 2020-03 | flag=DECLINE_TO_LOSS
  IOC | 2023-03 | flag=TURNAROUND
  IOC | TTM | flag=INSUFFICIENT
  IRCTC | 2015-03 | flag=INSUFFICIENT
  IRCTC | 2016-03 | flag=INSUFFICIENT
  IRCTC | 2017-03 | flag=INSUFFICIENT
  IRCTC | TTM | flag=INSUFFICIENT
  IRFC | 2013-03 | flag=INSUFFICIENT
  IRFC | 2014-03 | flag=INSUFFICIENT
  IRFC | 2015-03 | flag=INSUFFICIENT
  IRFC | TTM | flag=INSUFFICIENT
  ITC | 2013-03 | flag=INSUFFICIENT
  ITC | 2014-03 | flag=INSUFFICIENT
  ITC | 2015-03 | flag=INSUFFICIENT
  ITC | TTM | flag=INSUFFICIENT
  JINDALSTEL | 2013-03 | flag=INSUFFICIENT
  JINDALSTEL | 2014-03 | flag=INSUFFICIENT
  JINDALSTEL | 2015-03 | flag=INSUFFICIENT
  JINDALSTEL | 2016-03 | flag=DECLINE_TO_LOSS
  JINDALSTEL | 2017-03 | flag=DECLINE_TO_LOSS
  JINDALSTEL | 2018-03 | flag=BOTH_NEGATIVE
  JINDALSTEL | 2019-03 | flag=BOTH_NEGATIVE
  JINDALSTEL | 2020-03 | flag=BOTH_NEGATIVE
  JINDALSTEL | 2021-03 | flag=TURNAROUND
  JINDALSTEL | 2022-03 | flag=TURNAROUND
  JINDALSTEL | 2023-03 | flag=TURNAROUND
  JINDALSTEL | TTM | flag=INSUFFICIENT
  JIOFIN | 2023-03 | flag=INSUFFICIENT
  JIOFIN | 2024-03 | flag=INSUFFICIENT
  JIOFIN | TTM | flag=INSUFFICIENT
  JSWENERGY | 2013-03 | flag=INSUFFICIENT
  JSWENERGY | 2014-03 | flag=INSUFFICIENT
  JSWENERGY | 2015-03 | flag=INSUFFICIENT
  JSWENERGY | TTM | flag=INSUFFICIENT
  JSWSTEEL | 2013-03 | flag=INSUFFICIENT
  JSWSTEEL | 2014-03 | flag=INSUFFICIENT
  JSWSTEEL | 2015-03 | flag=INSUFFICIENT
  JSWSTEEL | 2016-03 | flag=DECLINE_TO_LOSS
  JSWSTEEL | 2019-03 | flag=TURNAROUND
  JSWSTEEL | TTM | flag=INSUFFICIENT
  KOTAKBANK | 2013-03 | flag=INSUFFICIENT
  KOTAKBANK | 2014-03 | flag=INSUFFICIENT
  KOTAKBANK | 2015-03 | flag=INSUFFICIENT
  KOTAKBANK | TTM | flag=INSUFFICIENT
  LICI | 2019-03 | flag=INSUFFICIENT
  LICI | 2020-03 | flag=INSUFFICIENT
  LICI | 2021-03 | flag=INSUFFICIENT
  LICI | TTM | flag=INSUFFICIENT
  LODHA | 2011-03 | flag=INSUFFICIENT
  LODHA | 2012-03 | flag=INSUFFICIENT
  LODHA | 2016-03 | flag=INSUFFICIENT
  LODHA | 2017-03 | flag=INSUFFICIENT
  LODHA | TTM | flag=INSUFFICIENT
  LT | 2013-03 | flag=INSUFFICIENT
  LT | 2014-03 | flag=INSUFFICIENT
  LT | 2015-03 | flag=INSUFFICIENT
  LT | TTM | flag=INSUFFICIENT
  LTIM | 2013-03 | flag=INSUFFICIENT
  LTIM | 2014-03 | flag=INSUFFICIENT
  LTIM | 2015-03 | flag=INSUFFICIENT
  LTIM | TTM | flag=INSUFFICIENT
  M&M | 2013-03 | flag=INSUFFICIENT
  M&M | 2014-03 | flag=INSUFFICIENT
  M&M | 2015-03 | flag=INSUFFICIENT
  M&M | 2020-03 | flag=DECLINE_TO_LOSS
  M&M | 2023-03 | flag=TURNAROUND
  M&M | TTM | flag=INSUFFICIENT
  MARUTI | 2013-03 | flag=INSUFFICIENT
  MARUTI | 2014-03 | flag=INSUFFICIENT
  MARUTI | 2015-03 | flag=INSUFFICIENT
  MARUTI | TTM | flag=INSUFFICIENT
  MOTHERSON | 2013-03 | flag=INSUFFICIENT
  MOTHERSON | 2014-03 | flag=INSUFFICIENT
  MOTHERSON | 2015-03 | flag=INSUFFICIENT
  MOTHERSON | TTM | flag=INSUFFICIENT
  NAUKRI | 2013-03 | flag=INSUFFICIENT
  NAUKRI | 2014-03 | flag=INSUFFICIENT
  NAUKRI | 2015-03 | flag=INSUFFICIENT
  NAUKRI | 2017-03 | flag=DECLINE_TO_LOSS
  NAUKRI | 2018-03 | flag=TURNAROUND
  NAUKRI | 2020-03 | flag=BOTH_NEGATIVE
  NAUKRI | 2023-03 | flag=BOTH_NEGATIVE
  NAUKRI | TTM | flag=INSUFFICIENT
  NESTLEIND | 2013-12 | flag=INSUFFICIENT
  NESTLEIND | 2014-12 | flag=INSUFFICIENT
  NESTLEIND | 2015-12 | flag=INSUFFICIENT
  NESTLEIND | TTM | flag=INSUFFICIENT
  NHPC | 2013-03 | flag=INSUFFICIENT
  NHPC | 2014-03 | flag=INSUFFICIENT
  NHPC | 2015-03 | flag=INSUFFICIENT
  NHPC | TTM | flag=INSUFFICIENT
  NTPC | 2013-03 | flag=INSUFFICIENT
  NTPC | 2014-03 | flag=INSUFFICIENT
  NTPC | 2015-03 | flag=INSUFFICIENT
  NTPC | TTM | flag=INSUFFICIENT
  ONGC | 2013-03 | flag=INSUFFICIENT
  ONGC | 2014-03 | flag=INSUFFICIENT
  ONGC | 2015-03 | flag=INSUFFICIENT
  ONGC | TTM | flag=INSUFFICIENT
  PFC | 2013-03 | flag=INSUFFICIENT
  PFC | 2014-03 | flag=INSUFFICIENT
  PFC | 2015-03 | flag=INSUFFICIENT
  PFC | TTM | flag=INSUFFICIENT
  PIDILITIND | 2013-03 | flag=INSUFFICIENT
  PIDILITIND | 2014-03 | flag=INSUFFICIENT
  PIDILITIND | 2015-03 | flag=INSUFFICIENT
  PIDILITIND | TTM | flag=INSUFFICIENT
  PNB | 2013-03 | flag=INSUFFICIENT
  PNB | 2014-03 | flag=INSUFFICIENT
  PNB | 2015-03 | flag=INSUFFICIENT
  PNB | 2016-03 | flag=DECLINE_TO_LOSS
  PNB | 2018-03 | flag=DECLINE_TO_LOSS
  PNB | 2019-03 | flag=BOTH_NEGATIVE
  PNB | 2021-03 | flag=TURNAROUND
  PNB | 2022-03 | flag=TURNAROUND
  PNB | TTM | flag=INSUFFICIENT
  POWERGRID | 2013-03 | flag=INSUFFICIENT
  POWERGRID | 2014-03 | flag=INSUFFICIENT
  POWERGRID | 2015-03 | flag=INSUFFICIENT
  POWERGRID | TTM | flag=INSUFFICIENT
  RECLTD | 2013-03 | flag=INSUFFICIENT
  RECLTD | 2014-03 | flag=INSUFFICIENT
  RECLTD | 2015-03 | flag=INSUFFICIENT
  RECLTD | TTM | flag=INSUFFICIENT
  RELIANCE | 2013-03 | flag=INSUFFICIENT
  RELIANCE | 2014-03 | flag=INSUFFICIENT
  RELIANCE | 2015-03 | flag=INSUFFICIENT
  RELIANCE | TTM | flag=INSUFFICIENT
  SBILIFE | 2013-03 | flag=INSUFFICIENT
  SBILIFE | 2014-03 | flag=INSUFFICIENT
  SBILIFE | 2015-03 | flag=INSUFFICIENT
  SBILIFE | TTM | flag=INSUFFICIENT
  SBIN | 2013-03 | flag=INSUFFICIENT
  SBIN | 2014-03 | flag=INSUFFICIENT
  SBIN | 2015-03 | flag=INSUFFICIENT
  SBIN | 2017-03 | flag=DECLINE_TO_LOSS
  SBIN | 2018-03 | flag=DECLINE_TO_LOSS
  SBIN | 2020-03 | flag=TURNAROUND
  SBIN | 2021-03 | flag=TURNAROUND
  SBIN | TTM | flag=INSUFFICIENT
  SHREECEM | 2013-06 | flag=INSUFFICIENT
  SHREECEM | 2014-06 | flag=INSUFFICIENT
  SHREECEM | 2015-06 | flag=INSUFFICIENT
  SHREECEM | TTM | flag=INSUFFICIENT
  SHRIRAMFIN | 2013-03 | flag=INSUFFICIENT
  SHRIRAMFIN | 2014-03 | flag=INSUFFICIENT
  SHRIRAMFIN | 2015-03 | flag=INSUFFICIENT
  SHRIRAMFIN | TTM | flag=INSUFFICIENT
  SIEMENS | 2011-09 | flag=INSUFFICIENT
  SIEMENS | 2015-09 | flag=INSUFFICIENT
  SIEMENS | 2016-09 | flag=INSUFFICIENT
  SUNPHARMA | 2013-03 | flag=INSUFFICIENT
  SUNPHARMA | 2014-03 | flag=INSUFFICIENT
  SUNPHARMA | 2015-03 | flag=INSUFFICIENT
  SUNPHARMA | TTM | flag=INSUFFICIENT
  TATACONSUM | 2013-03 | flag=INSUFFICIENT
  TATACONSUM | 2014-03 | flag=INSUFFICIENT
  TATACONSUM | 2015-03 | flag=INSUFFICIENT
  TATACONSUM | 2016-03 | flag=DECLINE_TO_LOSS
  TATACONSUM | 2019-03 | flag=TURNAROUND
  TATACONSUM | TTM | flag=INSUFFICIENT
  TATAMOTORS | 2013-03 | flag=INSUFFICIENT
  TATAMOTORS | 2014-03 | flag=INSUFFICIENT
  TATAMOTORS | 2015-03 | flag=INSUFFICIENT
  TATAMOTORS | 2019-03 | flag=DECLINE_TO_LOSS
  TATAMOTORS | 2020-03 | flag=DECLINE_TO_LOSS
  TATAMOTORS | 2021-03 | flag=DECLINE_TO_LOSS
  TATAMOTORS | 2022-03 | flag=BOTH_NEGATIVE
  TATAMOTORS | 2023-03 | flag=TURNAROUND
  TATAMOTORS | 2024-03 | flag=TURNAROUND
  TATAMOTORS | TTM | flag=INSUFFICIENT
  TATAPOWER | 2013-03 | flag=INSUFFICIENT
  TATAPOWER | 2014-03 | flag=INSUFFICIENT
  TATAPOWER | 2015-03 | flag=INSUFFICIENT
  TATAPOWER | TTM | flag=INSUFFICIENT
  TATASTEEL | 2013-03 | flag=INSUFFICIENT
  TATASTEEL | 2014-03 | flag=INSUFFICIENT
  TATASTEEL | 2015-03 | flag=INSUFFICIENT
  TATASTEEL | 2016-03 | flag=BOTH_NEGATIVE
  TATASTEEL | 2017-03 | flag=DECLINE_TO_LOSS
  TATASTEEL | 2018-03 | flag=TURNAROUND
  TATASTEEL | 2019-03 | flag=TURNAROUND
  TATASTEEL | 2020-03 | flag=TURNAROUND
  TATASTEEL | 2024-03 | flag=DECLINE_TO_LOSS
  TATASTEEL | TTM | flag=INSUFFICIENT
  TCS | 2013-03 | flag=INSUFFICIENT
  TCS | 2014-03 | flag=INSUFFICIENT
  TCS | 2015-03 | flag=INSUFFICIENT
  TCS | TTM | flag=INSUFFICIENT
  TECHM | 2013-03 | flag=INSUFFICIENT
  TECHM | 2014-03 | flag=INSUFFICIENT
  TECHM | 2015-03 | flag=INSUFFICIENT
  TECHM | TTM | flag=INSUFFICIENT
  TITAN | 2013-03 | flag=INSUFFICIENT
  TITAN | 2014-03 | flag=INSUFFICIENT
  TITAN | 2015-03 | flag=INSUFFICIENT
  TITAN | TTM | flag=INSUFFICIENT
  TORNTPHARM | 2013-03 | flag=INSUFFICIENT
  TORNTPHARM | 2014-03 | flag=INSUFFICIENT
  TORNTPHARM | 2015-03 | flag=INSUFFICIENT
  TORNTPHARM | TTM | flag=INSUFFICIENT
  TRENT | 2013-03 | flag=INSUFFICIENT
  TRENT | 2014-03 | flag=INSUFFICIENT
  TRENT | 2015-03 | flag=INSUFFICIENT
  TRENT | 2016-03 | flag=TURNAROUND
  TRENT | 2017-03 | flag=TURNAROUND
  TRENT | 2021-03 | flag=DECLINE_TO_LOSS
  TRENT | 2024-03 | flag=TURNAROUND
  TRENT | TTM | flag=INSUFFICIENT
  TVSMOTOR | 2013-03 | flag=INSUFFICIENT
  TVSMOTOR | 2014-03 | flag=INSUFFICIENT
  TVSMOTOR | 2015-03 | flag=INSUFFICIENT
  TVSMOTOR | TTM | flag=INSUFFICIENT

[PAT_CAGR_5YR_FLAG] Count: 612
Explanation: Non-normal CAGR cases are documented instead of forcing an invalid CAGR.
  ABB | 2012-12 | flag=INSUFFICIENT
  ABB | 2014-03 | flag=INSUFFICIENT
  ABB | 2015-03 | flag=INSUFFICIENT
  ABB | 2016-03 | flag=INSUFFICIENT
  ABB | 2018-03 | flag=INSUFFICIENT
  ABB | TTM | flag=INSUFFICIENT
  ADANIENSOL | 2014-03 | flag=INSUFFICIENT
  ADANIENSOL | 2015-03 | flag=INSUFFICIENT
  ADANIENSOL | 2016-03 | flag=INSUFFICIENT
  ADANIENSOL | 2017-03 | flag=INSUFFICIENT
  ADANIENSOL | 2018-03 | flag=INSUFFICIENT
  ADANIENSOL | 2019-03 | flag=ZERO_BASE
  ADANIENSOL | 2020-03 | flag=TURNAROUND
  ADANIENSOL | TTM | flag=INSUFFICIENT
  ADANIENT | 2013-03 | flag=INSUFFICIENT
  ADANIENT | 2014-03 | flag=INSUFFICIENT
  ADANIENT | 2015-03 | flag=INSUFFICIENT
  ADANIENT | 2016-03 | flag=INSUFFICIENT
  ADANIENT | 2017-03 | flag=INSUFFICIENT
  ADANIENT | TTM | flag=INSUFFICIENT
  ADANIGREEN | 2017-03 | flag=INSUFFICIENT
  ADANIGREEN | 2018-03 | flag=INSUFFICIENT
  ADANIGREEN | 2019-03 | flag=INSUFFICIENT
  ADANIGREEN | 2020-03 | flag=INSUFFICIENT
  ADANIGREEN | 2021-03 | flag=INSUFFICIENT
  ADANIGREEN | 2022-03 | flag=TURNAROUND
  ADANIGREEN | 2023-03 | flag=TURNAROUND
  ADANIGREEN | 2024-03 | flag=TURNAROUND
  ADANIGREEN | TTM | flag=INSUFFICIENT
  ADANIPORTS | 2013-03 | flag=INSUFFICIENT
  ADANIPORTS | 2014-03 | flag=INSUFFICIENT
  ADANIPORTS | 2015-03 | flag=INSUFFICIENT
  ADANIPORTS | 2016-03 | flag=INSUFFICIENT
  ADANIPORTS | 2017-03 | flag=INSUFFICIENT
  ADANIPORTS | TTM | flag=INSUFFICIENT
  ADANIPOWER | 2013-03 | flag=INSUFFICIENT
  ADANIPOWER | 2014-03 | flag=INSUFFICIENT
  ADANIPOWER | 2015-03 | flag=INSUFFICIENT
  ADANIPOWER | 2016-03 | flag=INSUFFICIENT
  ADANIPOWER | 2017-03 | flag=INSUFFICIENT
  ADANIPOWER | 2018-03 | flag=BOTH_NEGATIVE
  ADANIPOWER | 2019-03 | flag=BOTH_NEGATIVE
  ADANIPOWER | 2020-03 | flag=BOTH_NEGATIVE
  ADANIPOWER | 2022-03 | flag=TURNAROUND
  ADANIPOWER | 2023-03 | flag=TURNAROUND
  ADANIPOWER | 2024-03 | flag=TURNAROUND
  ADANIPOWER | TTM | flag=INSUFFICIENT
  AMBUJACEM | 2012-12 | flag=INSUFFICIENT
  AMBUJACEM | 2013-12 | flag=INSUFFICIENT
  AMBUJACEM | 2014-12 | flag=INSUFFICIENT
  AMBUJACEM | 2015-12 | flag=INSUFFICIENT
  AMBUJACEM | 2016-12 | flag=INSUFFICIENT
  AMBUJACEM | TTM | flag=INSUFFICIENT
  APOLLOHOSP | 2013-03 | flag=INSUFFICIENT
  APOLLOHOSP | 2014-03 | flag=INSUFFICIENT
  APOLLOHOSP | 2015-03 | flag=INSUFFICIENT
  APOLLOHOSP | 2016-03 | flag=INSUFFICIENT
  APOLLOHOSP | 2017-03 | flag=INSUFFICIENT
  APOLLOHOSP | TTM | flag=INSUFFICIENT
  ASIANPAINT | 2013-03 | flag=INSUFFICIENT
  ASIANPAINT | 2014-03 | flag=INSUFFICIENT
  ASIANPAINT | 2015-03 | flag=INSUFFICIENT
  ASIANPAINT | 2016-03 | flag=INSUFFICIENT
  ASIANPAINT | 2017-03 | flag=INSUFFICIENT
  ASIANPAINT | TTM | flag=INSUFFICIENT
  ATGL | 2018-03 | flag=INSUFFICIENT
  ATGL | 2019-03 | flag=INSUFFICIENT
  ATGL | 2020-03 | flag=INSUFFICIENT
  ATGL | 2021-03 | flag=INSUFFICIENT
  ATGL | 2022-03 | flag=INSUFFICIENT
  ATGL | TTM | flag=INSUFFICIENT
  AXISBANK | 2013-03 | flag=INSUFFICIENT
  AXISBANK | 2014-03 | flag=INSUFFICIENT
  AXISBANK | 2015-03 | flag=INSUFFICIENT
  AXISBANK | 2016-03 | flag=INSUFFICIENT
  AXISBANK | 2017-03 | flag=INSUFFICIENT
  AXISBANK | TTM | flag=INSUFFICIENT
  BAJAJ-AUTO | 2013-03 | flag=INSUFFICIENT
  BAJAJ-AUTO | 2014-03 | flag=INSUFFICIENT
  BAJAJ-AUTO | 2015-03 | flag=INSUFFICIENT
  BAJAJ-AUTO | 2016-03 | flag=INSUFFICIENT
  BAJAJ-AUTO | 2017-03 | flag=INSUFFICIENT
  BAJAJ-AUTO | TTM | flag=INSUFFICIENT
  BAJAJFINSV | 2013-03 | flag=INSUFFICIENT
  BAJAJFINSV | 2014-03 | flag=INSUFFICIENT
  BAJAJFINSV | 2015-03 | flag=INSUFFICIENT
  BAJAJFINSV | 2016-03 | flag=INSUFFICIENT
  BAJAJFINSV | 2017-03 | flag=INSUFFICIENT
  BAJAJFINSV | TTM | flag=INSUFFICIENT
  BAJAJHLDNG | 2013-03 | flag=INSUFFICIENT
  BAJAJHLDNG | 2014-03 | flag=INSUFFICIENT
  BAJAJHLDNG | 2015-03 | flag=INSUFFICIENT
  BAJAJHLDNG | 2016-03 | flag=INSUFFICIENT
  BAJAJHLDNG | 2017-03 | flag=INSUFFICIENT
  BAJAJHLDNG | TTM | flag=INSUFFICIENT
  BAJFINANCE | 2015-03 | flag=INSUFFICIENT
  BAJFINANCE | 2016-03 | flag=INSUFFICIENT
  BAJFINANCE | 2017-03 | flag=INSUFFICIENT
  BAJFINANCE | 2018-03 | flag=INSUFFICIENT
  BAJFINANCE | 2019-03 | flag=INSUFFICIENT
  BAJFINANCE | TTM | flag=INSUFFICIENT
  BANKBARODA | 2013-03 | flag=INSUFFICIENT
  BANKBARODA | 2014-03 | flag=INSUFFICIENT
  BANKBARODA | 2015-03 | flag=INSUFFICIENT
  BANKBARODA | 2016-03 | flag=INSUFFICIENT
  BANKBARODA | 2017-03 | flag=INSUFFICIENT
  BANKBARODA | 2018-03 | flag=DECLINE_TO_LOSS
  BANKBARODA | 2021-03 | flag=TURNAROUND
  BANKBARODA | 2023-03 | flag=TURNAROUND
  BANKBARODA | TTM | flag=INSUFFICIENT
  BEL | 2013-03 | flag=INSUFFICIENT
  BEL | 2014-03 | flag=INSUFFICIENT
  BEL | 2015-03 | flag=INSUFFICIENT
  BEL | 2016-03 | flag=INSUFFICIENT
  BEL | 2017-03 | flag=INSUFFICIENT
  BEL | TTM | flag=INSUFFICIENT
  BHARTIARTL | 2013-03 | flag=INSUFFICIENT
  BHARTIARTL | 2014-03 | flag=INSUFFICIENT
  BHARTIARTL | 2015-03 | flag=INSUFFICIENT
  BHARTIARTL | 2016-03 | flag=INSUFFICIENT
  BHARTIARTL | 2017-03 | flag=INSUFFICIENT
  BHARTIARTL | 2020-03 | flag=DECLINE_TO_LOSS
  BHARTIARTL | 2021-03 | flag=DECLINE_TO_LOSS
  BHARTIARTL | TTM | flag=INSUFFICIENT
  BHEL | 2013-03 | flag=INSUFFICIENT
  BHEL | 2014-03 | flag=INSUFFICIENT
  BHEL | 2015-03 | flag=INSUFFICIENT
  BHEL | 2016-03 | flag=INSUFFICIENT
  BHEL | 2017-03 | flag=INSUFFICIENT
  BHEL | 2020-03 | flag=DECLINE_TO_LOSS
  BHEL | 2021-03 | flag=BOTH_NEGATIVE
  BHEL | TTM | flag=INSUFFICIENT
  BOSCHLTD | 2012-12 | flag=INSUFFICIENT
  BOSCHLTD | 2013-12 | flag=INSUFFICIENT
  BOSCHLTD | 2015-03 | flag=INSUFFICIENT
  BOSCHLTD | 2016-03 | flag=INSUFFICIENT
  BOSCHLTD | 2019-03 | flag=INSUFFICIENT
  BOSCHLTD | TTM | flag=INSUFFICIENT
  BPCL | 2013-03 | flag=INSUFFICIENT
  BPCL | 2014-03 | flag=INSUFFICIENT
  BPCL | 2015-03 | flag=INSUFFICIENT
  BPCL | 2016-03 | flag=INSUFFICIENT
  BPCL | 2017-03 | flag=INSUFFICIENT
  BPCL | TTM | flag=INSUFFICIENT
  BRITANNIA | 2013-03 | flag=INSUFFICIENT
  BRITANNIA | 2014-03 | flag=INSUFFICIENT
  BRITANNIA | 2015-03 | flag=INSUFFICIENT
  BRITANNIA | 2016-03 | flag=INSUFFICIENT
  BRITANNIA | 2017-03 | flag=INSUFFICIENT
  BRITANNIA | TTM | flag=INSUFFICIENT
  CANBK | 2013-03 | flag=INSUFFICIENT
  CANBK | 2014-03 | flag=INSUFFICIENT
  CANBK | 2015-03 | flag=INSUFFICIENT
  CANBK | 2016-03 | flag=INSUFFICIENT
  CANBK | 2017-03 | flag=INSUFFICIENT
  CANBK | 2018-03 | flag=DECLINE_TO_LOSS
  CANBK | 2020-03 | flag=DECLINE_TO_LOSS
  CANBK | 2021-03 | flag=TURNAROUND
  CANBK | 2023-03 | flag=TURNAROUND
  CANBK | TTM | flag=INSUFFICIENT
  CHOLAFIN | 2013-03 | flag=INSUFFICIENT
  CHOLAFIN | 2014-03 | flag=INSUFFICIENT
  CHOLAFIN | 2015-03 | flag=INSUFFICIENT
  CHOLAFIN | 2016-03 | flag=INSUFFICIENT
  CHOLAFIN | 2017-03 | flag=INSUFFICIENT
  CHOLAFIN | TTM | flag=INSUFFICIENT
  CIPLA | 2013-03 | flag=INSUFFICIENT
  CIPLA | 2014-03 | flag=INSUFFICIENT
  CIPLA | 2015-03 | flag=INSUFFICIENT
  CIPLA | 2016-03 | flag=INSUFFICIENT
  CIPLA | 2017-03 | flag=INSUFFICIENT
  CIPLA | TTM | flag=INSUFFICIENT
  COALINDIA | 2013-03 | flag=INSUFFICIENT
  COALINDIA | 2014-03 | flag=INSUFFICIENT
  COALINDIA | 2015-03 | flag=INSUFFICIENT
  COALINDIA | 2016-03 | flag=INSUFFICIENT
  COALINDIA | 2017-03 | flag=INSUFFICIENT
  COALINDIA | TTM | flag=INSUFFICIENT
  DABUR | 2013-03 | flag=INSUFFICIENT
  DABUR | 2014-03 | flag=INSUFFICIENT
  DABUR | 2015-03 | flag=INSUFFICIENT
  DABUR | 2016-03 | flag=INSUFFICIENT
  DABUR | 2017-03 | flag=INSUFFICIENT
  DABUR | TTM | flag=INSUFFICIENT
  DIVISLAB | 2013-03 | flag=INSUFFICIENT
  DIVISLAB | 2014-03 | flag=INSUFFICIENT
  DIVISLAB | 2015-03 | flag=INSUFFICIENT
  DIVISLAB | 2016-03 | flag=INSUFFICIENT
  DIVISLAB | 2017-03 | flag=INSUFFICIENT
  DIVISLAB | TTM | flag=INSUFFICIENT
  DLF | 2013-03 | flag=INSUFFICIENT
  DLF | 2014-03 | flag=INSUFFICIENT
  DLF | 2015-03 | flag=INSUFFICIENT
  DLF | 2016-03 | flag=INSUFFICIENT
  DLF | 2017-03 | flag=INSUFFICIENT
  DLF | 2020-03 | flag=DECLINE_TO_LOSS
  DLF | TTM | flag=INSUFFICIENT
  DMART | 2013-03 | flag=INSUFFICIENT
  DMART | 2014-03 | flag=INSUFFICIENT
  DMART | 2015-03 | flag=INSUFFICIENT
  DMART | 2016-03 | flag=INSUFFICIENT
  DMART | 2017-03 | flag=INSUFFICIENT
  DMART | TTM | flag=INSUFFICIENT
  DRREDDY | 2013-03 | flag=INSUFFICIENT
  DRREDDY | 2014-03 | flag=INSUFFICIENT
  DRREDDY | 2015-03 | flag=INSUFFICIENT
  DRREDDY | 2016-03 | flag=INSUFFICIENT
  DRREDDY | 2017-03 | flag=INSUFFICIENT
  DRREDDY | TTM | flag=INSUFFICIENT
  EICHERMOT | 2012-12 | flag=INSUFFICIENT
  EICHERMOT | 2013-12 | flag=INSUFFICIENT
  EICHERMOT | 2014-12 | flag=INSUFFICIENT
  EICHERMOT | 2016-03 | flag=INSUFFICIENT
  EICHERMOT | 2020-03 | flag=INSUFFICIENT
  EICHERMOT | TTM | flag=INSUFFICIENT
  GAIL | 2013-03 | flag=INSUFFICIENT
  GAIL | 2014-03 | flag=INSUFFICIENT
  GAIL | 2015-03 | flag=INSUFFICIENT
  GAIL | 2016-03 | flag=INSUFFICIENT
  GAIL | 2017-03 | flag=INSUFFICIENT
  GAIL | TTM | flag=INSUFFICIENT
  GODREJCP | 2013-03 | flag=INSUFFICIENT
  GODREJCP | 2014-03 | flag=INSUFFICIENT
  GODREJCP | 2015-03 | flag=INSUFFICIENT
  GODREJCP | 2016-03 | flag=INSUFFICIENT
  GODREJCP | 2017-03 | flag=INSUFFICIENT
  GODREJCP | 2024-03 | flag=DECLINE_TO_LOSS
  GODREJCP | TTM | flag=INSUFFICIENT
  GRASIM | 2013-03 | flag=INSUFFICIENT
  GRASIM | 2014-03 | flag=INSUFFICIENT
  GRASIM | 2015-03 | flag=INSUFFICIENT
  GRASIM | 2016-03 | flag=INSUFFICIENT
  GRASIM | 2017-03 | flag=INSUFFICIENT
  GRASIM | TTM | flag=INSUFFICIENT
  HAL | 2013-03 | flag=INSUFFICIENT
  HAL | 2014-03 | flag=INSUFFICIENT
  HAL | 2015-03 | flag=INSUFFICIENT
  HAL | 2016-03 | flag=INSUFFICIENT
  HAL | 2017-03 | flag=INSUFFICIENT
  HAL | TTM | flag=INSUFFICIENT
  HAVELLS | 2013-03 | flag=INSUFFICIENT
  HAVELLS | 2014-03 | flag=INSUFFICIENT
  HAVELLS | 2015-03 | flag=INSUFFICIENT
  HAVELLS | 2016-03 | flag=INSUFFICIENT
  HAVELLS | 2017-03 | flag=INSUFFICIENT
  HAVELLS | TTM | flag=INSUFFICIENT
  HCLTECH | 2013-06 | flag=INSUFFICIENT
  HCLTECH | 2014-06 | flag=INSUFFICIENT
  HCLTECH | 2015-06 | flag=INSUFFICIENT
  HCLTECH | 2016-03 | flag=INSUFFICIENT
  HCLTECH | 2017-03 | flag=INSUFFICIENT
  HCLTECH | TTM | flag=INSUFFICIENT
  HDFCBANK | 2013-03 | flag=INSUFFICIENT
  HDFCBANK | 2014-03 | flag=INSUFFICIENT
  HDFCBANK | 2015-03 | flag=INSUFFICIENT
  HDFCBANK | 2016-03 | flag=INSUFFICIENT
  HDFCBANK | 2017-03 | flag=INSUFFICIENT
  HDFCBANK | TTM | flag=INSUFFICIENT
  HDFCLIFE | 2013-03 | flag=INSUFFICIENT
  HDFCLIFE | 2014-03 | flag=INSUFFICIENT
  HDFCLIFE | 2015-03 | flag=INSUFFICIENT
  HDFCLIFE | 2016-03 | flag=INSUFFICIENT
  HDFCLIFE | 2017-03 | flag=INSUFFICIENT
  HDFCLIFE | TTM | flag=INSUFFICIENT
  HEROMOTOCO | 2014-03 | flag=INSUFFICIENT
  HEROMOTOCO | 2015-03 | flag=INSUFFICIENT
  HEROMOTOCO | 2016-03 | flag=INSUFFICIENT
  HEROMOTOCO | 2017-03 | flag=INSUFFICIENT
  HEROMOTOCO | 2018-03 | flag=INSUFFICIENT
  HEROMOTOCO | TTM | flag=INSUFFICIENT
  HINDALCO | 2013-03 | flag=INSUFFICIENT
  HINDALCO | 2014-03 | flag=INSUFFICIENT
  HINDALCO | 2015-03 | flag=INSUFFICIENT
  HINDALCO | 2016-03 | flag=INSUFFICIENT
  HINDALCO | 2017-03 | flag=INSUFFICIENT
  HINDALCO | 2021-03 | flag=TURNAROUND
  HINDALCO | TTM | flag=INSUFFICIENT
  HINDUNILVR | 2013-03 | flag=INSUFFICIENT
  HINDUNILVR | 2014-03 | flag=INSUFFICIENT
  HINDUNILVR | 2015-03 | flag=INSUFFICIENT
  HINDUNILVR | 2016-03 | flag=INSUFFICIENT
  HINDUNILVR | 2017-03 | flag=INSUFFICIENT
  HINDUNILVR | TTM | flag=INSUFFICIENT
  ICICIBANK | 2013-03 | flag=INSUFFICIENT
  ICICIBANK | 2014-03 | flag=INSUFFICIENT
  ICICIBANK | 2015-03 | flag=INSUFFICIENT
  ICICIBANK | 2016-03 | flag=INSUFFICIENT
  ICICIBANK | 2017-03 | flag=INSUFFICIENT
  ICICIBANK | TTM | flag=INSUFFICIENT
  ICICIGI | 2013-03 | flag=INSUFFICIENT
  ICICIGI | 2014-03 | flag=INSUFFICIENT
  ICICIGI | 2015-03 | flag=INSUFFICIENT
  ICICIGI | 2016-03 | flag=INSUFFICIENT
  ICICIGI | 2017-03 | flag=INSUFFICIENT
  ICICIGI | TTM | flag=INSUFFICIENT
  ICICIPRULI | 2013-03 | flag=INSUFFICIENT
  ICICIPRULI | 2014-03 | flag=INSUFFICIENT
  ICICIPRULI | 2015-03 | flag=INSUFFICIENT
  ICICIPRULI | 2016-03 | flag=INSUFFICIENT
  ICICIPRULI | 2017-03 | flag=INSUFFICIENT
  ICICIPRULI | TTM | flag=INSUFFICIENT
  INDIGO | 2013-03 | flag=INSUFFICIENT
  INDIGO | 2014-03 | flag=INSUFFICIENT
  INDIGO | 2015-03 | flag=INSUFFICIENT
  INDIGO | 2016-03 | flag=INSUFFICIENT
  INDIGO | 2017-03 | flag=INSUFFICIENT
  INDIGO | 2020-03 | flag=DECLINE_TO_LOSS
  INDIGO | 2021-03 | flag=DECLINE_TO_LOSS
  INDIGO | 2022-03 | flag=DECLINE_TO_LOSS
  INDIGO | 2023-03 | flag=DECLINE_TO_LOSS
  INDIGO | TTM | flag=INSUFFICIENT
  INDUSINDBK | 2013-03 | flag=INSUFFICIENT
  INDUSINDBK | 2014-03 | flag=INSUFFICIENT
  INDUSINDBK | 2015-03 | flag=INSUFFICIENT
  INDUSINDBK | 2016-03 | flag=INSUFFICIENT
  INDUSINDBK | 2017-03 | flag=INSUFFICIENT
  INDUSINDBK | TTM | flag=INSUFFICIENT
  INFY | 2013-03 | flag=INSUFFICIENT
  INFY | 2014-03 | flag=INSUFFICIENT
  INFY | 2015-03 | flag=INSUFFICIENT
  INFY | 2016-03 | flag=INSUFFICIENT
  INFY | 2017-03 | flag=INSUFFICIENT
  INFY | TTM | flag=INSUFFICIENT
  IOC | 2013-03 | flag=INSUFFICIENT
  IOC | 2014-03 | flag=INSUFFICIENT
  IOC | 2015-03 | flag=INSUFFICIENT
  IOC | 2016-03 | flag=INSUFFICIENT
  IOC | 2017-03 | flag=INSUFFICIENT
  IOC | 2020-03 | flag=DECLINE_TO_LOSS
  IOC | TTM | flag=INSUFFICIENT
  IRCTC | 2015-03 | flag=INSUFFICIENT
  IRCTC | 2016-03 | flag=INSUFFICIENT
  IRCTC | 2017-03 | flag=INSUFFICIENT
  IRCTC | 2018-03 | flag=INSUFFICIENT
  IRCTC | 2019-03 | flag=INSUFFICIENT
  IRCTC | TTM | flag=INSUFFICIENT
  IRFC | 2013-03 | flag=INSUFFICIENT
  IRFC | 2014-03 | flag=INSUFFICIENT
  IRFC | 2015-03 | flag=INSUFFICIENT
  IRFC | 2016-03 | flag=INSUFFICIENT
  IRFC | 2017-03 | flag=INSUFFICIENT
  IRFC | TTM | flag=INSUFFICIENT
  ITC | 2013-03 | flag=INSUFFICIENT
  ITC | 2014-03 | flag=INSUFFICIENT
  ITC | 2015-03 | flag=INSUFFICIENT
  ITC | 2016-03 | flag=INSUFFICIENT
  ITC | 2017-03 | flag=INSUFFICIENT
  ITC | TTM | flag=INSUFFICIENT
  JINDALSTEL | 2013-03 | flag=INSUFFICIENT
  JINDALSTEL | 2014-03 | flag=INSUFFICIENT
  JINDALSTEL | 2015-03 | flag=INSUFFICIENT
  JINDALSTEL | 2016-03 | flag=INSUFFICIENT
  JINDALSTEL | 2017-03 | flag=INSUFFICIENT
  JINDALSTEL | 2018-03 | flag=DECLINE_TO_LOSS
  JINDALSTEL | 2019-03 | flag=DECLINE_TO_LOSS
  JINDALSTEL | 2020-03 | flag=BOTH_NEGATIVE
  JINDALSTEL | 2021-03 | flag=TURNAROUND
  JINDALSTEL | 2022-03 | flag=TURNAROUND
  JINDALSTEL | 2023-03 | flag=TURNAROUND
  JINDALSTEL | 2024-03 | flag=TURNAROUND
  JINDALSTEL | TTM | flag=INSUFFICIENT
  JIOFIN | 2023-03 | flag=INSUFFICIENT
  JIOFIN | 2024-03 | flag=INSUFFICIENT
  JIOFIN | TTM | flag=INSUFFICIENT
  JSWENERGY | 2013-03 | flag=INSUFFICIENT
  JSWENERGY | 2014-03 | flag=INSUFFICIENT
  JSWENERGY | 2015-03 | flag=INSUFFICIENT
  JSWENERGY | 2016-03 | flag=INSUFFICIENT
  JSWENERGY | 2017-03 | flag=INSUFFICIENT
  JSWENERGY | TTM | flag=INSUFFICIENT
  JSWSTEEL | 2013-03 | flag=INSUFFICIENT
  JSWSTEEL | 2014-03 | flag=INSUFFICIENT
  JSWSTEEL | 2015-03 | flag=INSUFFICIENT
  JSWSTEEL | 2016-03 | flag=INSUFFICIENT
  JSWSTEEL | 2017-03 | flag=INSUFFICIENT
  JSWSTEEL | 2021-03 | flag=TURNAROUND
  JSWSTEEL | TTM | flag=INSUFFICIENT
  KOTAKBANK | 2013-03 | flag=INSUFFICIENT
  KOTAKBANK | 2014-03 | flag=INSUFFICIENT
  KOTAKBANK | 2015-03 | flag=INSUFFICIENT
  KOTAKBANK | 2016-03 | flag=INSUFFICIENT
  KOTAKBANK | 2017-03 | flag=INSUFFICIENT
  KOTAKBANK | TTM | flag=INSUFFICIENT
  LICI | 2019-03 | flag=INSUFFICIENT
  LICI | 2020-03 | flag=INSUFFICIENT
  LICI | 2021-03 | flag=INSUFFICIENT
  LICI | 2022-03 | flag=INSUFFICIENT
  LICI | 2023-03 | flag=INSUFFICIENT
  LICI | TTM | flag=INSUFFICIENT
  LODHA | 2011-03 | flag=INSUFFICIENT
  LODHA | 2012-03 | flag=INSUFFICIENT
  LODHA | 2015-03 | flag=INSUFFICIENT
  LODHA | 2018-03 | flag=INSUFFICIENT
  LODHA | 2019-03 | flag=INSUFFICIENT
  LODHA | TTM | flag=INSUFFICIENT
  LT | 2013-03 | flag=INSUFFICIENT
  LT | 2014-03 | flag=INSUFFICIENT
  LT | 2015-03 | flag=INSUFFICIENT
  LT | 2016-03 | flag=INSUFFICIENT
  LT | 2017-03 | flag=INSUFFICIENT
  LT | TTM | flag=INSUFFICIENT
  LTIM | 2013-03 | flag=INSUFFICIENT
  LTIM | 2014-03 | flag=INSUFFICIENT
  LTIM | 2015-03 | flag=INSUFFICIENT
  LTIM | 2016-03 | flag=INSUFFICIENT
  LTIM | 2017-03 | flag=INSUFFICIENT
  LTIM | TTM | flag=INSUFFICIENT
  M&M | 2013-03 | flag=INSUFFICIENT
  M&M | 2014-03 | flag=INSUFFICIENT
  M&M | 2015-03 | flag=INSUFFICIENT
  M&M | 2016-03 | flag=INSUFFICIENT
  M&M | 2017-03 | flag=INSUFFICIENT
  M&M | 2020-03 | flag=DECLINE_TO_LOSS
  M&M | TTM | flag=INSUFFICIENT
  MARUTI | 2013-03 | flag=INSUFFICIENT
  MARUTI | 2014-03 | flag=INSUFFICIENT
  MARUTI | 2015-03 | flag=INSUFFICIENT
  MARUTI | 2016-03 | flag=INSUFFICIENT
  MARUTI | 2017-03 | flag=INSUFFICIENT
  MARUTI | TTM | flag=INSUFFICIENT
  MOTHERSON | 2013-03 | flag=INSUFFICIENT
  MOTHERSON | 2014-03 | flag=INSUFFICIENT
  MOTHERSON | 2015-03 | flag=INSUFFICIENT
  MOTHERSON | 2016-03 | flag=INSUFFICIENT
  MOTHERSON | 2017-03 | flag=INSUFFICIENT
  MOTHERSON | TTM | flag=INSUFFICIENT
  NAUKRI | 2013-03 | flag=INSUFFICIENT
  NAUKRI | 2014-03 | flag=INSUFFICIENT
  NAUKRI | 2015-03 | flag=INSUFFICIENT
  NAUKRI | 2016-03 | flag=INSUFFICIENT
  NAUKRI | 2017-03 | flag=INSUFFICIENT
  NAUKRI | 2020-03 | flag=BOTH_NEGATIVE
  NAUKRI | 2022-03 | flag=TURNAROUND
  NAUKRI | 2023-03 | flag=DECLINE_TO_LOSS
  NAUKRI | TTM | flag=INSUFFICIENT
  NESTLEIND | 2013-12 | flag=INSUFFICIENT
  NESTLEIND | 2014-12 | flag=INSUFFICIENT
  NESTLEIND | 2015-12 | flag=INSUFFICIENT
  NESTLEIND | 2016-12 | flag=INSUFFICIENT
  NESTLEIND | 2017-12 | flag=INSUFFICIENT
  NESTLEIND | TTM | flag=INSUFFICIENT
  NHPC | 2013-03 | flag=INSUFFICIENT
  NHPC | 2014-03 | flag=INSUFFICIENT
  NHPC | 2015-03 | flag=INSUFFICIENT
  NHPC | 2016-03 | flag=INSUFFICIENT
  NHPC | 2017-03 | flag=INSUFFICIENT
  NHPC | TTM | flag=INSUFFICIENT
  NTPC | 2013-03 | flag=INSUFFICIENT
  NTPC | 2014-03 | flag=INSUFFICIENT
  NTPC | 2015-03 | flag=INSUFFICIENT
  NTPC | 2016-03 | flag=INSUFFICIENT
  NTPC | 2017-03 | flag=INSUFFICIENT
  NTPC | TTM | flag=INSUFFICIENT
  ONGC | 2013-03 | flag=INSUFFICIENT
  ONGC | 2014-03 | flag=INSUFFICIENT
  ONGC | 2015-03 | flag=INSUFFICIENT
  ONGC | 2016-03 | flag=INSUFFICIENT
  ONGC | 2017-03 | flag=INSUFFICIENT
  ONGC | TTM | flag=INSUFFICIENT
  PFC | 2013-03 | flag=INSUFFICIENT
  PFC | 2014-03 | flag=INSUFFICIENT
  PFC | 2015-03 | flag=INSUFFICIENT
  PFC | 2016-03 | flag=INSUFFICIENT
  PFC | 2017-03 | flag=INSUFFICIENT
  PFC | TTM | flag=INSUFFICIENT
  PIDILITIND | 2013-03 | flag=INSUFFICIENT
  PIDILITIND | 2014-03 | flag=INSUFFICIENT
  PIDILITIND | 2015-03 | flag=INSUFFICIENT
  PIDILITIND | 2016-03 | flag=INSUFFICIENT
  PIDILITIND | 2017-03 | flag=INSUFFICIENT
  PIDILITIND | TTM | flag=INSUFFICIENT
  PNB | 2013-03 | flag=INSUFFICIENT
  PNB | 2014-03 | flag=INSUFFICIENT
  PNB | 2015-03 | flag=INSUFFICIENT
  PNB | 2016-03 | flag=INSUFFICIENT
  PNB | 2017-03 | flag=INSUFFICIENT
  PNB | 2018-03 | flag=DECLINE_TO_LOSS
  PNB | 2019-03 | flag=DECLINE_TO_LOSS
  PNB | 2021-03 | flag=TURNAROUND
  PNB | 2023-03 | flag=TURNAROUND
  PNB | 2024-03 | flag=TURNAROUND
  PNB | TTM | flag=INSUFFICIENT
  POWERGRID | 2013-03 | flag=INSUFFICIENT
  POWERGRID | 2014-03 | flag=INSUFFICIENT
  POWERGRID | 2015-03 | flag=INSUFFICIENT
  POWERGRID | 2016-03 | flag=INSUFFICIENT
  POWERGRID | 2017-03 | flag=INSUFFICIENT
  POWERGRID | TTM | flag=INSUFFICIENT
  RECLTD | 2013-03 | flag=INSUFFICIENT
  RECLTD | 2014-03 | flag=INSUFFICIENT
  RECLTD | 2015-03 | flag=INSUFFICIENT
  RECLTD | 2016-03 | flag=INSUFFICIENT
  RECLTD | 2017-03 | flag=INSUFFICIENT
  RECLTD | TTM | flag=INSUFFICIENT
  RELIANCE | 2013-03 | flag=INSUFFICIENT
  RELIANCE | 2014-03 | flag=INSUFFICIENT
  RELIANCE | 2015-03 | flag=INSUFFICIENT
  RELIANCE | 2016-03 | flag=INSUFFICIENT
  RELIANCE | 2017-03 | flag=INSUFFICIENT
  RELIANCE | TTM | flag=INSUFFICIENT
  SBILIFE | 2013-03 | flag=INSUFFICIENT
  SBILIFE | 2014-03 | flag=INSUFFICIENT
  SBILIFE | 2015-03 | flag=INSUFFICIENT
  SBILIFE | 2016-03 | flag=INSUFFICIENT
  SBILIFE | 2017-03 | flag=INSUFFICIENT
  SBILIFE | TTM | flag=INSUFFICIENT
  SBIN | 2013-03 | flag=INSUFFICIENT
  SBIN | 2014-03 | flag=INSUFFICIENT
  SBIN | 2015-03 | flag=INSUFFICIENT
  SBIN | 2016-03 | flag=INSUFFICIENT
  SBIN | 2017-03 | flag=INSUFFICIENT
  SBIN | 2018-03 | flag=DECLINE_TO_LOSS
  SBIN | 2022-03 | flag=TURNAROUND
  SBIN | 2023-03 | flag=TURNAROUND
  SBIN | TTM | flag=INSUFFICIENT
  SHREECEM | 2013-06 | flag=INSUFFICIENT
  SHREECEM | 2014-06 | flag=INSUFFICIENT
  SHREECEM | 2015-06 | flag=INSUFFICIENT
  SHREECEM | 2016-03 | flag=INSUFFICIENT
  SHREECEM | 2017-03 | flag=INSUFFICIENT
  SHREECEM | TTM | flag=INSUFFICIENT
  SHRIRAMFIN | 2013-03 | flag=INSUFFICIENT
  SHRIRAMFIN | 2014-03 | flag=INSUFFICIENT
  SHRIRAMFIN | 2015-03 | flag=INSUFFICIENT
  SHRIRAMFIN | 2016-03 | flag=INSUFFICIENT
  SHRIRAMFIN | 2017-03 | flag=INSUFFICIENT
  SHRIRAMFIN | TTM | flag=INSUFFICIENT
  SIEMENS | 2011-09 | flag=INSUFFICIENT
  SIEMENS | 2014-09 | flag=INSUFFICIENT
  SIEMENS | 2015-09 | flag=INSUFFICIENT
  SIEMENS | 2017-09 | flag=INSUFFICIENT
  SIEMENS | 2018-09 | flag=INSUFFICIENT
  SUNPHARMA | 2013-03 | flag=INSUFFICIENT
  SUNPHARMA | 2014-03 | flag=INSUFFICIENT
  SUNPHARMA | 2015-03 | flag=INSUFFICIENT
  SUNPHARMA | 2016-03 | flag=INSUFFICIENT
  SUNPHARMA | 2017-03 | flag=INSUFFICIENT
  SUNPHARMA | TTM | flag=INSUFFICIENT
  TATACONSUM | 2013-03 | flag=INSUFFICIENT
  TATACONSUM | 2014-03 | flag=INSUFFICIENT
  TATACONSUM | 2015-03 | flag=INSUFFICIENT
  TATACONSUM | 2016-03 | flag=INSUFFICIENT
  TATACONSUM | 2017-03 | flag=INSUFFICIENT
  TATACONSUM | 2021-03 | flag=TURNAROUND
  TATACONSUM | TTM | flag=INSUFFICIENT
  TATAMOTORS | 2013-03 | flag=INSUFFICIENT
  TATAMOTORS | 2014-03 | flag=INSUFFICIENT
  TATAMOTORS | 2015-03 | flag=INSUFFICIENT
  TATAMOTORS | 2016-03 | flag=INSUFFICIENT
  TATAMOTORS | 2017-03 | flag=INSUFFICIENT
  TATAMOTORS | 2019-03 | flag=DECLINE_TO_LOSS
  TATAMOTORS | 2020-03 | flag=DECLINE_TO_LOSS
  TATAMOTORS | 2021-03 | flag=DECLINE_TO_LOSS
  TATAMOTORS | 2022-03 | flag=DECLINE_TO_LOSS
  TATAMOTORS | 2024-03 | flag=TURNAROUND
  TATAMOTORS | TTM | flag=INSUFFICIENT
  TATAPOWER | 2013-03 | flag=INSUFFICIENT
  TATAPOWER | 2014-03 | flag=INSUFFICIENT
  TATAPOWER | 2015-03 | flag=INSUFFICIENT
  TATAPOWER | 2016-03 | flag=INSUFFICIENT
  TATAPOWER | 2017-03 | flag=INSUFFICIENT
  TATAPOWER | TTM | flag=INSUFFICIENT
  TATASTEEL | 2013-03 | flag=INSUFFICIENT
  TATASTEEL | 2014-03 | flag=INSUFFICIENT
  TATASTEEL | 2015-03 | flag=INSUFFICIENT
  TATASTEEL | 2016-03 | flag=INSUFFICIENT
  TATASTEEL | 2017-03 | flag=INSUFFICIENT
  TATASTEEL | 2018-03 | flag=TURNAROUND
  TATASTEEL | 2020-03 | flag=TURNAROUND
  TATASTEEL | 2021-03 | flag=TURNAROUND
  TATASTEEL | 2022-03 | flag=TURNAROUND
  TATASTEEL | 2024-03 | flag=DECLINE_TO_LOSS
  TATASTEEL | TTM | flag=INSUFFICIENT
  TCS | 2013-03 | flag=INSUFFICIENT
  TCS | 2014-03 | flag=INSUFFICIENT
  TCS | 2015-03 | flag=INSUFFICIENT
  TCS | 2016-03 | flag=INSUFFICIENT
  TCS | 2017-03 | flag=INSUFFICIENT
  TCS | TTM | flag=INSUFFICIENT
  TECHM | 2013-03 | flag=INSUFFICIENT
  TECHM | 2014-03 | flag=INSUFFICIENT
  TECHM | 2015-03 | flag=INSUFFICIENT
  TECHM | 2016-03 | flag=INSUFFICIENT
  TECHM | 2017-03 | flag=INSUFFICIENT
  TECHM | TTM | flag=INSUFFICIENT
  TITAN | 2013-03 | flag=INSUFFICIENT
  TITAN | 2014-03 | flag=INSUFFICIENT
  TITAN | 2015-03 | flag=INSUFFICIENT
  TITAN | 2016-03 | flag=INSUFFICIENT
  TITAN | 2017-03 | flag=INSUFFICIENT
  TITAN | TTM | flag=INSUFFICIENT
  TORNTPHARM | 2013-03 | flag=INSUFFICIENT
  TORNTPHARM | 2014-03 | flag=INSUFFICIENT
  TORNTPHARM | 2015-03 | flag=INSUFFICIENT
  TORNTPHARM | 2016-03 | flag=INSUFFICIENT
  TORNTPHARM | 2017-03 | flag=INSUFFICIENT
  TORNTPHARM | TTM | flag=INSUFFICIENT
  TRENT | 2013-03 | flag=INSUFFICIENT
  TRENT | 2014-03 | flag=INSUFFICIENT
  TRENT | 2015-03 | flag=INSUFFICIENT
  TRENT | 2016-03 | flag=INSUFFICIENT
  TRENT | 2017-03 | flag=INSUFFICIENT
  TRENT | 2018-03 | flag=TURNAROUND
  TRENT | 2019-03 | flag=TURNAROUND
  TRENT | 2021-03 | flag=DECLINE_TO_LOSS
  TRENT | TTM | flag=INSUFFICIENT
  TVSMOTOR | 2013-03 | flag=INSUFFICIENT
  TVSMOTOR | 2014-03 | flag=INSUFFICIENT
  TVSMOTOR | 2015-03 | flag=INSUFFICIENT
  TVSMOTOR | 2016-03 | flag=INSUFFICIENT
  TVSMOTOR | 2017-03 | flag=INSUFFICIENT
  TVSMOTOR | TTM | flag=INSUFFICIENT

[PAT_CAGR_10YR_FLAG] Count: 1003
Explanation: Non-normal CAGR cases are documented instead of forcing an invalid CAGR.
  ABB | 2012-12 | flag=INSUFFICIENT
  ABB | 2014-03 | flag=INSUFFICIENT
  ABB | 2015-03 | flag=INSUFFICIENT
  ABB | 2016-03 | flag=INSUFFICIENT
  ABB | 2017-03 | flag=INSUFFICIENT
  ABB | 2018-03 | flag=INSUFFICIENT
  ABB | 2019-03 | flag=INSUFFICIENT
  ABB | 2020-03 | flag=INSUFFICIENT
  ABB | 2021-03 | flag=INSUFFICIENT
  ABB | 2023-03 | flag=INSUFFICIENT
  ABB | TTM | flag=INSUFFICIENT
  ADANIENSOL | 2014-03 | flag=INSUFFICIENT
  ADANIENSOL | 2015-03 | flag=INSUFFICIENT
  ADANIENSOL | 2016-03 | flag=INSUFFICIENT
  ADANIENSOL | 2017-03 | flag=INSUFFICIENT
  ADANIENSOL | 2018-03 | flag=INSUFFICIENT
  ADANIENSOL | 2019-03 | flag=INSUFFICIENT
  ADANIENSOL | 2020-03 | flag=INSUFFICIENT
  ADANIENSOL | 2021-03 | flag=INSUFFICIENT
  ADANIENSOL | 2022-03 | flag=INSUFFICIENT
  ADANIENSOL | 2023-03 | flag=INSUFFICIENT
  ADANIENSOL | 2024-03 | flag=ZERO_BASE
  ADANIENSOL | TTM | flag=INSUFFICIENT
  ADANIENT | 2013-03 | flag=INSUFFICIENT
  ADANIENT | 2014-03 | flag=INSUFFICIENT
  ADANIENT | 2015-03 | flag=INSUFFICIENT
  ADANIENT | 2016-03 | flag=INSUFFICIENT
  ADANIENT | 2017-03 | flag=INSUFFICIENT
  ADANIENT | 2018-03 | flag=INSUFFICIENT
  ADANIENT | 2019-03 | flag=INSUFFICIENT
  ADANIENT | 2020-03 | flag=INSUFFICIENT
  ADANIENT | 2021-03 | flag=INSUFFICIENT
  ADANIENT | 2022-03 | flag=INSUFFICIENT
  ADANIENT | TTM | flag=INSUFFICIENT
  ADANIGREEN | 2017-03 | flag=INSUFFICIENT
  ADANIGREEN | 2018-03 | flag=INSUFFICIENT
  ADANIGREEN | 2019-03 | flag=INSUFFICIENT
  ADANIGREEN | 2020-03 | flag=INSUFFICIENT
  ADANIGREEN | 2021-03 | flag=INSUFFICIENT
  ADANIGREEN | 2022-03 | flag=INSUFFICIENT
  ADANIGREEN | 2023-03 | flag=INSUFFICIENT
  ADANIGREEN | 2024-03 | flag=INSUFFICIENT
  ADANIGREEN | TTM | flag=INSUFFICIENT
  ADANIPORTS | 2013-03 | flag=INSUFFICIENT
  ADANIPORTS | 2014-03 | flag=INSUFFICIENT
  ADANIPORTS | 2015-03 | flag=INSUFFICIENT
  ADANIPORTS | 2016-03 | flag=INSUFFICIENT
  ADANIPORTS | 2017-03 | flag=INSUFFICIENT
  ADANIPORTS | 2018-03 | flag=INSUFFICIENT
  ADANIPORTS | 2019-03 | flag=INSUFFICIENT
  ADANIPORTS | 2020-03 | flag=INSUFFICIENT
  ADANIPORTS | 2021-03 | flag=INSUFFICIENT
  ADANIPORTS | 2022-03 | flag=INSUFFICIENT
  ADANIPORTS | TTM | flag=INSUFFICIENT
  ADANIPOWER | 2013-03 | flag=INSUFFICIENT
  ADANIPOWER | 2014-03 | flag=INSUFFICIENT
  ADANIPOWER | 2015-03 | flag=INSUFFICIENT
  ADANIPOWER | 2016-03 | flag=INSUFFICIENT
  ADANIPOWER | 2017-03 | flag=INSUFFICIENT
  ADANIPOWER | 2018-03 | flag=INSUFFICIENT
  ADANIPOWER | 2019-03 | flag=INSUFFICIENT
  ADANIPOWER | 2020-03 | flag=INSUFFICIENT
  ADANIPOWER | 2021-03 | flag=INSUFFICIENT
  ADANIPOWER | 2022-03 | flag=INSUFFICIENT
  ADANIPOWER | 2023-03 | flag=TURNAROUND
  ADANIPOWER | 2024-03 | flag=TURNAROUND
  ADANIPOWER | TTM | flag=INSUFFICIENT
  AMBUJACEM | 2012-12 | flag=INSUFFICIENT
  AMBUJACEM | 2013-12 | flag=INSUFFICIENT
  AMBUJACEM | 2014-12 | flag=INSUFFICIENT
  AMBUJACEM | 2015-12 | flag=INSUFFICIENT
  AMBUJACEM | 2016-12 | flag=INSUFFICIENT
  AMBUJACEM | 2017-12 | flag=INSUFFICIENT
  AMBUJACEM | 2018-12 | flag=INSUFFICIENT
  AMBUJACEM | 2019-12 | flag=INSUFFICIENT
  AMBUJACEM | 2020-12 | flag=INSUFFICIENT
  AMBUJACEM | 2021-12 | flag=INSUFFICIENT
  AMBUJACEM | TTM | flag=INSUFFICIENT
  APOLLOHOSP | 2013-03 | flag=INSUFFICIENT
  APOLLOHOSP | 2014-03 | flag=INSUFFICIENT
  APOLLOHOSP | 2015-03 | flag=INSUFFICIENT
  APOLLOHOSP | 2016-03 | flag=INSUFFICIENT
  APOLLOHOSP | 2017-03 | flag=INSUFFICIENT
  APOLLOHOSP | 2018-03 | flag=INSUFFICIENT
  APOLLOHOSP | 2019-03 | flag=INSUFFICIENT
  APOLLOHOSP | 2020-03 | flag=INSUFFICIENT
  APOLLOHOSP | 2021-03 | flag=INSUFFICIENT
  APOLLOHOSP | 2022-03 | flag=INSUFFICIENT
  APOLLOHOSP | TTM | flag=INSUFFICIENT
  ASIANPAINT | 2013-03 | flag=INSUFFICIENT
  ASIANPAINT | 2014-03 | flag=INSUFFICIENT
  ASIANPAINT | 2015-03 | flag=INSUFFICIENT
  ASIANPAINT | 2016-03 | flag=INSUFFICIENT
  ASIANPAINT | 2017-03 | flag=INSUFFICIENT
  ASIANPAINT | 2018-03 | flag=INSUFFICIENT
  ASIANPAINT | 2019-03 | flag=INSUFFICIENT
  ASIANPAINT | 2020-03 | flag=INSUFFICIENT
  ASIANPAINT | 2021-03 | flag=INSUFFICIENT
  ASIANPAINT | 2022-03 | flag=INSUFFICIENT
  ASIANPAINT | TTM | flag=INSUFFICIENT
  ATGL | 2018-03 | flag=INSUFFICIENT
  ATGL | 2019-03 | flag=INSUFFICIENT
  ATGL | 2020-03 | flag=INSUFFICIENT
  ATGL | 2021-03 | flag=INSUFFICIENT
  ATGL | 2022-03 | flag=INSUFFICIENT
  ATGL | 2023-03 | flag=INSUFFICIENT
  ATGL | 2024-03 | flag=INSUFFICIENT
  ATGL | TTM | flag=INSUFFICIENT
  AXISBANK | 2013-03 | flag=INSUFFICIENT
  AXISBANK | 2014-03 | flag=INSUFFICIENT
  AXISBANK | 2015-03 | flag=INSUFFICIENT
  AXISBANK | 2016-03 | flag=INSUFFICIENT
  AXISBANK | 2017-03 | flag=INSUFFICIENT
  AXISBANK | 2018-03 | flag=INSUFFICIENT
  AXISBANK | 2019-03 | flag=INSUFFICIENT
  AXISBANK | 2020-03 | flag=INSUFFICIENT
  AXISBANK | 2021-03 | flag=INSUFFICIENT
  AXISBANK | 2022-03 | flag=INSUFFICIENT
  AXISBANK | TTM | flag=INSUFFICIENT
  BAJAJ-AUTO | 2013-03 | flag=INSUFFICIENT
  BAJAJ-AUTO | 2014-03 | flag=INSUFFICIENT
  BAJAJ-AUTO | 2015-03 | flag=INSUFFICIENT
  BAJAJ-AUTO | 2016-03 | flag=INSUFFICIENT
  BAJAJ-AUTO | 2017-03 | flag=INSUFFICIENT
  BAJAJ-AUTO | 2018-03 | flag=INSUFFICIENT
  BAJAJ-AUTO | 2019-03 | flag=INSUFFICIENT
  BAJAJ-AUTO | 2020-03 | flag=INSUFFICIENT
  BAJAJ-AUTO | 2021-03 | flag=INSUFFICIENT
  BAJAJ-AUTO | 2022-03 | flag=INSUFFICIENT
  BAJAJ-AUTO | TTM | flag=INSUFFICIENT
  BAJAJFINSV | 2013-03 | flag=INSUFFICIENT
  BAJAJFINSV | 2014-03 | flag=INSUFFICIENT
  BAJAJFINSV | 2015-03 | flag=INSUFFICIENT
  BAJAJFINSV | 2016-03 | flag=INSUFFICIENT
  BAJAJFINSV | 2017-03 | flag=INSUFFICIENT
  BAJAJFINSV | 2018-03 | flag=INSUFFICIENT
  BAJAJFINSV | 2019-03 | flag=INSUFFICIENT
  BAJAJFINSV | 2020-03 | flag=INSUFFICIENT
  BAJAJFINSV | 2021-03 | flag=INSUFFICIENT
  BAJAJFINSV | 2022-03 | flag=INSUFFICIENT
  BAJAJFINSV | TTM | flag=INSUFFICIENT
  BAJAJHLDNG | 2013-03 | flag=INSUFFICIENT
  BAJAJHLDNG | 2014-03 | flag=INSUFFICIENT
  BAJAJHLDNG | 2015-03 | flag=INSUFFICIENT
  BAJAJHLDNG | 2016-03 | flag=INSUFFICIENT
  BAJAJHLDNG | 2017-03 | flag=INSUFFICIENT
  BAJAJHLDNG | 2018-03 | flag=INSUFFICIENT
  BAJAJHLDNG | 2019-03 | flag=INSUFFICIENT
  BAJAJHLDNG | 2020-03 | flag=INSUFFICIENT
  BAJAJHLDNG | 2021-03 | flag=INSUFFICIENT
  BAJAJHLDNG | 2022-03 | flag=INSUFFICIENT
  BAJAJHLDNG | TTM | flag=INSUFFICIENT
  BAJFINANCE | 2015-03 | flag=INSUFFICIENT
  BAJFINANCE | 2016-03 | flag=INSUFFICIENT
  BAJFINANCE | 2017-03 | flag=INSUFFICIENT
  BAJFINANCE | 2018-03 | flag=INSUFFICIENT
  BAJFINANCE | 2019-03 | flag=INSUFFICIENT
  BAJFINANCE | 2020-03 | flag=INSUFFICIENT
  BAJFINANCE | 2021-03 | flag=INSUFFICIENT
  BAJFINANCE | 2022-03 | flag=INSUFFICIENT
  BAJFINANCE | 2023-03 | flag=INSUFFICIENT
  BAJFINANCE | 2024-03 | flag=INSUFFICIENT
  BAJFINANCE | TTM | flag=INSUFFICIENT
  BANKBARODA | 2013-03 | flag=INSUFFICIENT
  BANKBARODA | 2014-03 | flag=INSUFFICIENT
  BANKBARODA | 2015-03 | flag=INSUFFICIENT
  BANKBARODA | 2016-03 | flag=INSUFFICIENT
  BANKBARODA | 2017-03 | flag=INSUFFICIENT
  BANKBARODA | 2018-03 | flag=INSUFFICIENT
  BANKBARODA | 2019-03 | flag=INSUFFICIENT
  BANKBARODA | 2020-03 | flag=INSUFFICIENT
  BANKBARODA | 2021-03 | flag=INSUFFICIENT
  BANKBARODA | 2022-03 | flag=INSUFFICIENT
  BANKBARODA | TTM | flag=INSUFFICIENT
  BEL | 2013-03 | flag=INSUFFICIENT
  BEL | 2014-03 | flag=INSUFFICIENT
  BEL | 2015-03 | flag=INSUFFICIENT
  BEL | 2016-03 | flag=INSUFFICIENT
  BEL | 2017-03 | flag=INSUFFICIENT
  BEL | 2018-03 | flag=INSUFFICIENT
  BEL | 2019-03 | flag=INSUFFICIENT
  BEL | 2020-03 | flag=INSUFFICIENT
  BEL | 2021-03 | flag=INSUFFICIENT
  BEL | 2022-03 | flag=INSUFFICIENT
  BEL | TTM | flag=INSUFFICIENT
  BHARTIARTL | 2013-03 | flag=INSUFFICIENT
  BHARTIARTL | 2014-03 | flag=INSUFFICIENT
  BHARTIARTL | 2015-03 | flag=INSUFFICIENT
  BHARTIARTL | 2016-03 | flag=INSUFFICIENT
  BHARTIARTL | 2017-03 | flag=INSUFFICIENT
  BHARTIARTL | 2018-03 | flag=INSUFFICIENT
  BHARTIARTL | 2019-03 | flag=INSUFFICIENT
  BHARTIARTL | 2020-03 | flag=INSUFFICIENT
  BHARTIARTL | 2021-03 | flag=INSUFFICIENT
  BHARTIARTL | 2022-03 | flag=INSUFFICIENT
  BHARTIARTL | TTM | flag=INSUFFICIENT
  BHEL | 2013-03 | flag=INSUFFICIENT
  BHEL | 2014-03 | flag=INSUFFICIENT
  BHEL | 2015-03 | flag=INSUFFICIENT
  BHEL | 2016-03 | flag=INSUFFICIENT
  BHEL | 2017-03 | flag=INSUFFICIENT
  BHEL | 2018-03 | flag=INSUFFICIENT
  BHEL | 2019-03 | flag=INSUFFICIENT
  BHEL | 2020-03 | flag=INSUFFICIENT
  BHEL | 2021-03 | flag=INSUFFICIENT
  BHEL | 2022-03 | flag=INSUFFICIENT
  BHEL | TTM | flag=INSUFFICIENT
  BOSCHLTD | 2012-12 | flag=INSUFFICIENT
  BOSCHLTD | 2013-12 | flag=INSUFFICIENT
  BOSCHLTD | 2015-03 | flag=INSUFFICIENT
  BOSCHLTD | 2016-03 | flag=INSUFFICIENT
  BOSCHLTD | 2017-03 | flag=INSUFFICIENT
  BOSCHLTD | 2018-03 | flag=INSUFFICIENT
  BOSCHLTD | 2019-03 | flag=INSUFFICIENT
  BOSCHLTD | 2020-03 | flag=INSUFFICIENT
  BOSCHLTD | 2021-03 | flag=INSUFFICIENT
  BOSCHLTD | 2024-03 | flag=INSUFFICIENT
  BOSCHLTD | TTM | flag=INSUFFICIENT
  BPCL | 2013-03 | flag=INSUFFICIENT
  BPCL | 2014-03 | flag=INSUFFICIENT
  BPCL | 2015-03 | flag=INSUFFICIENT
  BPCL | 2016-03 | flag=INSUFFICIENT
  BPCL | 2017-03 | flag=INSUFFICIENT
  BPCL | 2018-03 | flag=INSUFFICIENT
  BPCL | 2019-03 | flag=INSUFFICIENT
  BPCL | 2020-03 | flag=INSUFFICIENT
  BPCL | 2021-03 | flag=INSUFFICIENT
  BPCL | 2022-03 | flag=INSUFFICIENT
  BPCL | TTM | flag=INSUFFICIENT
  BRITANNIA | 2013-03 | flag=INSUFFICIENT
  BRITANNIA | 2014-03 | flag=INSUFFICIENT
  BRITANNIA | 2015-03 | flag=INSUFFICIENT
  BRITANNIA | 2016-03 | flag=INSUFFICIENT
  BRITANNIA | 2017-03 | flag=INSUFFICIENT
  BRITANNIA | 2018-03 | flag=INSUFFICIENT
  BRITANNIA | 2019-03 | flag=INSUFFICIENT
  BRITANNIA | 2020-03 | flag=INSUFFICIENT
  BRITANNIA | 2021-03 | flag=INSUFFICIENT
  BRITANNIA | 2022-03 | flag=INSUFFICIENT
  BRITANNIA | TTM | flag=INSUFFICIENT
  CANBK | 2013-03 | flag=INSUFFICIENT
  CANBK | 2014-03 | flag=INSUFFICIENT
  CANBK | 2015-03 | flag=INSUFFICIENT
  CANBK | 2016-03 | flag=INSUFFICIENT
  CANBK | 2017-03 | flag=INSUFFICIENT
  CANBK | 2018-03 | flag=INSUFFICIENT
  CANBK | 2019-03 | flag=INSUFFICIENT
  CANBK | 2020-03 | flag=INSUFFICIENT
  CANBK | 2021-03 | flag=INSUFFICIENT
  CANBK | 2022-03 | flag=INSUFFICIENT
  CANBK | TTM | flag=INSUFFICIENT
  CHOLAFIN | 2013-03 | flag=INSUFFICIENT
  CHOLAFIN | 2014-03 | flag=INSUFFICIENT
  CHOLAFIN | 2015-03 | flag=INSUFFICIENT
  CHOLAFIN | 2016-03 | flag=INSUFFICIENT
  CHOLAFIN | 2017-03 | flag=INSUFFICIENT
  CHOLAFIN | 2018-03 | flag=INSUFFICIENT
  CHOLAFIN | 2019-03 | flag=INSUFFICIENT
  CHOLAFIN | 2020-03 | flag=INSUFFICIENT
  CHOLAFIN | 2021-03 | flag=INSUFFICIENT
  CHOLAFIN | 2022-03 | flag=INSUFFICIENT
  CHOLAFIN | TTM | flag=INSUFFICIENT
  CIPLA | 2013-03 | flag=INSUFFICIENT
  CIPLA | 2014-03 | flag=INSUFFICIENT
  CIPLA | 2015-03 | flag=INSUFFICIENT
  CIPLA | 2016-03 | flag=INSUFFICIENT
  CIPLA | 2017-03 | flag=INSUFFICIENT
  CIPLA | 2018-03 | flag=INSUFFICIENT
  CIPLA | 2019-03 | flag=INSUFFICIENT
  CIPLA | 2020-03 | flag=INSUFFICIENT
  CIPLA | 2021-03 | flag=INSUFFICIENT
  CIPLA | 2022-03 | flag=INSUFFICIENT
  CIPLA | TTM | flag=INSUFFICIENT
  COALINDIA | 2013-03 | flag=INSUFFICIENT
  COALINDIA | 2014-03 | flag=INSUFFICIENT
  COALINDIA | 2015-03 | flag=INSUFFICIENT
  COALINDIA | 2016-03 | flag=INSUFFICIENT
  COALINDIA | 2017-03 | flag=INSUFFICIENT
  COALINDIA | 2018-03 | flag=INSUFFICIENT
  COALINDIA | 2019-03 | flag=INSUFFICIENT
  COALINDIA | 2020-03 | flag=INSUFFICIENT
  COALINDIA | 2021-03 | flag=INSUFFICIENT
  COALINDIA | 2022-03 | flag=INSUFFICIENT
  COALINDIA | TTM | flag=INSUFFICIENT
  DABUR | 2013-03 | flag=INSUFFICIENT
  DABUR | 2014-03 | flag=INSUFFICIENT
  DABUR | 2015-03 | flag=INSUFFICIENT
  DABUR | 2016-03 | flag=INSUFFICIENT
  DABUR | 2017-03 | flag=INSUFFICIENT
  DABUR | 2018-03 | flag=INSUFFICIENT
  DABUR | 2019-03 | flag=INSUFFICIENT
  DABUR | 2020-03 | flag=INSUFFICIENT
  DABUR | 2021-03 | flag=INSUFFICIENT
  DABUR | 2022-03 | flag=INSUFFICIENT
  DABUR | TTM | flag=INSUFFICIENT
  DIVISLAB | 2013-03 | flag=INSUFFICIENT
  DIVISLAB | 2014-03 | flag=INSUFFICIENT
  DIVISLAB | 2015-03 | flag=INSUFFICIENT
  DIVISLAB | 2016-03 | flag=INSUFFICIENT
  DIVISLAB | 2017-03 | flag=INSUFFICIENT
  DIVISLAB | 2018-03 | flag=INSUFFICIENT
  DIVISLAB | 2019-03 | flag=INSUFFICIENT
  DIVISLAB | 2020-03 | flag=INSUFFICIENT
  DIVISLAB | 2021-03 | flag=INSUFFICIENT
  DIVISLAB | 2022-03 | flag=INSUFFICIENT
  DIVISLAB | TTM | flag=INSUFFICIENT
  DLF | 2013-03 | flag=INSUFFICIENT
  DLF | 2014-03 | flag=INSUFFICIENT
  DLF | 2015-03 | flag=INSUFFICIENT
  DLF | 2016-03 | flag=INSUFFICIENT
  DLF | 2017-03 | flag=INSUFFICIENT
  DLF | 2018-03 | flag=INSUFFICIENT
  DLF | 2019-03 | flag=INSUFFICIENT
  DLF | 2020-03 | flag=INSUFFICIENT
  DLF | 2021-03 | flag=INSUFFICIENT
  DLF | 2022-03 | flag=INSUFFICIENT
  DLF | TTM | flag=INSUFFICIENT
  DMART | 2013-03 | flag=INSUFFICIENT
  DMART | 2014-03 | flag=INSUFFICIENT
  DMART | 2015-03 | flag=INSUFFICIENT
  DMART | 2016-03 | flag=INSUFFICIENT
  DMART | 2017-03 | flag=INSUFFICIENT
  DMART | 2018-03 | flag=INSUFFICIENT
  DMART | 2019-03 | flag=INSUFFICIENT
  DMART | 2020-03 | flag=INSUFFICIENT
  DMART | 2021-03 | flag=INSUFFICIENT
  DMART | 2022-03 | flag=INSUFFICIENT
  DMART | TTM | flag=INSUFFICIENT
  DRREDDY | 2013-03 | flag=INSUFFICIENT
  DRREDDY | 2014-03 | flag=INSUFFICIENT
  DRREDDY | 2015-03 | flag=INSUFFICIENT
  DRREDDY | 2016-03 | flag=INSUFFICIENT
  DRREDDY | 2017-03 | flag=INSUFFICIENT
  DRREDDY | 2018-03 | flag=INSUFFICIENT
  DRREDDY | 2019-03 | flag=INSUFFICIENT
  DRREDDY | 2020-03 | flag=INSUFFICIENT
  DRREDDY | 2021-03 | flag=INSUFFICIENT
  DRREDDY | 2022-03 | flag=INSUFFICIENT
  DRREDDY | TTM | flag=INSUFFICIENT
  EICHERMOT | 2012-12 | flag=INSUFFICIENT
  EICHERMOT | 2013-12 | flag=INSUFFICIENT
  EICHERMOT | 2014-12 | flag=INSUFFICIENT
  EICHERMOT | 2016-03 | flag=INSUFFICIENT
  EICHERMOT | 2017-03 | flag=INSUFFICIENT
  EICHERMOT | 2018-03 | flag=INSUFFICIENT
  EICHERMOT | 2019-03 | flag=INSUFFICIENT
  EICHERMOT | 2020-03 | flag=INSUFFICIENT
  EICHERMOT | 2021-03 | flag=INSUFFICIENT
  EICHERMOT | TTM | flag=INSUFFICIENT
  GAIL | 2013-03 | flag=INSUFFICIENT
  GAIL | 2014-03 | flag=INSUFFICIENT
  GAIL | 2015-03 | flag=INSUFFICIENT
  GAIL | 2016-03 | flag=INSUFFICIENT
  GAIL | 2017-03 | flag=INSUFFICIENT
  GAIL | 2018-03 | flag=INSUFFICIENT
  GAIL | 2019-03 | flag=INSUFFICIENT
  GAIL | 2020-03 | flag=INSUFFICIENT
  GAIL | 2021-03 | flag=INSUFFICIENT
  GAIL | 2022-03 | flag=INSUFFICIENT
  GAIL | TTM | flag=INSUFFICIENT
  GODREJCP | 2013-03 | flag=INSUFFICIENT
  GODREJCP | 2014-03 | flag=INSUFFICIENT
  GODREJCP | 2015-03 | flag=INSUFFICIENT
  GODREJCP | 2016-03 | flag=INSUFFICIENT
  GODREJCP | 2017-03 | flag=INSUFFICIENT
  GODREJCP | 2018-03 | flag=INSUFFICIENT
  GODREJCP | 2019-03 | flag=INSUFFICIENT
  GODREJCP | 2020-03 | flag=INSUFFICIENT
  GODREJCP | 2021-03 | flag=INSUFFICIENT
  GODREJCP | 2022-03 | flag=INSUFFICIENT
  GODREJCP | 2024-03 | flag=DECLINE_TO_LOSS
  GODREJCP | TTM | flag=INSUFFICIENT
  GRASIM | 2013-03 | flag=INSUFFICIENT
  GRASIM | 2014-03 | flag=INSUFFICIENT
  GRASIM | 2015-03 | flag=INSUFFICIENT
  GRASIM | 2016-03 | flag=INSUFFICIENT
  GRASIM | 2017-03 | flag=INSUFFICIENT
  GRASIM | 2018-03 | flag=INSUFFICIENT
  GRASIM | 2019-03 | flag=INSUFFICIENT
  GRASIM | 2020-03 | flag=INSUFFICIENT
  GRASIM | 2021-03 | flag=INSUFFICIENT
  GRASIM | 2022-03 | flag=INSUFFICIENT
  GRASIM | TTM | flag=INSUFFICIENT
  HAL | 2013-03 | flag=INSUFFICIENT
  HAL | 2014-03 | flag=INSUFFICIENT
  HAL | 2015-03 | flag=INSUFFICIENT
  HAL | 2016-03 | flag=INSUFFICIENT
  HAL | 2017-03 | flag=INSUFFICIENT
  HAL | 2018-03 | flag=INSUFFICIENT
  HAL | 2019-03 | flag=INSUFFICIENT
  HAL | 2020-03 | flag=INSUFFICIENT
  HAL | 2021-03 | flag=INSUFFICIENT
  HAL | 2022-03 | flag=INSUFFICIENT
  HAL | TTM | flag=INSUFFICIENT
  HAVELLS | 2013-03 | flag=INSUFFICIENT
  HAVELLS | 2014-03 | flag=INSUFFICIENT
  HAVELLS | 2015-03 | flag=INSUFFICIENT
  HAVELLS | 2016-03 | flag=INSUFFICIENT
  HAVELLS | 2017-03 | flag=INSUFFICIENT
  HAVELLS | 2018-03 | flag=INSUFFICIENT
  HAVELLS | 2019-03 | flag=INSUFFICIENT
  HAVELLS | 2020-03 | flag=INSUFFICIENT
  HAVELLS | 2021-03 | flag=INSUFFICIENT
  HAVELLS | 2022-03 | flag=INSUFFICIENT
  HAVELLS | TTM | flag=INSUFFICIENT
  HCLTECH | 2013-06 | flag=INSUFFICIENT
  HCLTECH | 2014-06 | flag=INSUFFICIENT
  HCLTECH | 2015-06 | flag=INSUFFICIENT
  HCLTECH | 2016-03 | flag=INSUFFICIENT
  HCLTECH | 2017-03 | flag=INSUFFICIENT
  HCLTECH | 2018-03 | flag=INSUFFICIENT
  HCLTECH | 2019-03 | flag=INSUFFICIENT
  HCLTECH | 2020-03 | flag=INSUFFICIENT
  HCLTECH | 2021-03 | flag=INSUFFICIENT
  HCLTECH | 2022-03 | flag=INSUFFICIENT
  HCLTECH | TTM | flag=INSUFFICIENT
  HDFCBANK | 2013-03 | flag=INSUFFICIENT
  HDFCBANK | 2014-03 | flag=INSUFFICIENT
  HDFCBANK | 2015-03 | flag=INSUFFICIENT
  HDFCBANK | 2016-03 | flag=INSUFFICIENT
  HDFCBANK | 2017-03 | flag=INSUFFICIENT
  HDFCBANK | 2018-03 | flag=INSUFFICIENT
  HDFCBANK | 2019-03 | flag=INSUFFICIENT
  HDFCBANK | 2020-03 | flag=INSUFFICIENT
  HDFCBANK | 2021-03 | flag=INSUFFICIENT
  HDFCBANK | 2022-03 | flag=INSUFFICIENT
  HDFCBANK | TTM | flag=INSUFFICIENT
  HDFCLIFE | 2013-03 | flag=INSUFFICIENT
  HDFCLIFE | 2014-03 | flag=INSUFFICIENT
  HDFCLIFE | 2015-03 | flag=INSUFFICIENT
  HDFCLIFE | 2016-03 | flag=INSUFFICIENT
  HDFCLIFE | 2017-03 | flag=INSUFFICIENT
  HDFCLIFE | 2018-03 | flag=INSUFFICIENT
  HDFCLIFE | 2019-03 | flag=INSUFFICIENT
  HDFCLIFE | 2020-03 | flag=INSUFFICIENT
  HDFCLIFE | 2021-03 | flag=INSUFFICIENT
  HDFCLIFE | 2022-03 | flag=INSUFFICIENT
  HDFCLIFE | TTM | flag=INSUFFICIENT
  HEROMOTOCO | 2014-03 | flag=INSUFFICIENT
  HEROMOTOCO | 2015-03 | flag=INSUFFICIENT
  HEROMOTOCO | 2016-03 | flag=INSUFFICIENT
  HEROMOTOCO | 2017-03 | flag=INSUFFICIENT
  HEROMOTOCO | 2018-03 | flag=INSUFFICIENT
  HEROMOTOCO | 2019-03 | flag=INSUFFICIENT
  HEROMOTOCO | 2020-03 | flag=INSUFFICIENT
  HEROMOTOCO | 2021-03 | flag=INSUFFICIENT
  HEROMOTOCO | 2022-03 | flag=INSUFFICIENT
  HEROMOTOCO | 2023-03 | flag=INSUFFICIENT
  HEROMOTOCO | TTM | flag=INSUFFICIENT
  HINDALCO | 2013-03 | flag=INSUFFICIENT
  HINDALCO | 2014-03 | flag=INSUFFICIENT
  HINDALCO | 2015-03 | flag=INSUFFICIENT
  HINDALCO | 2016-03 | flag=INSUFFICIENT
  HINDALCO | 2017-03 | flag=INSUFFICIENT
  HINDALCO | 2018-03 | flag=INSUFFICIENT
  HINDALCO | 2019-03 | flag=INSUFFICIENT
  HINDALCO | 2020-03 | flag=INSUFFICIENT
  HINDALCO | 2021-03 | flag=INSUFFICIENT
  HINDALCO | 2022-03 | flag=INSUFFICIENT
  HINDALCO | TTM | flag=INSUFFICIENT
  HINDUNILVR | 2013-03 | flag=INSUFFICIENT
  HINDUNILVR | 2014-03 | flag=INSUFFICIENT
  HINDUNILVR | 2015-03 | flag=INSUFFICIENT
  HINDUNILVR | 2016-03 | flag=INSUFFICIENT
  HINDUNILVR | 2017-03 | flag=INSUFFICIENT
  HINDUNILVR | 2018-03 | flag=INSUFFICIENT
  HINDUNILVR | 2019-03 | flag=INSUFFICIENT
  HINDUNILVR | 2020-03 | flag=INSUFFICIENT
  HINDUNILVR | 2021-03 | flag=INSUFFICIENT
  HINDUNILVR | 2022-03 | flag=INSUFFICIENT
  HINDUNILVR | TTM | flag=INSUFFICIENT
  ICICIBANK | 2013-03 | flag=INSUFFICIENT
  ICICIBANK | 2014-03 | flag=INSUFFICIENT
  ICICIBANK | 2015-03 | flag=INSUFFICIENT
  ICICIBANK | 2016-03 | flag=INSUFFICIENT
  ICICIBANK | 2017-03 | flag=INSUFFICIENT
  ICICIBANK | 2018-03 | flag=INSUFFICIENT
  ICICIBANK | 2019-03 | flag=INSUFFICIENT
  ICICIBANK | 2020-03 | flag=INSUFFICIENT
  ICICIBANK | 2021-03 | flag=INSUFFICIENT
  ICICIBANK | 2022-03 | flag=INSUFFICIENT
  ICICIBANK | TTM | flag=INSUFFICIENT
  ICICIGI | 2013-03 | flag=INSUFFICIENT
  ICICIGI | 2014-03 | flag=INSUFFICIENT
  ICICIGI | 2015-03 | flag=INSUFFICIENT
  ICICIGI | 2016-03 | flag=INSUFFICIENT
  ICICIGI | 2017-03 | flag=INSUFFICIENT
  ICICIGI | 2018-03 | flag=INSUFFICIENT
  ICICIGI | 2019-03 | flag=INSUFFICIENT
  ICICIGI | 2020-03 | flag=INSUFFICIENT
  ICICIGI | 2021-03 | flag=INSUFFICIENT
  ICICIGI | 2022-03 | flag=INSUFFICIENT
  ICICIGI | TTM | flag=INSUFFICIENT
  ICICIPRULI | 2013-03 | flag=INSUFFICIENT
  ICICIPRULI | 2014-03 | flag=INSUFFICIENT
  ICICIPRULI | 2015-03 | flag=INSUFFICIENT
  ICICIPRULI | 2016-03 | flag=INSUFFICIENT
  ICICIPRULI | 2017-03 | flag=INSUFFICIENT
  ICICIPRULI | 2018-03 | flag=INSUFFICIENT
  ICICIPRULI | 2019-03 | flag=INSUFFICIENT
  ICICIPRULI | 2020-03 | flag=INSUFFICIENT
  ICICIPRULI | 2021-03 | flag=INSUFFICIENT
  ICICIPRULI | 2022-03 | flag=INSUFFICIENT
  ICICIPRULI | TTM | flag=INSUFFICIENT
  INDIGO | 2013-03 | flag=INSUFFICIENT
  INDIGO | 2014-03 | flag=INSUFFICIENT
  INDIGO | 2015-03 | flag=INSUFFICIENT
  INDIGO | 2016-03 | flag=INSUFFICIENT
  INDIGO | 2017-03 | flag=INSUFFICIENT
  INDIGO | 2018-03 | flag=INSUFFICIENT
  INDIGO | 2019-03 | flag=INSUFFICIENT
  INDIGO | 2020-03 | flag=INSUFFICIENT
  INDIGO | 2021-03 | flag=INSUFFICIENT
  INDIGO | 2022-03 | flag=INSUFFICIENT
  INDIGO | 2023-03 | flag=DECLINE_TO_LOSS
  INDIGO | TTM | flag=INSUFFICIENT
  INDUSINDBK | 2013-03 | flag=INSUFFICIENT
  INDUSINDBK | 2014-03 | flag=INSUFFICIENT
  INDUSINDBK | 2015-03 | flag=INSUFFICIENT
  INDUSINDBK | 2016-03 | flag=INSUFFICIENT
  INDUSINDBK | 2017-03 | flag=INSUFFICIENT
  INDUSINDBK | 2018-03 | flag=INSUFFICIENT
  INDUSINDBK | 2019-03 | flag=INSUFFICIENT
  INDUSINDBK | 2020-03 | flag=INSUFFICIENT
  INDUSINDBK | 2021-03 | flag=INSUFFICIENT
  INDUSINDBK | 2022-03 | flag=INSUFFICIENT
  INDUSINDBK | TTM | flag=INSUFFICIENT
  INFY | 2013-03 | flag=INSUFFICIENT
  INFY | 2014-03 | flag=INSUFFICIENT
  INFY | 2015-03 | flag=INSUFFICIENT
  INFY | 2016-03 | flag=INSUFFICIENT
  INFY | 2017-03 | flag=INSUFFICIENT
  INFY | 2018-03 | flag=INSUFFICIENT
  INFY | 2019-03 | flag=INSUFFICIENT
  INFY | 2020-03 | flag=INSUFFICIENT
  INFY | 2021-03 | flag=INSUFFICIENT
  INFY | 2022-03 | flag=INSUFFICIENT
  INFY | TTM | flag=INSUFFICIENT
  IOC | 2013-03 | flag=INSUFFICIENT
  IOC | 2014-03 | flag=INSUFFICIENT
  IOC | 2015-03 | flag=INSUFFICIENT
  IOC | 2016-03 | flag=INSUFFICIENT
  IOC | 2017-03 | flag=INSUFFICIENT
  IOC | 2018-03 | flag=INSUFFICIENT
  IOC | 2019-03 | flag=INSUFFICIENT
  IOC | 2020-03 | flag=INSUFFICIENT
  IOC | 2021-03 | flag=INSUFFICIENT
  IOC | 2022-03 | flag=INSUFFICIENT
  IOC | TTM | flag=INSUFFICIENT
  IRCTC | 2015-03 | flag=INSUFFICIENT
  IRCTC | 2016-03 | flag=INSUFFICIENT
  IRCTC | 2017-03 | flag=INSUFFICIENT
  IRCTC | 2018-03 | flag=INSUFFICIENT
  IRCTC | 2019-03 | flag=INSUFFICIENT
  IRCTC | 2020-03 | flag=INSUFFICIENT
  IRCTC | 2021-03 | flag=INSUFFICIENT
  IRCTC | 2022-03 | flag=INSUFFICIENT
  IRCTC | 2023-03 | flag=INSUFFICIENT
  IRCTC | 2024-03 | flag=INSUFFICIENT
  IRCTC | TTM | flag=INSUFFICIENT
  IRFC | 2013-03 | flag=INSUFFICIENT
  IRFC | 2014-03 | flag=INSUFFICIENT
  IRFC | 2015-03 | flag=INSUFFICIENT
  IRFC | 2016-03 | flag=INSUFFICIENT
  IRFC | 2017-03 | flag=INSUFFICIENT
  IRFC | 2018-03 | flag=INSUFFICIENT
  IRFC | 2019-03 | flag=INSUFFICIENT
  IRFC | 2020-03 | flag=INSUFFICIENT
  IRFC | 2021-03 | flag=INSUFFICIENT
  IRFC | 2022-03 | flag=INSUFFICIENT
  IRFC | TTM | flag=INSUFFICIENT
  ITC | 2013-03 | flag=INSUFFICIENT
  ITC | 2014-03 | flag=INSUFFICIENT
  ITC | 2015-03 | flag=INSUFFICIENT
  ITC | 2016-03 | flag=INSUFFICIENT
  ITC | 2017-03 | flag=INSUFFICIENT
  ITC | 2018-03 | flag=INSUFFICIENT
  ITC | 2019-03 | flag=INSUFFICIENT
  ITC | 2020-03 | flag=INSUFFICIENT
  ITC | 2021-03 | flag=INSUFFICIENT
  ITC | 2022-03 | flag=INSUFFICIENT
  ITC | TTM | flag=INSUFFICIENT
  JINDALSTEL | 2013-03 | flag=INSUFFICIENT
  JINDALSTEL | 2014-03 | flag=INSUFFICIENT
  JINDALSTEL | 2015-03 | flag=INSUFFICIENT
  JINDALSTEL | 2016-03 | flag=INSUFFICIENT
  JINDALSTEL | 2017-03 | flag=INSUFFICIENT
  JINDALSTEL | 2018-03 | flag=INSUFFICIENT
  JINDALSTEL | 2019-03 | flag=INSUFFICIENT
  JINDALSTEL | 2020-03 | flag=INSUFFICIENT
  JINDALSTEL | 2021-03 | flag=INSUFFICIENT
  JINDALSTEL | 2022-03 | flag=INSUFFICIENT
  JINDALSTEL | TTM | flag=INSUFFICIENT
  JIOFIN | 2023-03 | flag=INSUFFICIENT
  JIOFIN | 2024-03 | flag=INSUFFICIENT
  JIOFIN | TTM | flag=INSUFFICIENT
  JSWENERGY | 2013-03 | flag=INSUFFICIENT
  JSWENERGY | 2014-03 | flag=INSUFFICIENT
  JSWENERGY | 2015-03 | flag=INSUFFICIENT
  JSWENERGY | 2016-03 | flag=INSUFFICIENT
  JSWENERGY | 2017-03 | flag=INSUFFICIENT
  JSWENERGY | 2018-03 | flag=INSUFFICIENT
  JSWENERGY | 2019-03 | flag=INSUFFICIENT
  JSWENERGY | 2020-03 | flag=INSUFFICIENT
  JSWENERGY | 2021-03 | flag=INSUFFICIENT
  JSWENERGY | 2022-03 | flag=INSUFFICIENT
  JSWENERGY | TTM | flag=INSUFFICIENT
  JSWSTEEL | 2013-03 | flag=INSUFFICIENT
  JSWSTEEL | 2014-03 | flag=INSUFFICIENT
  JSWSTEEL | 2015-03 | flag=INSUFFICIENT
  JSWSTEEL | 2016-03 | flag=INSUFFICIENT
  JSWSTEEL | 2017-03 | flag=INSUFFICIENT
  JSWSTEEL | 2018-03 | flag=INSUFFICIENT
  JSWSTEEL | 2019-03 | flag=INSUFFICIENT
  JSWSTEEL | 2020-03 | flag=INSUFFICIENT
  JSWSTEEL | 2021-03 | flag=INSUFFICIENT
  JSWSTEEL | 2022-03 | flag=INSUFFICIENT
  JSWSTEEL | TTM | flag=INSUFFICIENT
  KOTAKBANK | 2013-03 | flag=INSUFFICIENT
  KOTAKBANK | 2014-03 | flag=INSUFFICIENT
  KOTAKBANK | 2015-03 | flag=INSUFFICIENT
  KOTAKBANK | 2016-03 | flag=INSUFFICIENT
  KOTAKBANK | 2017-03 | flag=INSUFFICIENT
  KOTAKBANK | 2018-03 | flag=INSUFFICIENT
  KOTAKBANK | 2019-03 | flag=INSUFFICIENT
  KOTAKBANK | 2020-03 | flag=INSUFFICIENT
  KOTAKBANK | 2021-03 | flag=INSUFFICIENT
  KOTAKBANK | 2022-03 | flag=INSUFFICIENT
  KOTAKBANK | TTM | flag=INSUFFICIENT
  LICI | 2019-03 | flag=INSUFFICIENT
  LICI | 2020-03 | flag=INSUFFICIENT
  LICI | 2021-03 | flag=INSUFFICIENT
  LICI | 2022-03 | flag=INSUFFICIENT
  LICI | 2023-03 | flag=INSUFFICIENT
  LICI | 2024-03 | flag=INSUFFICIENT
  LICI | TTM | flag=INSUFFICIENT
  LODHA | 2011-03 | flag=INSUFFICIENT
  LODHA | 2012-03 | flag=INSUFFICIENT
  LODHA | 2015-03 | flag=INSUFFICIENT
  LODHA | 2016-03 | flag=INSUFFICIENT
  LODHA | 2017-03 | flag=INSUFFICIENT
  LODHA | 2018-03 | flag=INSUFFICIENT
  LODHA | 2019-03 | flag=INSUFFICIENT
  LODHA | 2020-03 | flag=INSUFFICIENT
  LODHA | 2023-03 | flag=INSUFFICIENT
  LODHA | 2024-03 | flag=INSUFFICIENT
  LODHA | TTM | flag=INSUFFICIENT
  LT | 2013-03 | flag=INSUFFICIENT
  LT | 2014-03 | flag=INSUFFICIENT
  LT | 2015-03 | flag=INSUFFICIENT
  LT | 2016-03 | flag=INSUFFICIENT
  LT | 2017-03 | flag=INSUFFICIENT
  LT | 2018-03 | flag=INSUFFICIENT
  LT | 2019-03 | flag=INSUFFICIENT
  LT | 2020-03 | flag=INSUFFICIENT
  LT | 2021-03 | flag=INSUFFICIENT
  LT | 2022-03 | flag=INSUFFICIENT
  LT | TTM | flag=INSUFFICIENT
  LTIM | 2013-03 | flag=INSUFFICIENT
  LTIM | 2014-03 | flag=INSUFFICIENT
  LTIM | 2015-03 | flag=INSUFFICIENT
  LTIM | 2016-03 | flag=INSUFFICIENT
  LTIM | 2017-03 | flag=INSUFFICIENT
  LTIM | 2018-03 | flag=INSUFFICIENT
  LTIM | 2019-03 | flag=INSUFFICIENT
  LTIM | 2020-03 | flag=INSUFFICIENT
  LTIM | 2021-03 | flag=INSUFFICIENT
  LTIM | 2022-03 | flag=INSUFFICIENT
  LTIM | TTM | flag=INSUFFICIENT
  M&M | 2013-03 | flag=INSUFFICIENT
  M&M | 2014-03 | flag=INSUFFICIENT
  M&M | 2015-03 | flag=INSUFFICIENT
  M&M | 2016-03 | flag=INSUFFICIENT
  M&M | 2017-03 | flag=INSUFFICIENT
  M&M | 2018-03 | flag=INSUFFICIENT
  M&M | 2019-03 | flag=INSUFFICIENT
  M&M | 2020-03 | flag=INSUFFICIENT
  M&M | 2021-03 | flag=INSUFFICIENT
  M&M | 2022-03 | flag=INSUFFICIENT
  M&M | TTM | flag=INSUFFICIENT
  MARUTI | 2013-03 | flag=INSUFFICIENT
  MARUTI | 2014-03 | flag=INSUFFICIENT
  MARUTI | 2015-03 | flag=INSUFFICIENT
  MARUTI | 2016-03 | flag=INSUFFICIENT
  MARUTI | 2017-03 | flag=INSUFFICIENT
  MARUTI | 2018-03 | flag=INSUFFICIENT
  MARUTI | 2019-03 | flag=INSUFFICIENT
  MARUTI | 2020-03 | flag=INSUFFICIENT
  MARUTI | 2021-03 | flag=INSUFFICIENT
  MARUTI | 2022-03 | flag=INSUFFICIENT
  MARUTI | TTM | flag=INSUFFICIENT
  MOTHERSON | 2013-03 | flag=INSUFFICIENT
  MOTHERSON | 2014-03 | flag=INSUFFICIENT
  MOTHERSON | 2015-03 | flag=INSUFFICIENT
  MOTHERSON | 2016-03 | flag=INSUFFICIENT
  MOTHERSON | 2017-03 | flag=INSUFFICIENT
  MOTHERSON | 2018-03 | flag=INSUFFICIENT
  MOTHERSON | 2019-03 | flag=INSUFFICIENT
  MOTHERSON | 2020-03 | flag=INSUFFICIENT
  MOTHERSON | 2021-03 | flag=INSUFFICIENT
  MOTHERSON | 2022-03 | flag=INSUFFICIENT
  MOTHERSON | TTM | flag=INSUFFICIENT
  NAUKRI | 2013-03 | flag=INSUFFICIENT
  NAUKRI | 2014-03 | flag=INSUFFICIENT
  NAUKRI | 2015-03 | flag=INSUFFICIENT
  NAUKRI | 2016-03 | flag=INSUFFICIENT
  NAUKRI | 2017-03 | flag=INSUFFICIENT
  NAUKRI | 2018-03 | flag=INSUFFICIENT
  NAUKRI | 2019-03 | flag=INSUFFICIENT
  NAUKRI | 2020-03 | flag=INSUFFICIENT
  NAUKRI | 2021-03 | flag=INSUFFICIENT
  NAUKRI | 2022-03 | flag=INSUFFICIENT
  NAUKRI | 2023-03 | flag=DECLINE_TO_LOSS
  NAUKRI | TTM | flag=INSUFFICIENT
  NESTLEIND | 2013-12 | flag=INSUFFICIENT
  NESTLEIND | 2014-12 | flag=INSUFFICIENT
  NESTLEIND | 2015-12 | flag=INSUFFICIENT
  NESTLEIND | 2016-12 | flag=INSUFFICIENT
  NESTLEIND | 2017-12 | flag=INSUFFICIENT
  NESTLEIND | 2018-12 | flag=INSUFFICIENT
  NESTLEIND | 2019-12 | flag=INSUFFICIENT
  NESTLEIND | 2020-12 | flag=INSUFFICIENT
  NESTLEIND | 2021-12 | flag=INSUFFICIENT
  NESTLEIND | 2022-12 | flag=INSUFFICIENT
  NESTLEIND | TTM | flag=INSUFFICIENT
  NHPC | 2013-03 | flag=INSUFFICIENT
  NHPC | 2014-03 | flag=INSUFFICIENT
  NHPC | 2015-03 | flag=INSUFFICIENT
  NHPC | 2016-03 | flag=INSUFFICIENT
  NHPC | 2017-03 | flag=INSUFFICIENT
  NHPC | 2018-03 | flag=INSUFFICIENT
  NHPC | 2019-03 | flag=INSUFFICIENT
  NHPC | 2020-03 | flag=INSUFFICIENT
  NHPC | 2021-03 | flag=INSUFFICIENT
  NHPC | 2022-03 | flag=INSUFFICIENT
  NHPC | TTM | flag=INSUFFICIENT
  NTPC | 2013-03 | flag=INSUFFICIENT
  NTPC | 2014-03 | flag=INSUFFICIENT
  NTPC | 2015-03 | flag=INSUFFICIENT
  NTPC | 2016-03 | flag=INSUFFICIENT
  NTPC | 2017-03 | flag=INSUFFICIENT
  NTPC | 2018-03 | flag=INSUFFICIENT
  NTPC | 2019-03 | flag=INSUFFICIENT
  NTPC | 2020-03 | flag=INSUFFICIENT
  NTPC | 2021-03 | flag=INSUFFICIENT
  NTPC | 2022-03 | flag=INSUFFICIENT
  NTPC | TTM | flag=INSUFFICIENT
  ONGC | 2013-03 | flag=INSUFFICIENT
  ONGC | 2014-03 | flag=INSUFFICIENT
  ONGC | 2015-03 | flag=INSUFFICIENT
  ONGC | 2016-03 | flag=INSUFFICIENT
  ONGC | 2017-03 | flag=INSUFFICIENT
  ONGC | 2018-03 | flag=INSUFFICIENT
  ONGC | 2019-03 | flag=INSUFFICIENT
  ONGC | 2020-03 | flag=INSUFFICIENT
  ONGC | 2021-03 | flag=INSUFFICIENT
  ONGC | 2022-03 | flag=INSUFFICIENT
  ONGC | TTM | flag=INSUFFICIENT
  PFC | 2013-03 | flag=INSUFFICIENT
  PFC | 2014-03 | flag=INSUFFICIENT
  PFC | 2015-03 | flag=INSUFFICIENT
  PFC | 2016-03 | flag=INSUFFICIENT
  PFC | 2017-03 | flag=INSUFFICIENT
  PFC | 2018-03 | flag=INSUFFICIENT
  PFC | 2019-03 | flag=INSUFFICIENT
  PFC | 2020-03 | flag=INSUFFICIENT
  PFC | 2021-03 | flag=INSUFFICIENT
  PFC | 2022-03 | flag=INSUFFICIENT
  PFC | TTM | flag=INSUFFICIENT
  PIDILITIND | 2013-03 | flag=INSUFFICIENT
  PIDILITIND | 2014-03 | flag=INSUFFICIENT
  PIDILITIND | 2015-03 | flag=INSUFFICIENT
  PIDILITIND | 2016-03 | flag=INSUFFICIENT
  PIDILITIND | 2017-03 | flag=INSUFFICIENT
  PIDILITIND | 2018-03 | flag=INSUFFICIENT
  PIDILITIND | 2019-03 | flag=INSUFFICIENT
  PIDILITIND | 2020-03 | flag=INSUFFICIENT
  PIDILITIND | 2021-03 | flag=INSUFFICIENT
  PIDILITIND | 2022-03 | flag=INSUFFICIENT
  PIDILITIND | TTM | flag=INSUFFICIENT
  PNB | 2013-03 | flag=INSUFFICIENT
  PNB | 2014-03 | flag=INSUFFICIENT
  PNB | 2015-03 | flag=INSUFFICIENT
  PNB | 2016-03 | flag=INSUFFICIENT
  PNB | 2017-03 | flag=INSUFFICIENT
  PNB | 2018-03 | flag=INSUFFICIENT
  PNB | 2019-03 | flag=INSUFFICIENT
  PNB | 2020-03 | flag=INSUFFICIENT
  PNB | 2021-03 | flag=INSUFFICIENT
  PNB | 2022-03 | flag=INSUFFICIENT
  PNB | TTM | flag=INSUFFICIENT
  POWERGRID | 2013-03 | flag=INSUFFICIENT
  POWERGRID | 2014-03 | flag=INSUFFICIENT
  POWERGRID | 2015-03 | flag=INSUFFICIENT
  POWERGRID | 2016-03 | flag=INSUFFICIENT
  POWERGRID | 2017-03 | flag=INSUFFICIENT
  POWERGRID | 2018-03 | flag=INSUFFICIENT
  POWERGRID | 2019-03 | flag=INSUFFICIENT
  POWERGRID | 2020-03 | flag=INSUFFICIENT
  POWERGRID | 2021-03 | flag=INSUFFICIENT
  POWERGRID | 2022-03 | flag=INSUFFICIENT
  POWERGRID | TTM | flag=INSUFFICIENT
  RECLTD | 2013-03 | flag=INSUFFICIENT
  RECLTD | 2014-03 | flag=INSUFFICIENT
  RECLTD | 2015-03 | flag=INSUFFICIENT
  RECLTD | 2016-03 | flag=INSUFFICIENT
  RECLTD | 2017-03 | flag=INSUFFICIENT
  RECLTD | 2018-03 | flag=INSUFFICIENT
  RECLTD | 2019-03 | flag=INSUFFICIENT
  RECLTD | 2020-03 | flag=INSUFFICIENT
  RECLTD | 2021-03 | flag=INSUFFICIENT
  RECLTD | 2022-03 | flag=INSUFFICIENT
  RECLTD | TTM | flag=INSUFFICIENT
  RELIANCE | 2013-03 | flag=INSUFFICIENT
  RELIANCE | 2014-03 | flag=INSUFFICIENT
  RELIANCE | 2015-03 | flag=INSUFFICIENT
  RELIANCE | 2016-03 | flag=INSUFFICIENT
  RELIANCE | 2017-03 | flag=INSUFFICIENT
  RELIANCE | 2018-03 | flag=INSUFFICIENT
  RELIANCE | 2019-03 | flag=INSUFFICIENT
  RELIANCE | 2020-03 | flag=INSUFFICIENT
  RELIANCE | 2021-03 | flag=INSUFFICIENT
  RELIANCE | 2022-03 | flag=INSUFFICIENT
  RELIANCE | TTM | flag=INSUFFICIENT
  SBILIFE | 2013-03 | flag=INSUFFICIENT
  SBILIFE | 2014-03 | flag=INSUFFICIENT
  SBILIFE | 2015-03 | flag=INSUFFICIENT
  SBILIFE | 2016-03 | flag=INSUFFICIENT
  SBILIFE | 2017-03 | flag=INSUFFICIENT
  SBILIFE | 2018-03 | flag=INSUFFICIENT
  SBILIFE | 2019-03 | flag=INSUFFICIENT
  SBILIFE | 2020-03 | flag=INSUFFICIENT
  SBILIFE | 2021-03 | flag=INSUFFICIENT
  SBILIFE | 2022-03 | flag=INSUFFICIENT
  SBILIFE | TTM | flag=INSUFFICIENT
  SBIN | 2013-03 | flag=INSUFFICIENT
  SBIN | 2014-03 | flag=INSUFFICIENT
  SBIN | 2015-03 | flag=INSUFFICIENT
  SBIN | 2016-03 | flag=INSUFFICIENT
  SBIN | 2017-03 | flag=INSUFFICIENT
  SBIN | 2018-03 | flag=INSUFFICIENT
  SBIN | 2019-03 | flag=INSUFFICIENT
  SBIN | 2020-03 | flag=INSUFFICIENT
  SBIN | 2021-03 | flag=INSUFFICIENT
  SBIN | 2022-03 | flag=INSUFFICIENT
  SBIN | TTM | flag=INSUFFICIENT
  SHREECEM | 2013-06 | flag=INSUFFICIENT
  SHREECEM | 2014-06 | flag=INSUFFICIENT
  SHREECEM | 2015-06 | flag=INSUFFICIENT
  SHREECEM | 2016-03 | flag=INSUFFICIENT
  SHREECEM | 2017-03 | flag=INSUFFICIENT
  SHREECEM | 2018-03 | flag=INSUFFICIENT
  SHREECEM | 2019-03 | flag=INSUFFICIENT
  SHREECEM | 2020-03 | flag=INSUFFICIENT
  SHREECEM | 2021-03 | flag=INSUFFICIENT
  SHREECEM | 2022-03 | flag=INSUFFICIENT
  SHREECEM | TTM | flag=INSUFFICIENT
  SHRIRAMFIN | 2013-03 | flag=INSUFFICIENT
  SHRIRAMFIN | 2014-03 | flag=INSUFFICIENT
  SHRIRAMFIN | 2015-03 | flag=INSUFFICIENT
  SHRIRAMFIN | 2016-03 | flag=INSUFFICIENT
  SHRIRAMFIN | 2017-03 | flag=INSUFFICIENT
  SHRIRAMFIN | 2018-03 | flag=INSUFFICIENT
  SHRIRAMFIN | 2019-03 | flag=INSUFFICIENT
  SHRIRAMFIN | 2020-03 | flag=INSUFFICIENT
  SHRIRAMFIN | 2021-03 | flag=INSUFFICIENT
  SHRIRAMFIN | 2022-03 | flag=INSUFFICIENT
  SHRIRAMFIN | TTM | flag=INSUFFICIENT
  SIEMENS | 2011-09 | flag=INSUFFICIENT
  SIEMENS | 2014-09 | flag=INSUFFICIENT
  SIEMENS | 2015-09 | flag=INSUFFICIENT
  SIEMENS | 2016-09 | flag=INSUFFICIENT
  SIEMENS | 2017-09 | flag=INSUFFICIENT
  SIEMENS | 2018-09 | flag=INSUFFICIENT
  SIEMENS | 2019-09 | flag=INSUFFICIENT
  SIEMENS | 2020-09 | flag=INSUFFICIENT
  SIEMENS | 2022-09 | flag=INSUFFICIENT
  SIEMENS | 2023-09 | flag=INSUFFICIENT
  SUNPHARMA | 2013-03 | flag=INSUFFICIENT
  SUNPHARMA | 2014-03 | flag=INSUFFICIENT
  SUNPHARMA | 2015-03 | flag=INSUFFICIENT
  SUNPHARMA | 2016-03 | flag=INSUFFICIENT
  SUNPHARMA | 2017-03 | flag=INSUFFICIENT
  SUNPHARMA | 2018-03 | flag=INSUFFICIENT
  SUNPHARMA | 2019-03 | flag=INSUFFICIENT
  SUNPHARMA | 2020-03 | flag=INSUFFICIENT
  SUNPHARMA | 2021-03 | flag=INSUFFICIENT
  SUNPHARMA | 2022-03 | flag=INSUFFICIENT
  SUNPHARMA | TTM | flag=INSUFFICIENT
  TATACONSUM | 2013-03 | flag=INSUFFICIENT
  TATACONSUM | 2014-03 | flag=INSUFFICIENT
  TATACONSUM | 2015-03 | flag=INSUFFICIENT
  TATACONSUM | 2016-03 | flag=INSUFFICIENT
  TATACONSUM | 2017-03 | flag=INSUFFICIENT
  TATACONSUM | 2018-03 | flag=INSUFFICIENT
  TATACONSUM | 2019-03 | flag=INSUFFICIENT
  TATACONSUM | 2020-03 | flag=INSUFFICIENT
  TATACONSUM | 2021-03 | flag=INSUFFICIENT
  TATACONSUM | 2022-03 | flag=INSUFFICIENT
  TATACONSUM | TTM | flag=INSUFFICIENT
  TATAMOTORS | 2013-03 | flag=INSUFFICIENT
  TATAMOTORS | 2014-03 | flag=INSUFFICIENT
  TATAMOTORS | 2015-03 | flag=INSUFFICIENT
  TATAMOTORS | 2016-03 | flag=INSUFFICIENT
  TATAMOTORS | 2017-03 | flag=INSUFFICIENT
  TATAMOTORS | 2018-03 | flag=INSUFFICIENT
  TATAMOTORS | 2019-03 | flag=INSUFFICIENT
  TATAMOTORS | 2020-03 | flag=INSUFFICIENT
  TATAMOTORS | 2021-03 | flag=INSUFFICIENT
  TATAMOTORS | 2022-03 | flag=INSUFFICIENT
  TATAMOTORS | TTM | flag=INSUFFICIENT
  TATAPOWER | 2013-03 | flag=INSUFFICIENT
  TATAPOWER | 2014-03 | flag=INSUFFICIENT
  TATAPOWER | 2015-03 | flag=INSUFFICIENT
  TATAPOWER | 2016-03 | flag=INSUFFICIENT
  TATAPOWER | 2017-03 | flag=INSUFFICIENT
  TATAPOWER | 2018-03 | flag=INSUFFICIENT
  TATAPOWER | 2019-03 | flag=INSUFFICIENT
  TATAPOWER | 2020-03 | flag=INSUFFICIENT
  TATAPOWER | 2021-03 | flag=INSUFFICIENT
  TATAPOWER | 2022-03 | flag=INSUFFICIENT
  TATAPOWER | TTM | flag=INSUFFICIENT
  TATASTEEL | 2013-03 | flag=INSUFFICIENT
  TATASTEEL | 2014-03 | flag=INSUFFICIENT
  TATASTEEL | 2015-03 | flag=INSUFFICIENT
  TATASTEEL | 2016-03 | flag=INSUFFICIENT
  TATASTEEL | 2017-03 | flag=INSUFFICIENT
  TATASTEEL | 2018-03 | flag=INSUFFICIENT
  TATASTEEL | 2019-03 | flag=INSUFFICIENT
  TATASTEEL | 2020-03 | flag=INSUFFICIENT
  TATASTEEL | 2021-03 | flag=INSUFFICIENT
  TATASTEEL | 2022-03 | flag=INSUFFICIENT
  TATASTEEL | 2023-03 | flag=TURNAROUND
  TATASTEEL | 2024-03 | flag=DECLINE_TO_LOSS
  TATASTEEL | TTM | flag=INSUFFICIENT
  TCS | 2013-03 | flag=INSUFFICIENT
  TCS | 2014-03 | flag=INSUFFICIENT
  TCS | 2015-03 | flag=INSUFFICIENT
  TCS | 2016-03 | flag=INSUFFICIENT
  TCS | 2017-03 | flag=INSUFFICIENT
  TCS | 2018-03 | flag=INSUFFICIENT
  TCS | 2019-03 | flag=INSUFFICIENT
  TCS | 2020-03 | flag=INSUFFICIENT
  TCS | 2021-03 | flag=INSUFFICIENT
  TCS | 2022-03 | flag=INSUFFICIENT
  TCS | TTM | flag=INSUFFICIENT
  TECHM | 2013-03 | flag=INSUFFICIENT
  TECHM | 2014-03 | flag=INSUFFICIENT
  TECHM | 2015-03 | flag=INSUFFICIENT
  TECHM | 2016-03 | flag=INSUFFICIENT
  TECHM | 2017-03 | flag=INSUFFICIENT
  TECHM | 2018-03 | flag=INSUFFICIENT
  TECHM | 2019-03 | flag=INSUFFICIENT
  TECHM | 2020-03 | flag=INSUFFICIENT
  TECHM | 2021-03 | flag=INSUFFICIENT
  TECHM | 2022-03 | flag=INSUFFICIENT
  TECHM | TTM | flag=INSUFFICIENT
  TITAN | 2013-03 | flag=INSUFFICIENT
  TITAN | 2014-03 | flag=INSUFFICIENT
  TITAN | 2015-03 | flag=INSUFFICIENT
  TITAN | 2016-03 | flag=INSUFFICIENT
  TITAN | 2017-03 | flag=INSUFFICIENT
  TITAN | 2018-03 | flag=INSUFFICIENT
  TITAN | 2019-03 | flag=INSUFFICIENT
  TITAN | 2020-03 | flag=INSUFFICIENT
  TITAN | 2021-03 | flag=INSUFFICIENT
  TITAN | 2022-03 | flag=INSUFFICIENT
  TITAN | TTM | flag=INSUFFICIENT
  TORNTPHARM | 2013-03 | flag=INSUFFICIENT
  TORNTPHARM | 2014-03 | flag=INSUFFICIENT
  TORNTPHARM | 2015-03 | flag=INSUFFICIENT
  TORNTPHARM | 2016-03 | flag=INSUFFICIENT
  TORNTPHARM | 2017-03 | flag=INSUFFICIENT
  TORNTPHARM | 2018-03 | flag=INSUFFICIENT
  TORNTPHARM | 2019-03 | flag=INSUFFICIENT
  TORNTPHARM | 2020-03 | flag=INSUFFICIENT
  TORNTPHARM | 2021-03 | flag=INSUFFICIENT
  TORNTPHARM | 2022-03 | flag=INSUFFICIENT
  TORNTPHARM | TTM | flag=INSUFFICIENT
  TRENT | 2013-03 | flag=INSUFFICIENT
  TRENT | 2014-03 | flag=INSUFFICIENT
  TRENT | 2015-03 | flag=INSUFFICIENT
  TRENT | 2016-03 | flag=INSUFFICIENT
  TRENT | 2017-03 | flag=INSUFFICIENT
  TRENT | 2018-03 | flag=INSUFFICIENT
  TRENT | 2019-03 | flag=INSUFFICIENT
  TRENT | 2020-03 | flag=INSUFFICIENT
  TRENT | 2021-03 | flag=INSUFFICIENT
  TRENT | 2022-03 | flag=INSUFFICIENT
  TRENT | 2023-03 | flag=TURNAROUND
  TRENT | 2024-03 | flag=TURNAROUND
  TRENT | TTM | flag=INSUFFICIENT
  TVSMOTOR | 2013-03 | flag=INSUFFICIENT
  TVSMOTOR | 2014-03 | flag=INSUFFICIENT
  TVSMOTOR | 2015-03 | flag=INSUFFICIENT
  TVSMOTOR | 2016-03 | flag=INSUFFICIENT
  TVSMOTOR | 2017-03 | flag=INSUFFICIENT
  TVSMOTOR | 2018-03 | flag=INSUFFICIENT
  TVSMOTOR | 2019-03 | flag=INSUFFICIENT
  TVSMOTOR | 2020-03 | flag=INSUFFICIENT
  TVSMOTOR | 2021-03 | flag=INSUFFICIENT
  TVSMOTOR | 2022-03 | flag=INSUFFICIENT
  TVSMOTOR | TTM | flag=INSUFFICIENT

[EPS_CAGR_3YR_FLAG] Count: 458
Explanation: Non-normal CAGR cases are documented instead of forcing an invalid CAGR.
  ABB | 2012-12 | flag=INSUFFICIENT
  ABB | 2014-03 | flag=INSUFFICIENT
  ABB | 2016-03 | flag=INSUFFICIENT
  ABB | TTM | flag=INSUFFICIENT
  ADANIENSOL | 2014-03 | flag=INSUFFICIENT
  ADANIENSOL | 2015-03 | flag=INSUFFICIENT
  ADANIENSOL | 2016-03 | flag=INSUFFICIENT
  ADANIENSOL | 2017-03 | flag=ZERO_BASE
  ADANIENSOL | 2018-03 | flag=ZERO_BASE
  ADANIENSOL | TTM | flag=INSUFFICIENT
  ADANIENT | 2013-03 | flag=INSUFFICIENT
  ADANIENT | 2014-03 | flag=INSUFFICIENT
  ADANIENT | 2015-03 | flag=INSUFFICIENT
  ADANIENT | TTM | flag=INSUFFICIENT
  ADANIGREEN | 2017-03 | flag=INSUFFICIENT
  ADANIGREEN | 2018-03 | flag=INSUFFICIENT
  ADANIGREEN | 2019-03 | flag=INSUFFICIENT
  ADANIGREEN | 2020-03 | flag=ZERO_BASE
  ADANIGREEN | 2021-03 | flag=TURNAROUND
  ADANIGREEN | 2022-03 | flag=TURNAROUND
  ADANIGREEN | 2023-03 | flag=ZERO_BASE
  ADANIGREEN | TTM | flag=INSUFFICIENT
  ADANIPORTS | 2013-03 | flag=INSUFFICIENT
  ADANIPORTS | 2014-03 | flag=INSUFFICIENT
  ADANIPORTS | 2015-03 | flag=INSUFFICIENT
  ADANIPORTS | TTM | flag=INSUFFICIENT
  ADANIPOWER | 2013-03 | flag=INSUFFICIENT
  ADANIPOWER | 2014-03 | flag=INSUFFICIENT
  ADANIPOWER | 2015-03 | flag=INSUFFICIENT
  ADANIPOWER | 2016-03 | flag=TURNAROUND
  ADANIPOWER | 2017-03 | flag=BOTH_NEGATIVE
  ADANIPOWER | 2018-03 | flag=BOTH_NEGATIVE
  ADANIPOWER | 2019-03 | flag=DECLINE_TO_LOSS
  ADANIPOWER | 2020-03 | flag=BOTH_NEGATIVE
  ADANIPOWER | 2021-03 | flag=TURNAROUND
  ADANIPOWER | 2022-03 | flag=TURNAROUND
  ADANIPOWER | 2023-03 | flag=TURNAROUND
  ADANIPOWER | TTM | flag=INSUFFICIENT
  AMBUJACEM | 2012-12 | flag=INSUFFICIENT
  AMBUJACEM | 2013-12 | flag=INSUFFICIENT
  AMBUJACEM | 2014-12 | flag=INSUFFICIENT
  AMBUJACEM | TTM | flag=INSUFFICIENT
  APOLLOHOSP | 2013-03 | flag=INSUFFICIENT
  APOLLOHOSP | 2014-03 | flag=INSUFFICIENT
  APOLLOHOSP | 2015-03 | flag=INSUFFICIENT
  APOLLOHOSP | TTM | flag=INSUFFICIENT
  ASIANPAINT | 2013-03 | flag=INSUFFICIENT
  ASIANPAINT | 2014-03 | flag=INSUFFICIENT
  ASIANPAINT | 2015-03 | flag=INSUFFICIENT
  ASIANPAINT | TTM | flag=INSUFFICIENT
  ATGL | 2018-03 | flag=INSUFFICIENT
  ATGL | 2019-03 | flag=INSUFFICIENT
  ATGL | 2020-03 | flag=INSUFFICIENT
  ATGL | TTM | flag=INSUFFICIENT
  AXISBANK | 2013-03 | flag=INSUFFICIENT
  AXISBANK | 2014-03 | flag=INSUFFICIENT
  AXISBANK | 2015-03 | flag=INSUFFICIENT
  AXISBANK | TTM | flag=INSUFFICIENT
  BAJAJ-AUTO | 2013-03 | flag=INSUFFICIENT
  BAJAJ-AUTO | 2014-03 | flag=INSUFFICIENT
  BAJAJ-AUTO | 2015-03 | flag=INSUFFICIENT
  BAJAJ-AUTO | TTM | flag=INSUFFICIENT
  BAJAJFINSV | 2013-03 | flag=INSUFFICIENT
  BAJAJFINSV | 2014-03 | flag=INSUFFICIENT
  BAJAJFINSV | 2015-03 | flag=INSUFFICIENT
  BAJAJFINSV | TTM | flag=INSUFFICIENT
  BAJAJHLDNG | 2013-03 | flag=INSUFFICIENT
  BAJAJHLDNG | 2014-03 | flag=INSUFFICIENT
  BAJAJHLDNG | 2015-03 | flag=INSUFFICIENT
  BAJAJHLDNG | TTM | flag=INSUFFICIENT
  BAJFINANCE | 2015-03 | flag=INSUFFICIENT
  BAJFINANCE | 2016-03 | flag=INSUFFICIENT
  BAJFINANCE | 2017-03 | flag=INSUFFICIENT
  BAJFINANCE | TTM | flag=INSUFFICIENT
  BANKBARODA | 2013-03 | flag=INSUFFICIENT
  BANKBARODA | 2014-03 | flag=INSUFFICIENT
  BANKBARODA | 2015-03 | flag=INSUFFICIENT
  BANKBARODA | 2016-03 | flag=DECLINE_TO_LOSS
  BANKBARODA | 2018-03 | flag=DECLINE_TO_LOSS
  BANKBARODA | 2019-03 | flag=TURNAROUND
  BANKBARODA | 2021-03 | flag=TURNAROUND
  BANKBARODA | TTM | flag=INSUFFICIENT
  BEL | 2013-03 | flag=INSUFFICIENT
  BEL | 2014-03 | flag=INSUFFICIENT
  BEL | 2015-03 | flag=INSUFFICIENT
  BEL | TTM | flag=INSUFFICIENT
  BHARTIARTL | 2013-03 | flag=INSUFFICIENT
  BHARTIARTL | 2014-03 | flag=INSUFFICIENT
  BHARTIARTL | 2015-03 | flag=INSUFFICIENT
  BHARTIARTL | 2020-03 | flag=DECLINE_TO_LOSS
  BHARTIARTL | 2021-03 | flag=DECLINE_TO_LOSS
  BHARTIARTL | 2023-03 | flag=TURNAROUND
  BHARTIARTL | 2024-03 | flag=TURNAROUND
  BHARTIARTL | TTM | flag=INSUFFICIENT
  BHEL | 2013-03 | flag=INSUFFICIENT
  BHEL | 2014-03 | flag=INSUFFICIENT
  BHEL | 2015-03 | flag=INSUFFICIENT
  BHEL | 2016-03 | flag=DECLINE_TO_LOSS
  BHEL | 2019-03 | flag=TURNAROUND
  BHEL | 2020-03 | flag=DECLINE_TO_LOSS
  BHEL | 2021-03 | flag=DECLINE_TO_LOSS
  BHEL | 2023-03 | flag=TURNAROUND
  BHEL | 2024-03 | flag=TURNAROUND
  BHEL | TTM | flag=INSUFFICIENT
  BOSCHLTD | 2012-12 | flag=INSUFFICIENT
  BOSCHLTD | 2013-12 | flag=INSUFFICIENT
  BOSCHLTD | 2017-03 | flag=INSUFFICIENT
  BOSCHLTD | TTM | flag=INSUFFICIENT
  BPCL | 2013-03 | flag=INSUFFICIENT
  BPCL | 2014-03 | flag=INSUFFICIENT
  BPCL | 2015-03 | flag=INSUFFICIENT
  BPCL | TTM | flag=INSUFFICIENT
  BRITANNIA | 2013-03 | flag=INSUFFICIENT
  BRITANNIA | 2014-03 | flag=INSUFFICIENT
  BRITANNIA | 2015-03 | flag=INSUFFICIENT
  BRITANNIA | TTM | flag=INSUFFICIENT
  CANBK | 2013-03 | flag=INSUFFICIENT
  CANBK | 2014-03 | flag=INSUFFICIENT
  CANBK | 2015-03 | flag=INSUFFICIENT
  CANBK | 2016-03 | flag=DECLINE_TO_LOSS
  CANBK | 2018-03 | flag=DECLINE_TO_LOSS
  CANBK | 2019-03 | flag=TURNAROUND
  CANBK | 2020-03 | flag=DECLINE_TO_LOSS
  CANBK | 2021-03 | flag=TURNAROUND
  CANBK | 2023-03 | flag=TURNAROUND
  CANBK | TTM | flag=INSUFFICIENT
  CHOLAFIN | 2013-03 | flag=INSUFFICIENT
  CHOLAFIN | 2014-03 | flag=INSUFFICIENT
  CHOLAFIN | 2015-03 | flag=INSUFFICIENT
  CHOLAFIN | TTM | flag=INSUFFICIENT
  CIPLA | 2013-03 | flag=INSUFFICIENT
  CIPLA | 2014-03 | flag=INSUFFICIENT
  CIPLA | 2015-03 | flag=INSUFFICIENT
  CIPLA | TTM | flag=INSUFFICIENT
  COALINDIA | 2013-03 | flag=INSUFFICIENT
  COALINDIA | 2014-03 | flag=INSUFFICIENT
  COALINDIA | 2015-03 | flag=INSUFFICIENT
  COALINDIA | TTM | flag=INSUFFICIENT
  DABUR | 2013-03 | flag=INSUFFICIENT
  DABUR | 2014-03 | flag=INSUFFICIENT
  DABUR | 2015-03 | flag=INSUFFICIENT
  DABUR | TTM | flag=INSUFFICIENT
  DIVISLAB | 2013-03 | flag=INSUFFICIENT
  DIVISLAB | 2014-03 | flag=INSUFFICIENT
  DIVISLAB | 2015-03 | flag=INSUFFICIENT
  DIVISLAB | TTM | flag=INSUFFICIENT
  DLF | 2013-03 | flag=INSUFFICIENT
  DLF | 2014-03 | flag=INSUFFICIENT
  DLF | 2015-03 | flag=INSUFFICIENT
  DLF | 2020-03 | flag=DECLINE_TO_LOSS
  DLF | 2023-03 | flag=TURNAROUND
  DLF | TTM | flag=INSUFFICIENT
  DMART | 2013-03 | flag=INSUFFICIENT
  DMART | 2014-03 | flag=INSUFFICIENT
  DMART | 2015-03 | flag=INSUFFICIENT
  DMART | TTM | flag=INSUFFICIENT
  DRREDDY | 2013-03 | flag=INSUFFICIENT
  DRREDDY | 2014-03 | flag=INSUFFICIENT
  DRREDDY | 2015-03 | flag=INSUFFICIENT
  DRREDDY | TTM | flag=INSUFFICIENT
  EICHERMOT | 2012-12 | flag=INSUFFICIENT
  EICHERMOT | 2013-12 | flag=INSUFFICIENT
  EICHERMOT | 2014-12 | flag=INSUFFICIENT
  EICHERMOT | 2018-03 | flag=INSUFFICIENT
  EICHERMOT | TTM | flag=INSUFFICIENT
  GAIL | 2013-03 | flag=INSUFFICIENT
  GAIL | 2014-03 | flag=INSUFFICIENT
  GAIL | 2015-03 | flag=INSUFFICIENT
  GAIL | TTM | flag=INSUFFICIENT
  GODREJCP | 2013-03 | flag=INSUFFICIENT
  GODREJCP | 2014-03 | flag=INSUFFICIENT
  GODREJCP | 2015-03 | flag=INSUFFICIENT
  GODREJCP | 2024-03 | flag=DECLINE_TO_LOSS
  GODREJCP | TTM | flag=INSUFFICIENT
  GRASIM | 2013-03 | flag=INSUFFICIENT
  GRASIM | 2014-03 | flag=INSUFFICIENT
  GRASIM | 2015-03 | flag=INSUFFICIENT
  GRASIM | TTM | flag=INSUFFICIENT
  HAL | 2013-03 | flag=INSUFFICIENT
  HAL | 2014-03 | flag=INSUFFICIENT
  HAL | 2015-03 | flag=INSUFFICIENT
  HAL | TTM | flag=INSUFFICIENT
  HAVELLS | 2013-03 | flag=INSUFFICIENT
  HAVELLS | 2014-03 | flag=INSUFFICIENT
  HAVELLS | 2015-03 | flag=INSUFFICIENT
  HAVELLS | TTM | flag=INSUFFICIENT
  HCLTECH | 2013-06 | flag=INSUFFICIENT
  HCLTECH | 2014-06 | flag=INSUFFICIENT
  HCLTECH | 2015-06 | flag=INSUFFICIENT
  HCLTECH | TTM | flag=INSUFFICIENT
  HDFCBANK | 2013-03 | flag=INSUFFICIENT
  HDFCBANK | 2014-03 | flag=INSUFFICIENT
  HDFCBANK | 2015-03 | flag=INSUFFICIENT
  HDFCBANK | TTM | flag=INSUFFICIENT
  HDFCLIFE | 2013-03 | flag=INSUFFICIENT
  HDFCLIFE | 2014-03 | flag=INSUFFICIENT
  HDFCLIFE | 2015-03 | flag=INSUFFICIENT
  HDFCLIFE | TTM | flag=INSUFFICIENT
  HEROMOTOCO | 2014-03 | flag=INSUFFICIENT
  HEROMOTOCO | 2015-03 | flag=INSUFFICIENT
  HEROMOTOCO | 2016-03 | flag=INSUFFICIENT
  HEROMOTOCO | TTM | flag=INSUFFICIENT
  HINDALCO | 2013-03 | flag=INSUFFICIENT
  HINDALCO | 2014-03 | flag=INSUFFICIENT
  HINDALCO | 2015-03 | flag=INSUFFICIENT
  HINDALCO | 2016-03 | flag=DECLINE_TO_LOSS
  HINDALCO | 2019-03 | flag=TURNAROUND
  HINDALCO | TTM | flag=INSUFFICIENT
  HINDUNILVR | 2013-03 | flag=INSUFFICIENT
  HINDUNILVR | 2014-03 | flag=INSUFFICIENT
  HINDUNILVR | 2015-03 | flag=INSUFFICIENT
  HINDUNILVR | TTM | flag=INSUFFICIENT
  ICICIBANK | 2013-03 | flag=INSUFFICIENT
  ICICIBANK | 2014-03 | flag=INSUFFICIENT
  ICICIBANK | 2015-03 | flag=INSUFFICIENT
  ICICIBANK | TTM | flag=INSUFFICIENT
  ICICIGI | 2013-03 | flag=INSUFFICIENT
  ICICIGI | 2014-03 | flag=INSUFFICIENT
  ICICIGI | 2015-03 | flag=INSUFFICIENT
  ICICIGI | TTM | flag=INSUFFICIENT
  ICICIPRULI | 2013-03 | flag=INSUFFICIENT
  ICICIPRULI | 2014-03 | flag=INSUFFICIENT
  ICICIPRULI | 2015-03 | flag=INSUFFICIENT
  ICICIPRULI | TTM | flag=INSUFFICIENT
  INDIGO | 2013-03 | flag=INSUFFICIENT
  INDIGO | 2014-03 | flag=INSUFFICIENT
  INDIGO | 2015-03 | flag=INSUFFICIENT
  INDIGO | 2020-03 | flag=DECLINE_TO_LOSS
  INDIGO | 2021-03 | flag=DECLINE_TO_LOSS
  INDIGO | 2022-03 | flag=DECLINE_TO_LOSS
  INDIGO | 2023-03 | flag=BOTH_NEGATIVE
  INDIGO | 2024-03 | flag=TURNAROUND
  INDIGO | TTM | flag=INSUFFICIENT
  INDUSINDBK | 2013-03 | flag=INSUFFICIENT
  INDUSINDBK | 2014-03 | flag=INSUFFICIENT
  INDUSINDBK | 2015-03 | flag=INSUFFICIENT
  INDUSINDBK | TTM | flag=INSUFFICIENT
  INFY | 2013-03 | flag=INSUFFICIENT
  INFY | 2014-03 | flag=INSUFFICIENT
  INFY | 2015-03 | flag=INSUFFICIENT
  INFY | TTM | flag=INSUFFICIENT
  IOC | 2013-03 | flag=INSUFFICIENT
  IOC | 2014-03 | flag=INSUFFICIENT
  IOC | 2015-03 | flag=INSUFFICIENT
  IOC | 2020-03 | flag=DECLINE_TO_LOSS
  IOC | 2023-03 | flag=TURNAROUND
  IOC | TTM | flag=INSUFFICIENT
  IRCTC | 2015-03 | flag=INSUFFICIENT
  IRCTC | 2016-03 | flag=INSUFFICIENT
  IRCTC | 2017-03 | flag=INSUFFICIENT
  IRCTC | TTM | flag=INSUFFICIENT
  IRFC | 2013-03 | flag=INSUFFICIENT
  IRFC | 2014-03 | flag=INSUFFICIENT
  IRFC | 2015-03 | flag=INSUFFICIENT
  IRFC | TTM | flag=INSUFFICIENT
  ITC | 2013-03 | flag=INSUFFICIENT
  ITC | 2014-03 | flag=INSUFFICIENT
  ITC | 2015-03 | flag=INSUFFICIENT
  ITC | TTM | flag=INSUFFICIENT
  JINDALSTEL | 2013-03 | flag=INSUFFICIENT
  JINDALSTEL | 2014-03 | flag=INSUFFICIENT
  JINDALSTEL | 2015-03 | flag=INSUFFICIENT
  JINDALSTEL | 2016-03 | flag=DECLINE_TO_LOSS
  JINDALSTEL | 2017-03 | flag=DECLINE_TO_LOSS
  JINDALSTEL | 2018-03 | flag=BOTH_NEGATIVE
  JINDALSTEL | 2019-03 | flag=BOTH_NEGATIVE
  JINDALSTEL | 2020-03 | flag=BOTH_NEGATIVE
  JINDALSTEL | 2021-03 | flag=TURNAROUND
  JINDALSTEL | 2022-03 | flag=TURNAROUND
  JINDALSTEL | 2023-03 | flag=TURNAROUND
  JINDALSTEL | TTM | flag=INSUFFICIENT
  JIOFIN | 2023-03 | flag=INSUFFICIENT
  JIOFIN | 2024-03 | flag=INSUFFICIENT
  JIOFIN | TTM | flag=INSUFFICIENT
  JSWENERGY | 2013-03 | flag=INSUFFICIENT
  JSWENERGY | 2014-03 | flag=INSUFFICIENT
  JSWENERGY | 2015-03 | flag=INSUFFICIENT
  JSWENERGY | 2021-03 | flag=ZERO_BASE
  JSWENERGY | TTM | flag=INSUFFICIENT
  JSWSTEEL | 2013-03 | flag=INSUFFICIENT
  JSWSTEEL | 2014-03 | flag=INSUFFICIENT
  JSWSTEEL | 2015-03 | flag=INSUFFICIENT
  JSWSTEEL | 2016-03 | flag=DECLINE_TO_LOSS
  JSWSTEEL | 2019-03 | flag=TURNAROUND
  JSWSTEEL | TTM | flag=INSUFFICIENT
  KOTAKBANK | 2013-03 | flag=INSUFFICIENT
  KOTAKBANK | 2014-03 | flag=INSUFFICIENT
  KOTAKBANK | 2015-03 | flag=INSUFFICIENT
  KOTAKBANK | TTM | flag=INSUFFICIENT
  LICI | 2019-03 | flag=INSUFFICIENT
  LICI | 2020-03 | flag=INSUFFICIENT
  LICI | 2021-03 | flag=INSUFFICIENT
  LICI | 2022-03 | flag=INSUFFICIENT
  LICI | 2023-03 | flag=INSUFFICIENT
  LICI | TTM | flag=INSUFFICIENT
  LODHA | 2011-03 | flag=INSUFFICIENT
  LODHA | 2012-03 | flag=INSUFFICIENT
  LODHA | 2016-03 | flag=INSUFFICIENT
  LODHA | 2017-03 | flag=INSUFFICIENT
  LODHA | TTM | flag=INSUFFICIENT
  LT | 2013-03 | flag=INSUFFICIENT
  LT | 2014-03 | flag=INSUFFICIENT
  LT | 2015-03 | flag=INSUFFICIENT
  LT | TTM | flag=INSUFFICIENT
  LTIM | 2013-03 | flag=INSUFFICIENT
  LTIM | 2014-03 | flag=INSUFFICIENT
  LTIM | 2015-03 | flag=INSUFFICIENT
  LTIM | TTM | flag=INSUFFICIENT
  M&M | 2013-03 | flag=INSUFFICIENT
  M&M | 2014-03 | flag=INSUFFICIENT
  M&M | 2015-03 | flag=INSUFFICIENT
  M&M | TTM | flag=INSUFFICIENT
  MARUTI | 2013-03 | flag=INSUFFICIENT
  MARUTI | 2014-03 | flag=INSUFFICIENT
  MARUTI | 2015-03 | flag=INSUFFICIENT
  MARUTI | TTM | flag=INSUFFICIENT
  MOTHERSON | 2013-03 | flag=INSUFFICIENT
  MOTHERSON | 2014-03 | flag=INSUFFICIENT
  MOTHERSON | 2015-03 | flag=INSUFFICIENT
  MOTHERSON | TTM | flag=INSUFFICIENT
  NAUKRI | 2013-03 | flag=INSUFFICIENT
  NAUKRI | 2014-03 | flag=INSUFFICIENT
  NAUKRI | 2015-03 | flag=INSUFFICIENT
  NAUKRI | 2017-03 | flag=DECLINE_TO_LOSS
  NAUKRI | 2020-03 | flag=BOTH_NEGATIVE
  NAUKRI | 2023-03 | flag=BOTH_NEGATIVE
  NAUKRI | TTM | flag=INSUFFICIENT
  NESTLEIND | 2013-12 | flag=INSUFFICIENT
  NESTLEIND | 2014-12 | flag=INSUFFICIENT
  NESTLEIND | 2015-12 | flag=INSUFFICIENT
  NESTLEIND | TTM | flag=INSUFFICIENT
  NHPC | 2013-03 | flag=INSUFFICIENT
  NHPC | 2014-03 | flag=INSUFFICIENT
  NHPC | 2015-03 | flag=INSUFFICIENT
  NHPC | TTM | flag=INSUFFICIENT
  NTPC | 2013-03 | flag=INSUFFICIENT
  NTPC | 2014-03 | flag=INSUFFICIENT
  NTPC | 2015-03 | flag=INSUFFICIENT
  NTPC | TTM | flag=INSUFFICIENT
  ONGC | 2013-03 | flag=INSUFFICIENT
  ONGC | 2014-03 | flag=INSUFFICIENT
  ONGC | 2015-03 | flag=INSUFFICIENT
  ONGC | TTM | flag=INSUFFICIENT
  PFC | 2013-03 | flag=INSUFFICIENT
  PFC | 2014-03 | flag=INSUFFICIENT
  PFC | 2015-03 | flag=INSUFFICIENT
  PFC | TTM | flag=INSUFFICIENT
  PIDILITIND | 2013-03 | flag=INSUFFICIENT
  PIDILITIND | 2014-03 | flag=INSUFFICIENT
  PIDILITIND | 2015-03 | flag=INSUFFICIENT
  PIDILITIND | TTM | flag=INSUFFICIENT
  PNB | 2013-03 | flag=INSUFFICIENT
  PNB | 2014-03 | flag=INSUFFICIENT
  PNB | 2015-03 | flag=INSUFFICIENT
  PNB | 2016-03 | flag=DECLINE_TO_LOSS
  PNB | 2018-03 | flag=DECLINE_TO_LOSS
  PNB | 2019-03 | flag=BOTH_NEGATIVE
  PNB | 2021-03 | flag=TURNAROUND
  PNB | 2022-03 | flag=TURNAROUND
  PNB | TTM | flag=INSUFFICIENT
  POWERGRID | 2013-03 | flag=INSUFFICIENT
  POWERGRID | 2014-03 | flag=INSUFFICIENT
  POWERGRID | 2015-03 | flag=INSUFFICIENT
  POWERGRID | TTM | flag=INSUFFICIENT
  RECLTD | 2013-03 | flag=INSUFFICIENT
  RECLTD | 2014-03 | flag=INSUFFICIENT
  RECLTD | 2015-03 | flag=INSUFFICIENT
  RECLTD | TTM | flag=INSUFFICIENT
  RELIANCE | 2013-03 | flag=INSUFFICIENT
  RELIANCE | 2014-03 | flag=INSUFFICIENT
  RELIANCE | 2015-03 | flag=INSUFFICIENT
  RELIANCE | TTM | flag=INSUFFICIENT
  SBILIFE | 2013-03 | flag=INSUFFICIENT
  SBILIFE | 2014-03 | flag=INSUFFICIENT
  SBILIFE | 2015-03 | flag=INSUFFICIENT
  SBILIFE | TTM | flag=INSUFFICIENT
  SBIN | 2013-03 | flag=INSUFFICIENT
  SBIN | 2014-03 | flag=INSUFFICIENT
  SBIN | 2015-03 | flag=INSUFFICIENT
  SBIN | 2018-03 | flag=DECLINE_TO_LOSS
  SBIN | 2020-03 | flag=ZERO_BASE
  SBIN | 2021-03 | flag=TURNAROUND
  SBIN | TTM | flag=INSUFFICIENT
  SHREECEM | 2013-06 | flag=INSUFFICIENT
  SHREECEM | 2014-06 | flag=INSUFFICIENT
  SHREECEM | 2015-06 | flag=INSUFFICIENT
  SHREECEM | TTM | flag=INSUFFICIENT
  SHRIRAMFIN | 2013-03 | flag=INSUFFICIENT
  SHRIRAMFIN | 2014-03 | flag=INSUFFICIENT
  SHRIRAMFIN | 2015-03 | flag=INSUFFICIENT
  SHRIRAMFIN | TTM | flag=INSUFFICIENT
  SIEMENS | 2011-09 | flag=INSUFFICIENT
  SIEMENS | 2014-09 | flag=INSUFFICIENT
  SIEMENS | 2015-09 | flag=INSUFFICIENT
  SIEMENS | 2016-09 | flag=INSUFFICIENT
  SUNPHARMA | 2013-03 | flag=INSUFFICIENT
  SUNPHARMA | 2014-03 | flag=INSUFFICIENT
  SUNPHARMA | 2015-03 | flag=INSUFFICIENT
  SUNPHARMA | TTM | flag=INSUFFICIENT
  TATACONSUM | 2013-03 | flag=INSUFFICIENT
  TATACONSUM | 2014-03 | flag=INSUFFICIENT
  TATACONSUM | 2015-03 | flag=INSUFFICIENT
  TATACONSUM | 2019-03 | flag=ZERO_BASE
  TATACONSUM | TTM | flag=INSUFFICIENT
  TATAMOTORS | 2013-03 | flag=INSUFFICIENT
  TATAMOTORS | 2014-03 | flag=INSUFFICIENT
  TATAMOTORS | 2015-03 | flag=INSUFFICIENT
  TATAMOTORS | 2019-03 | flag=DECLINE_TO_LOSS
  TATAMOTORS | 2020-03 | flag=DECLINE_TO_LOSS
  TATAMOTORS | 2021-03 | flag=DECLINE_TO_LOSS
  TATAMOTORS | 2022-03 | flag=BOTH_NEGATIVE
  TATAMOTORS | 2023-03 | flag=TURNAROUND
  TATAMOTORS | 2024-03 | flag=TURNAROUND
  TATAMOTORS | TTM | flag=INSUFFICIENT
  TATAPOWER | 2013-03 | flag=INSUFFICIENT
  TATAPOWER | 2014-03 | flag=INSUFFICIENT
  TATAPOWER | 2015-03 | flag=INSUFFICIENT
  TATAPOWER | 2016-03 | flag=ZERO_BASE
  TATAPOWER | 2017-03 | flag=TURNAROUND
  TATAPOWER | TTM | flag=INSUFFICIENT
  TATASTEEL | 2013-03 | flag=INSUFFICIENT
  TATASTEEL | 2014-03 | flag=INSUFFICIENT
  TATASTEEL | 2015-03 | flag=INSUFFICIENT
  TATASTEEL | 2016-03 | flag=TURNAROUND
  TATASTEEL | 2017-03 | flag=DECLINE_TO_LOSS
  TATASTEEL | 2018-03 | flag=TURNAROUND
  TATASTEEL | 2019-03 | flag=ZERO_BASE
  TATASTEEL | 2020-03 | flag=TURNAROUND
  TATASTEEL | 2024-03 | flag=DECLINE_TO_LOSS
  TATASTEEL | TTM | flag=INSUFFICIENT
  TCS | 2013-03 | flag=INSUFFICIENT
  TCS | 2014-03 | flag=INSUFFICIENT
  TCS | 2015-03 | flag=INSUFFICIENT
  TCS | TTM | flag=INSUFFICIENT
  TECHM | 2013-03 | flag=INSUFFICIENT
  TECHM | 2014-03 | flag=INSUFFICIENT
  TECHM | 2015-03 | flag=INSUFFICIENT
  TECHM | TTM | flag=INSUFFICIENT
  TITAN | 2013-03 | flag=INSUFFICIENT
  TITAN | 2014-03 | flag=INSUFFICIENT
  TITAN | 2015-03 | flag=INSUFFICIENT
  TITAN | TTM | flag=INSUFFICIENT
  TORNTPHARM | 2013-03 | flag=INSUFFICIENT
  TORNTPHARM | 2014-03 | flag=INSUFFICIENT
  TORNTPHARM | 2015-03 | flag=INSUFFICIENT
  TORNTPHARM | TTM | flag=INSUFFICIENT
  TRENT | 2013-03 | flag=INSUFFICIENT
  TRENT | 2014-03 | flag=INSUFFICIENT
  TRENT | 2015-03 | flag=INSUFFICIENT
  TRENT | 2016-03 | flag=TURNAROUND
  TRENT | 2017-03 | flag=TURNAROUND
  TRENT | 2021-03 | flag=DECLINE_TO_LOSS
  TRENT | 2024-03 | flag=TURNAROUND
  TRENT | TTM | flag=INSUFFICIENT
  TVSMOTOR | 2013-03 | flag=INSUFFICIENT
  TVSMOTOR | 2014-03 | flag=INSUFFICIENT
  TVSMOTOR | 2015-03 | flag=INSUFFICIENT
  TVSMOTOR | TTM | flag=INSUFFICIENT

[EPS_CAGR_5YR_FLAG] Count: 616
Explanation: Non-normal CAGR cases are documented instead of forcing an invalid CAGR.
  ABB | 2012-12 | flag=INSUFFICIENT
  ABB | 2014-03 | flag=INSUFFICIENT
  ABB | 2015-03 | flag=INSUFFICIENT
  ABB | 2016-03 | flag=INSUFFICIENT
  ABB | 2018-03 | flag=INSUFFICIENT
  ABB | TTM | flag=INSUFFICIENT
  ADANIENSOL | 2014-03 | flag=INSUFFICIENT
  ADANIENSOL | 2015-03 | flag=INSUFFICIENT
  ADANIENSOL | 2016-03 | flag=INSUFFICIENT
  ADANIENSOL | 2017-03 | flag=INSUFFICIENT
  ADANIENSOL | 2018-03 | flag=INSUFFICIENT
  ADANIENSOL | 2019-03 | flag=ZERO_BASE
  ADANIENSOL | 2020-03 | flag=ZERO_BASE
  ADANIENSOL | TTM | flag=INSUFFICIENT
  ADANIENT | 2013-03 | flag=INSUFFICIENT
  ADANIENT | 2014-03 | flag=INSUFFICIENT
  ADANIENT | 2015-03 | flag=INSUFFICIENT
  ADANIENT | 2016-03 | flag=INSUFFICIENT
  ADANIENT | 2017-03 | flag=INSUFFICIENT
  ADANIENT | TTM | flag=INSUFFICIENT
  ADANIGREEN | 2017-03 | flag=INSUFFICIENT
  ADANIGREEN | 2018-03 | flag=INSUFFICIENT
  ADANIGREEN | 2019-03 | flag=INSUFFICIENT
  ADANIGREEN | 2020-03 | flag=INSUFFICIENT
  ADANIGREEN | 2021-03 | flag=INSUFFICIENT
  ADANIGREEN | 2022-03 | flag=ZERO_BASE
  ADANIGREEN | 2023-03 | flag=TURNAROUND
  ADANIGREEN | 2024-03 | flag=TURNAROUND
  ADANIGREEN | TTM | flag=INSUFFICIENT
  ADANIPORTS | 2013-03 | flag=INSUFFICIENT
  ADANIPORTS | 2014-03 | flag=INSUFFICIENT
  ADANIPORTS | 2015-03 | flag=INSUFFICIENT
  ADANIPORTS | 2016-03 | flag=INSUFFICIENT
  ADANIPORTS | 2017-03 | flag=INSUFFICIENT
  ADANIPORTS | TTM | flag=INSUFFICIENT
  ADANIPOWER | 2013-03 | flag=INSUFFICIENT
  ADANIPOWER | 2014-03 | flag=INSUFFICIENT
  ADANIPOWER | 2015-03 | flag=INSUFFICIENT
  ADANIPOWER | 2016-03 | flag=INSUFFICIENT
  ADANIPOWER | 2017-03 | flag=INSUFFICIENT
  ADANIPOWER | 2018-03 | flag=BOTH_NEGATIVE
  ADANIPOWER | 2019-03 | flag=BOTH_NEGATIVE
  ADANIPOWER | 2020-03 | flag=BOTH_NEGATIVE
  ADANIPOWER | 2022-03 | flag=TURNAROUND
  ADANIPOWER | 2023-03 | flag=TURNAROUND
  ADANIPOWER | 2024-03 | flag=TURNAROUND
  ADANIPOWER | TTM | flag=INSUFFICIENT
  AMBUJACEM | 2012-12 | flag=INSUFFICIENT
  AMBUJACEM | 2013-12 | flag=INSUFFICIENT
  AMBUJACEM | 2014-12 | flag=INSUFFICIENT
  AMBUJACEM | 2015-12 | flag=INSUFFICIENT
  AMBUJACEM | 2016-12 | flag=INSUFFICIENT
  AMBUJACEM | TTM | flag=INSUFFICIENT
  APOLLOHOSP | 2013-03 | flag=INSUFFICIENT
  APOLLOHOSP | 2014-03 | flag=INSUFFICIENT
  APOLLOHOSP | 2015-03 | flag=INSUFFICIENT
  APOLLOHOSP | 2016-03 | flag=INSUFFICIENT
  APOLLOHOSP | 2017-03 | flag=INSUFFICIENT
  APOLLOHOSP | TTM | flag=INSUFFICIENT
  ASIANPAINT | 2013-03 | flag=INSUFFICIENT
  ASIANPAINT | 2014-03 | flag=INSUFFICIENT
  ASIANPAINT | 2015-03 | flag=INSUFFICIENT
  ASIANPAINT | 2016-03 | flag=INSUFFICIENT
  ASIANPAINT | 2017-03 | flag=INSUFFICIENT
  ASIANPAINT | TTM | flag=INSUFFICIENT
  ATGL | 2018-03 | flag=INSUFFICIENT
  ATGL | 2019-03 | flag=INSUFFICIENT
  ATGL | 2020-03 | flag=INSUFFICIENT
  ATGL | 2021-03 | flag=INSUFFICIENT
  ATGL | 2022-03 | flag=INSUFFICIENT
  ATGL | TTM | flag=INSUFFICIENT
  AXISBANK | 2013-03 | flag=INSUFFICIENT
  AXISBANK | 2014-03 | flag=INSUFFICIENT
  AXISBANK | 2015-03 | flag=INSUFFICIENT
  AXISBANK | 2016-03 | flag=INSUFFICIENT
  AXISBANK | 2017-03 | flag=INSUFFICIENT
  AXISBANK | TTM | flag=INSUFFICIENT
  BAJAJ-AUTO | 2013-03 | flag=INSUFFICIENT
  BAJAJ-AUTO | 2014-03 | flag=INSUFFICIENT
  BAJAJ-AUTO | 2015-03 | flag=INSUFFICIENT
  BAJAJ-AUTO | 2016-03 | flag=INSUFFICIENT
  BAJAJ-AUTO | 2017-03 | flag=INSUFFICIENT
  BAJAJ-AUTO | TTM | flag=INSUFFICIENT
  BAJAJFINSV | 2013-03 | flag=INSUFFICIENT
  BAJAJFINSV | 2014-03 | flag=INSUFFICIENT
  BAJAJFINSV | 2015-03 | flag=INSUFFICIENT
  BAJAJFINSV | 2016-03 | flag=INSUFFICIENT
  BAJAJFINSV | 2017-03 | flag=INSUFFICIENT
  BAJAJFINSV | TTM | flag=INSUFFICIENT
  BAJAJHLDNG | 2013-03 | flag=INSUFFICIENT
  BAJAJHLDNG | 2014-03 | flag=INSUFFICIENT
  BAJAJHLDNG | 2015-03 | flag=INSUFFICIENT
  BAJAJHLDNG | 2016-03 | flag=INSUFFICIENT
  BAJAJHLDNG | 2017-03 | flag=INSUFFICIENT
  BAJAJHLDNG | TTM | flag=INSUFFICIENT
  BAJFINANCE | 2015-03 | flag=INSUFFICIENT
  BAJFINANCE | 2016-03 | flag=INSUFFICIENT
  BAJFINANCE | 2017-03 | flag=INSUFFICIENT
  BAJFINANCE | 2018-03 | flag=INSUFFICIENT
  BAJFINANCE | 2019-03 | flag=INSUFFICIENT
  BAJFINANCE | TTM | flag=INSUFFICIENT
  BANKBARODA | 2013-03 | flag=INSUFFICIENT
  BANKBARODA | 2014-03 | flag=INSUFFICIENT
  BANKBARODA | 2015-03 | flag=INSUFFICIENT
  BANKBARODA | 2016-03 | flag=INSUFFICIENT
  BANKBARODA | 2017-03 | flag=INSUFFICIENT
  BANKBARODA | 2018-03 | flag=DECLINE_TO_LOSS
  BANKBARODA | 2021-03 | flag=TURNAROUND
  BANKBARODA | 2023-03 | flag=TURNAROUND
  BANKBARODA | TTM | flag=INSUFFICIENT
  BEL | 2013-03 | flag=INSUFFICIENT
  BEL | 2014-03 | flag=INSUFFICIENT
  BEL | 2015-03 | flag=INSUFFICIENT
  BEL | 2016-03 | flag=INSUFFICIENT
  BEL | 2017-03 | flag=INSUFFICIENT
  BEL | TTM | flag=INSUFFICIENT
  BHARTIARTL | 2013-03 | flag=INSUFFICIENT
  BHARTIARTL | 2014-03 | flag=INSUFFICIENT
  BHARTIARTL | 2015-03 | flag=INSUFFICIENT
  BHARTIARTL | 2016-03 | flag=INSUFFICIENT
  BHARTIARTL | 2017-03 | flag=INSUFFICIENT
  BHARTIARTL | 2020-03 | flag=DECLINE_TO_LOSS
  BHARTIARTL | 2021-03 | flag=DECLINE_TO_LOSS
  BHARTIARTL | TTM | flag=INSUFFICIENT
  BHEL | 2013-03 | flag=INSUFFICIENT
  BHEL | 2014-03 | flag=INSUFFICIENT
  BHEL | 2015-03 | flag=INSUFFICIENT
  BHEL | 2016-03 | flag=INSUFFICIENT
  BHEL | 2017-03 | flag=INSUFFICIENT
  BHEL | 2020-03 | flag=DECLINE_TO_LOSS
  BHEL | 2021-03 | flag=BOTH_NEGATIVE
  BHEL | TTM | flag=INSUFFICIENT
  BOSCHLTD | 2012-12 | flag=INSUFFICIENT
  BOSCHLTD | 2013-12 | flag=INSUFFICIENT
  BOSCHLTD | 2015-03 | flag=INSUFFICIENT
  BOSCHLTD | 2016-03 | flag=INSUFFICIENT
  BOSCHLTD | 2019-03 | flag=INSUFFICIENT
  BOSCHLTD | TTM | flag=INSUFFICIENT
  BPCL | 2013-03 | flag=INSUFFICIENT
  BPCL | 2014-03 | flag=INSUFFICIENT
  BPCL | 2015-03 | flag=INSUFFICIENT
  BPCL | 2016-03 | flag=INSUFFICIENT
  BPCL | 2017-03 | flag=INSUFFICIENT
  BPCL | TTM | flag=INSUFFICIENT
  BRITANNIA | 2013-03 | flag=INSUFFICIENT
  BRITANNIA | 2014-03 | flag=INSUFFICIENT
  BRITANNIA | 2015-03 | flag=INSUFFICIENT
  BRITANNIA | 2016-03 | flag=INSUFFICIENT
  BRITANNIA | 2017-03 | flag=INSUFFICIENT
  BRITANNIA | TTM | flag=INSUFFICIENT
  CANBK | 2013-03 | flag=INSUFFICIENT
  CANBK | 2014-03 | flag=INSUFFICIENT
  CANBK | 2015-03 | flag=INSUFFICIENT
  CANBK | 2016-03 | flag=INSUFFICIENT
  CANBK | 2017-03 | flag=INSUFFICIENT
  CANBK | 2018-03 | flag=DECLINE_TO_LOSS
  CANBK | 2020-03 | flag=DECLINE_TO_LOSS
  CANBK | 2021-03 | flag=TURNAROUND
  CANBK | 2023-03 | flag=TURNAROUND
  CANBK | TTM | flag=INSUFFICIENT
  CHOLAFIN | 2013-03 | flag=INSUFFICIENT
  CHOLAFIN | 2014-03 | flag=INSUFFICIENT
  CHOLAFIN | 2015-03 | flag=INSUFFICIENT
  CHOLAFIN | 2016-03 | flag=INSUFFICIENT
  CHOLAFIN | 2017-03 | flag=INSUFFICIENT
  CHOLAFIN | TTM | flag=INSUFFICIENT
  CIPLA | 2013-03 | flag=INSUFFICIENT
  CIPLA | 2014-03 | flag=INSUFFICIENT
  CIPLA | 2015-03 | flag=INSUFFICIENT
  CIPLA | 2016-03 | flag=INSUFFICIENT
  CIPLA | 2017-03 | flag=INSUFFICIENT
  CIPLA | TTM | flag=INSUFFICIENT
  COALINDIA | 2013-03 | flag=INSUFFICIENT
  COALINDIA | 2014-03 | flag=INSUFFICIENT
  COALINDIA | 2015-03 | flag=INSUFFICIENT
  COALINDIA | 2016-03 | flag=INSUFFICIENT
  COALINDIA | 2017-03 | flag=INSUFFICIENT
  COALINDIA | TTM | flag=INSUFFICIENT
  DABUR | 2013-03 | flag=INSUFFICIENT
  DABUR | 2014-03 | flag=INSUFFICIENT
  DABUR | 2015-03 | flag=INSUFFICIENT
  DABUR | 2016-03 | flag=INSUFFICIENT
  DABUR | 2017-03 | flag=INSUFFICIENT
  DABUR | TTM | flag=INSUFFICIENT
  DIVISLAB | 2013-03 | flag=INSUFFICIENT
  DIVISLAB | 2014-03 | flag=INSUFFICIENT
  DIVISLAB | 2015-03 | flag=INSUFFICIENT
  DIVISLAB | 2016-03 | flag=INSUFFICIENT
  DIVISLAB | 2017-03 | flag=INSUFFICIENT
  DIVISLAB | TTM | flag=INSUFFICIENT
  DLF | 2013-03 | flag=INSUFFICIENT
  DLF | 2014-03 | flag=INSUFFICIENT
  DLF | 2015-03 | flag=INSUFFICIENT
  DLF | 2016-03 | flag=INSUFFICIENT
  DLF | 2017-03 | flag=INSUFFICIENT
  DLF | 2020-03 | flag=DECLINE_TO_LOSS
  DLF | TTM | flag=INSUFFICIENT
  DMART | 2013-03 | flag=INSUFFICIENT
  DMART | 2014-03 | flag=INSUFFICIENT
  DMART | 2015-03 | flag=INSUFFICIENT
  DMART | 2016-03 | flag=INSUFFICIENT
  DMART | 2017-03 | flag=INSUFFICIENT
  DMART | TTM | flag=INSUFFICIENT
  DRREDDY | 2013-03 | flag=INSUFFICIENT
  DRREDDY | 2014-03 | flag=INSUFFICIENT
  DRREDDY | 2015-03 | flag=INSUFFICIENT
  DRREDDY | 2016-03 | flag=INSUFFICIENT
  DRREDDY | 2017-03 | flag=INSUFFICIENT
  DRREDDY | TTM | flag=INSUFFICIENT
  EICHERMOT | 2012-12 | flag=INSUFFICIENT
  EICHERMOT | 2013-12 | flag=INSUFFICIENT
  EICHERMOT | 2014-12 | flag=INSUFFICIENT
  EICHERMOT | 2016-03 | flag=INSUFFICIENT
  EICHERMOT | 2020-03 | flag=INSUFFICIENT
  EICHERMOT | TTM | flag=INSUFFICIENT
  GAIL | 2013-03 | flag=INSUFFICIENT
  GAIL | 2014-03 | flag=INSUFFICIENT
  GAIL | 2015-03 | flag=INSUFFICIENT
  GAIL | 2016-03 | flag=INSUFFICIENT
  GAIL | 2017-03 | flag=INSUFFICIENT
  GAIL | TTM | flag=INSUFFICIENT
  GODREJCP | 2013-03 | flag=INSUFFICIENT
  GODREJCP | 2014-03 | flag=INSUFFICIENT
  GODREJCP | 2015-03 | flag=INSUFFICIENT
  GODREJCP | 2016-03 | flag=INSUFFICIENT
  GODREJCP | 2017-03 | flag=INSUFFICIENT
  GODREJCP | 2024-03 | flag=DECLINE_TO_LOSS
  GODREJCP | TTM | flag=INSUFFICIENT
  GRASIM | 2013-03 | flag=INSUFFICIENT
  GRASIM | 2014-03 | flag=INSUFFICIENT
  GRASIM | 2015-03 | flag=INSUFFICIENT
  GRASIM | 2016-03 | flag=INSUFFICIENT
  GRASIM | 2017-03 | flag=INSUFFICIENT
  GRASIM | TTM | flag=INSUFFICIENT
  HAL | 2013-03 | flag=INSUFFICIENT
  HAL | 2014-03 | flag=INSUFFICIENT
  HAL | 2015-03 | flag=INSUFFICIENT
  HAL | 2016-03 | flag=INSUFFICIENT
  HAL | 2017-03 | flag=INSUFFICIENT
  HAL | TTM | flag=INSUFFICIENT
  HAVELLS | 2013-03 | flag=INSUFFICIENT
  HAVELLS | 2014-03 | flag=INSUFFICIENT
  HAVELLS | 2015-03 | flag=INSUFFICIENT
  HAVELLS | 2016-03 | flag=INSUFFICIENT
  HAVELLS | 2017-03 | flag=INSUFFICIENT
  HAVELLS | TTM | flag=INSUFFICIENT
  HCLTECH | 2013-06 | flag=INSUFFICIENT
  HCLTECH | 2014-06 | flag=INSUFFICIENT
  HCLTECH | 2015-06 | flag=INSUFFICIENT
  HCLTECH | 2016-03 | flag=INSUFFICIENT
  HCLTECH | 2017-03 | flag=INSUFFICIENT
  HCLTECH | TTM | flag=INSUFFICIENT
  HDFCBANK | 2013-03 | flag=INSUFFICIENT
  HDFCBANK | 2014-03 | flag=INSUFFICIENT
  HDFCBANK | 2015-03 | flag=INSUFFICIENT
  HDFCBANK | 2016-03 | flag=INSUFFICIENT
  HDFCBANK | 2017-03 | flag=INSUFFICIENT
  HDFCBANK | TTM | flag=INSUFFICIENT
  HDFCLIFE | 2013-03 | flag=INSUFFICIENT
  HDFCLIFE | 2014-03 | flag=INSUFFICIENT
  HDFCLIFE | 2015-03 | flag=INSUFFICIENT
  HDFCLIFE | 2016-03 | flag=INSUFFICIENT
  HDFCLIFE | 2017-03 | flag=INSUFFICIENT
  HDFCLIFE | TTM | flag=INSUFFICIENT
  HEROMOTOCO | 2014-03 | flag=INSUFFICIENT
  HEROMOTOCO | 2015-03 | flag=INSUFFICIENT
  HEROMOTOCO | 2016-03 | flag=INSUFFICIENT
  HEROMOTOCO | 2017-03 | flag=INSUFFICIENT
  HEROMOTOCO | 2018-03 | flag=INSUFFICIENT
  HEROMOTOCO | TTM | flag=INSUFFICIENT
  HINDALCO | 2013-03 | flag=INSUFFICIENT
  HINDALCO | 2014-03 | flag=INSUFFICIENT
  HINDALCO | 2015-03 | flag=INSUFFICIENT
  HINDALCO | 2016-03 | flag=INSUFFICIENT
  HINDALCO | 2017-03 | flag=INSUFFICIENT
  HINDALCO | 2021-03 | flag=TURNAROUND
  HINDALCO | TTM | flag=INSUFFICIENT
  HINDUNILVR | 2013-03 | flag=INSUFFICIENT
  HINDUNILVR | 2014-03 | flag=INSUFFICIENT
  HINDUNILVR | 2015-03 | flag=INSUFFICIENT
  HINDUNILVR | 2016-03 | flag=INSUFFICIENT
  HINDUNILVR | 2017-03 | flag=INSUFFICIENT
  HINDUNILVR | TTM | flag=INSUFFICIENT
  ICICIBANK | 2013-03 | flag=INSUFFICIENT
  ICICIBANK | 2014-03 | flag=INSUFFICIENT
  ICICIBANK | 2015-03 | flag=INSUFFICIENT
  ICICIBANK | 2016-03 | flag=INSUFFICIENT
  ICICIBANK | 2017-03 | flag=INSUFFICIENT
  ICICIBANK | TTM | flag=INSUFFICIENT
  ICICIGI | 2013-03 | flag=INSUFFICIENT
  ICICIGI | 2014-03 | flag=INSUFFICIENT
  ICICIGI | 2015-03 | flag=INSUFFICIENT
  ICICIGI | 2016-03 | flag=INSUFFICIENT
  ICICIGI | 2017-03 | flag=INSUFFICIENT
  ICICIGI | TTM | flag=INSUFFICIENT
  ICICIPRULI | 2013-03 | flag=INSUFFICIENT
  ICICIPRULI | 2014-03 | flag=INSUFFICIENT
  ICICIPRULI | 2015-03 | flag=INSUFFICIENT
  ICICIPRULI | 2016-03 | flag=INSUFFICIENT
  ICICIPRULI | 2017-03 | flag=INSUFFICIENT
  ICICIPRULI | TTM | flag=INSUFFICIENT
  INDIGO | 2013-03 | flag=INSUFFICIENT
  INDIGO | 2014-03 | flag=INSUFFICIENT
  INDIGO | 2015-03 | flag=INSUFFICIENT
  INDIGO | 2016-03 | flag=INSUFFICIENT
  INDIGO | 2017-03 | flag=INSUFFICIENT
  INDIGO | 2020-03 | flag=DECLINE_TO_LOSS
  INDIGO | 2021-03 | flag=DECLINE_TO_LOSS
  INDIGO | 2022-03 | flag=DECLINE_TO_LOSS
  INDIGO | 2023-03 | flag=DECLINE_TO_LOSS
  INDIGO | TTM | flag=INSUFFICIENT
  INDUSINDBK | 2013-03 | flag=INSUFFICIENT
  INDUSINDBK | 2014-03 | flag=INSUFFICIENT
  INDUSINDBK | 2015-03 | flag=INSUFFICIENT
  INDUSINDBK | 2016-03 | flag=INSUFFICIENT
  INDUSINDBK | 2017-03 | flag=INSUFFICIENT
  INDUSINDBK | TTM | flag=INSUFFICIENT
  INFY | 2013-03 | flag=INSUFFICIENT
  INFY | 2014-03 | flag=INSUFFICIENT
  INFY | 2015-03 | flag=INSUFFICIENT
  INFY | 2016-03 | flag=INSUFFICIENT
  INFY | 2017-03 | flag=INSUFFICIENT
  INFY | TTM | flag=INSUFFICIENT
  IOC | 2013-03 | flag=INSUFFICIENT
  IOC | 2014-03 | flag=INSUFFICIENT
  IOC | 2015-03 | flag=INSUFFICIENT
  IOC | 2016-03 | flag=INSUFFICIENT
  IOC | 2017-03 | flag=INSUFFICIENT
  IOC | 2020-03 | flag=DECLINE_TO_LOSS
  IOC | TTM | flag=INSUFFICIENT
  IRCTC | 2015-03 | flag=INSUFFICIENT
  IRCTC | 2016-03 | flag=INSUFFICIENT
  IRCTC | 2017-03 | flag=INSUFFICIENT
  IRCTC | 2018-03 | flag=INSUFFICIENT
  IRCTC | 2019-03 | flag=INSUFFICIENT
  IRCTC | TTM | flag=INSUFFICIENT
  IRFC | 2013-03 | flag=INSUFFICIENT
  IRFC | 2014-03 | flag=INSUFFICIENT
  IRFC | 2015-03 | flag=INSUFFICIENT
  IRFC | 2016-03 | flag=INSUFFICIENT
  IRFC | 2017-03 | flag=INSUFFICIENT
  IRFC | TTM | flag=INSUFFICIENT
  ITC | 2013-03 | flag=INSUFFICIENT
  ITC | 2014-03 | flag=INSUFFICIENT
  ITC | 2015-03 | flag=INSUFFICIENT
  ITC | 2016-03 | flag=INSUFFICIENT
  ITC | 2017-03 | flag=INSUFFICIENT
  ITC | TTM | flag=INSUFFICIENT
  JINDALSTEL | 2013-03 | flag=INSUFFICIENT
  JINDALSTEL | 2014-03 | flag=INSUFFICIENT
  JINDALSTEL | 2015-03 | flag=INSUFFICIENT
  JINDALSTEL | 2016-03 | flag=INSUFFICIENT
  JINDALSTEL | 2017-03 | flag=INSUFFICIENT
  JINDALSTEL | 2018-03 | flag=DECLINE_TO_LOSS
  JINDALSTEL | 2019-03 | flag=DECLINE_TO_LOSS
  JINDALSTEL | 2020-03 | flag=BOTH_NEGATIVE
  JINDALSTEL | 2021-03 | flag=TURNAROUND
  JINDALSTEL | 2022-03 | flag=TURNAROUND
  JINDALSTEL | 2023-03 | flag=TURNAROUND
  JINDALSTEL | 2024-03 | flag=TURNAROUND
  JINDALSTEL | TTM | flag=INSUFFICIENT
  JIOFIN | 2023-03 | flag=INSUFFICIENT
  JIOFIN | 2024-03 | flag=INSUFFICIENT
  JIOFIN | TTM | flag=INSUFFICIENT
  JSWENERGY | 2013-03 | flag=INSUFFICIENT
  JSWENERGY | 2014-03 | flag=INSUFFICIENT
  JSWENERGY | 2015-03 | flag=INSUFFICIENT
  JSWENERGY | 2016-03 | flag=INSUFFICIENT
  JSWENERGY | 2017-03 | flag=INSUFFICIENT
  JSWENERGY | 2023-03 | flag=ZERO_BASE
  JSWENERGY | TTM | flag=INSUFFICIENT
  JSWSTEEL | 2013-03 | flag=INSUFFICIENT
  JSWSTEEL | 2014-03 | flag=INSUFFICIENT
  JSWSTEEL | 2015-03 | flag=INSUFFICIENT
  JSWSTEEL | 2016-03 | flag=INSUFFICIENT
  JSWSTEEL | 2017-03 | flag=INSUFFICIENT
  JSWSTEEL | 2021-03 | flag=TURNAROUND
  JSWSTEEL | TTM | flag=INSUFFICIENT
  KOTAKBANK | 2013-03 | flag=INSUFFICIENT
  KOTAKBANK | 2014-03 | flag=INSUFFICIENT
  KOTAKBANK | 2015-03 | flag=INSUFFICIENT
  KOTAKBANK | 2016-03 | flag=INSUFFICIENT
  KOTAKBANK | 2017-03 | flag=INSUFFICIENT
  KOTAKBANK | TTM | flag=INSUFFICIENT
  LICI | 2019-03 | flag=INSUFFICIENT
  LICI | 2020-03 | flag=INSUFFICIENT
  LICI | 2021-03 | flag=INSUFFICIENT
  LICI | 2022-03 | flag=INSUFFICIENT
  LICI | 2023-03 | flag=INSUFFICIENT
  LICI | 2024-03 | flag=INSUFFICIENT
  LICI | TTM | flag=INSUFFICIENT
  LODHA | 2011-03 | flag=INSUFFICIENT
  LODHA | 2012-03 | flag=INSUFFICIENT
  LODHA | 2015-03 | flag=INSUFFICIENT
  LODHA | 2018-03 | flag=INSUFFICIENT
  LODHA | 2019-03 | flag=INSUFFICIENT
  LODHA | TTM | flag=INSUFFICIENT
  LT | 2013-03 | flag=INSUFFICIENT
  LT | 2014-03 | flag=INSUFFICIENT
  LT | 2015-03 | flag=INSUFFICIENT
  LT | 2016-03 | flag=INSUFFICIENT
  LT | 2017-03 | flag=INSUFFICIENT
  LT | TTM | flag=INSUFFICIENT
  LTIM | 2013-03 | flag=INSUFFICIENT
  LTIM | 2014-03 | flag=INSUFFICIENT
  LTIM | 2015-03 | flag=INSUFFICIENT
  LTIM | 2016-03 | flag=INSUFFICIENT
  LTIM | 2017-03 | flag=INSUFFICIENT
  LTIM | TTM | flag=INSUFFICIENT
  M&M | 2013-03 | flag=INSUFFICIENT
  M&M | 2014-03 | flag=INSUFFICIENT
  M&M | 2015-03 | flag=INSUFFICIENT
  M&M | 2016-03 | flag=INSUFFICIENT
  M&M | 2017-03 | flag=INSUFFICIENT
  M&M | TTM | flag=INSUFFICIENT
  MARUTI | 2013-03 | flag=INSUFFICIENT
  MARUTI | 2014-03 | flag=INSUFFICIENT
  MARUTI | 2015-03 | flag=INSUFFICIENT
  MARUTI | 2016-03 | flag=INSUFFICIENT
  MARUTI | 2017-03 | flag=INSUFFICIENT
  MARUTI | TTM | flag=INSUFFICIENT
  MOTHERSON | 2013-03 | flag=INSUFFICIENT
  MOTHERSON | 2014-03 | flag=INSUFFICIENT
  MOTHERSON | 2015-03 | flag=INSUFFICIENT
  MOTHERSON | 2016-03 | flag=INSUFFICIENT
  MOTHERSON | 2017-03 | flag=INSUFFICIENT
  MOTHERSON | TTM | flag=INSUFFICIENT
  NAUKRI | 2013-03 | flag=INSUFFICIENT
  NAUKRI | 2014-03 | flag=INSUFFICIENT
  NAUKRI | 2015-03 | flag=INSUFFICIENT
  NAUKRI | 2016-03 | flag=INSUFFICIENT
  NAUKRI | 2017-03 | flag=INSUFFICIENT
  NAUKRI | 2020-03 | flag=DECLINE_TO_LOSS
  NAUKRI | 2022-03 | flag=TURNAROUND
  NAUKRI | 2023-03 | flag=DECLINE_TO_LOSS
  NAUKRI | TTM | flag=INSUFFICIENT
  NESTLEIND | 2013-12 | flag=INSUFFICIENT
  NESTLEIND | 2014-12 | flag=INSUFFICIENT
  NESTLEIND | 2015-12 | flag=INSUFFICIENT
  NESTLEIND | 2016-12 | flag=INSUFFICIENT
  NESTLEIND | 2017-12 | flag=INSUFFICIENT
  NESTLEIND | TTM | flag=INSUFFICIENT
  NHPC | 2013-03 | flag=INSUFFICIENT
  NHPC | 2014-03 | flag=INSUFFICIENT
  NHPC | 2015-03 | flag=INSUFFICIENT
  NHPC | 2016-03 | flag=INSUFFICIENT
  NHPC | 2017-03 | flag=INSUFFICIENT
  NHPC | TTM | flag=INSUFFICIENT
  NTPC | 2013-03 | flag=INSUFFICIENT
  NTPC | 2014-03 | flag=INSUFFICIENT
  NTPC | 2015-03 | flag=INSUFFICIENT
  NTPC | 2016-03 | flag=INSUFFICIENT
  NTPC | 2017-03 | flag=INSUFFICIENT
  NTPC | TTM | flag=INSUFFICIENT
  ONGC | 2013-03 | flag=INSUFFICIENT
  ONGC | 2014-03 | flag=INSUFFICIENT
  ONGC | 2015-03 | flag=INSUFFICIENT
  ONGC | 2016-03 | flag=INSUFFICIENT
  ONGC | 2017-03 | flag=INSUFFICIENT
  ONGC | TTM | flag=INSUFFICIENT
  PFC | 2013-03 | flag=INSUFFICIENT
  PFC | 2014-03 | flag=INSUFFICIENT
  PFC | 2015-03 | flag=INSUFFICIENT
  PFC | 2016-03 | flag=INSUFFICIENT
  PFC | 2017-03 | flag=INSUFFICIENT
  PFC | TTM | flag=INSUFFICIENT
  PIDILITIND | 2013-03 | flag=INSUFFICIENT
  PIDILITIND | 2014-03 | flag=INSUFFICIENT
  PIDILITIND | 2015-03 | flag=INSUFFICIENT
  PIDILITIND | 2016-03 | flag=INSUFFICIENT
  PIDILITIND | 2017-03 | flag=INSUFFICIENT
  PIDILITIND | TTM | flag=INSUFFICIENT
  PNB | 2013-03 | flag=INSUFFICIENT
  PNB | 2014-03 | flag=INSUFFICIENT
  PNB | 2015-03 | flag=INSUFFICIENT
  PNB | 2016-03 | flag=INSUFFICIENT
  PNB | 2017-03 | flag=INSUFFICIENT
  PNB | 2018-03 | flag=DECLINE_TO_LOSS
  PNB | 2019-03 | flag=DECLINE_TO_LOSS
  PNB | 2021-03 | flag=TURNAROUND
  PNB | 2023-03 | flag=TURNAROUND
  PNB | 2024-03 | flag=TURNAROUND
  PNB | TTM | flag=INSUFFICIENT
  POWERGRID | 2013-03 | flag=INSUFFICIENT
  POWERGRID | 2014-03 | flag=INSUFFICIENT
  POWERGRID | 2015-03 | flag=INSUFFICIENT
  POWERGRID | 2016-03 | flag=INSUFFICIENT
  POWERGRID | 2017-03 | flag=INSUFFICIENT
  POWERGRID | TTM | flag=INSUFFICIENT
  RECLTD | 2013-03 | flag=INSUFFICIENT
  RECLTD | 2014-03 | flag=INSUFFICIENT
  RECLTD | 2015-03 | flag=INSUFFICIENT
  RECLTD | 2016-03 | flag=INSUFFICIENT
  RECLTD | 2017-03 | flag=INSUFFICIENT
  RECLTD | TTM | flag=INSUFFICIENT
  RELIANCE | 2013-03 | flag=INSUFFICIENT
  RELIANCE | 2014-03 | flag=INSUFFICIENT
  RELIANCE | 2015-03 | flag=INSUFFICIENT
  RELIANCE | 2016-03 | flag=INSUFFICIENT
  RELIANCE | 2017-03 | flag=INSUFFICIENT
  RELIANCE | TTM | flag=INSUFFICIENT
  SBILIFE | 2013-03 | flag=INSUFFICIENT
  SBILIFE | 2014-03 | flag=INSUFFICIENT
  SBILIFE | 2015-03 | flag=INSUFFICIENT
  SBILIFE | 2016-03 | flag=INSUFFICIENT
  SBILIFE | 2017-03 | flag=INSUFFICIENT
  SBILIFE | TTM | flag=INSUFFICIENT
  SBIN | 2013-03 | flag=INSUFFICIENT
  SBIN | 2014-03 | flag=INSUFFICIENT
  SBIN | 2015-03 | flag=INSUFFICIENT
  SBIN | 2016-03 | flag=INSUFFICIENT
  SBIN | 2017-03 | flag=INSUFFICIENT
  SBIN | 2018-03 | flag=DECLINE_TO_LOSS
  SBIN | 2022-03 | flag=ZERO_BASE
  SBIN | 2023-03 | flag=TURNAROUND
  SBIN | TTM | flag=INSUFFICIENT
  SHREECEM | 2013-06 | flag=INSUFFICIENT
  SHREECEM | 2014-06 | flag=INSUFFICIENT
  SHREECEM | 2015-06 | flag=INSUFFICIENT
  SHREECEM | 2016-03 | flag=INSUFFICIENT
  SHREECEM | 2017-03 | flag=INSUFFICIENT
  SHREECEM | TTM | flag=INSUFFICIENT
  SHRIRAMFIN | 2013-03 | flag=INSUFFICIENT
  SHRIRAMFIN | 2014-03 | flag=INSUFFICIENT
  SHRIRAMFIN | 2015-03 | flag=INSUFFICIENT
  SHRIRAMFIN | 2016-03 | flag=INSUFFICIENT
  SHRIRAMFIN | 2017-03 | flag=INSUFFICIENT
  SHRIRAMFIN | TTM | flag=INSUFFICIENT
  SIEMENS | 2011-09 | flag=INSUFFICIENT
  SIEMENS | 2014-09 | flag=INSUFFICIENT
  SIEMENS | 2015-09 | flag=INSUFFICIENT
  SIEMENS | 2016-09 | flag=INSUFFICIENT
  SIEMENS | 2017-09 | flag=INSUFFICIENT
  SIEMENS | 2018-09 | flag=INSUFFICIENT
  SUNPHARMA | 2013-03 | flag=INSUFFICIENT
  SUNPHARMA | 2014-03 | flag=INSUFFICIENT
  SUNPHARMA | 2015-03 | flag=INSUFFICIENT
  SUNPHARMA | 2016-03 | flag=INSUFFICIENT
  SUNPHARMA | 2017-03 | flag=INSUFFICIENT
  SUNPHARMA | TTM | flag=INSUFFICIENT
  TATACONSUM | 2013-03 | flag=INSUFFICIENT
  TATACONSUM | 2014-03 | flag=INSUFFICIENT
  TATACONSUM | 2015-03 | flag=INSUFFICIENT
  TATACONSUM | 2016-03 | flag=INSUFFICIENT
  TATACONSUM | 2017-03 | flag=INSUFFICIENT
  TATACONSUM | 2021-03 | flag=ZERO_BASE
  TATACONSUM | TTM | flag=INSUFFICIENT
  TATAMOTORS | 2013-03 | flag=INSUFFICIENT
  TATAMOTORS | 2014-03 | flag=INSUFFICIENT
  TATAMOTORS | 2015-03 | flag=INSUFFICIENT
  TATAMOTORS | 2016-03 | flag=INSUFFICIENT
  TATAMOTORS | 2017-03 | flag=INSUFFICIENT
  TATAMOTORS | 2019-03 | flag=DECLINE_TO_LOSS
  TATAMOTORS | 2020-03 | flag=DECLINE_TO_LOSS
  TATAMOTORS | 2021-03 | flag=DECLINE_TO_LOSS
  TATAMOTORS | 2022-03 | flag=DECLINE_TO_LOSS
  TATAMOTORS | 2024-03 | flag=TURNAROUND
  TATAMOTORS | TTM | flag=INSUFFICIENT
  TATAPOWER | 2013-03 | flag=INSUFFICIENT
  TATAPOWER | 2014-03 | flag=INSUFFICIENT
  TATAPOWER | 2015-03 | flag=INSUFFICIENT
  TATAPOWER | 2016-03 | flag=INSUFFICIENT
  TATAPOWER | 2017-03 | flag=INSUFFICIENT
  TATAPOWER | 2018-03 | flag=ZERO_BASE
  TATAPOWER | 2019-03 | flag=TURNAROUND
  TATAPOWER | TTM | flag=INSUFFICIENT
  TATASTEEL | 2013-03 | flag=INSUFFICIENT
  TATASTEEL | 2014-03 | flag=INSUFFICIENT
  TATASTEEL | 2015-03 | flag=INSUFFICIENT
  TATASTEEL | 2016-03 | flag=INSUFFICIENT
  TATASTEEL | 2017-03 | flag=INSUFFICIENT
  TATASTEEL | 2018-03 | flag=TURNAROUND
  TATASTEEL | 2020-03 | flag=TURNAROUND
  TATASTEEL | 2021-03 | flag=ZERO_BASE
  TATASTEEL | 2022-03 | flag=TURNAROUND
  TATASTEEL | 2024-03 | flag=DECLINE_TO_LOSS
  TATASTEEL | TTM | flag=INSUFFICIENT
  TCS | 2013-03 | flag=INSUFFICIENT
  TCS | 2014-03 | flag=INSUFFICIENT
  TCS | 2015-03 | flag=INSUFFICIENT
  TCS | 2016-03 | flag=INSUFFICIENT
  TCS | 2017-03 | flag=INSUFFICIENT
  TCS | TTM | flag=INSUFFICIENT
  TECHM | 2013-03 | flag=INSUFFICIENT
  TECHM | 2014-03 | flag=INSUFFICIENT
  TECHM | 2015-03 | flag=INSUFFICIENT
  TECHM | 2016-03 | flag=INSUFFICIENT
  TECHM | 2017-03 | flag=INSUFFICIENT
  TECHM | TTM | flag=INSUFFICIENT
  TITAN | 2013-03 | flag=INSUFFICIENT
  TITAN | 2014-03 | flag=INSUFFICIENT
  TITAN | 2015-03 | flag=INSUFFICIENT
  TITAN | 2016-03 | flag=INSUFFICIENT
  TITAN | 2017-03 | flag=INSUFFICIENT
  TITAN | TTM | flag=INSUFFICIENT
  TORNTPHARM | 2013-03 | flag=INSUFFICIENT
  TORNTPHARM | 2014-03 | flag=INSUFFICIENT
  TORNTPHARM | 2015-03 | flag=INSUFFICIENT
  TORNTPHARM | 2016-03 | flag=INSUFFICIENT
  TORNTPHARM | 2017-03 | flag=INSUFFICIENT
  TORNTPHARM | TTM | flag=INSUFFICIENT
  TRENT | 2013-03 | flag=INSUFFICIENT
  TRENT | 2014-03 | flag=INSUFFICIENT
  TRENT | 2015-03 | flag=INSUFFICIENT
  TRENT | 2016-03 | flag=INSUFFICIENT
  TRENT | 2017-03 | flag=INSUFFICIENT
  TRENT | 2018-03 | flag=TURNAROUND
  TRENT | 2019-03 | flag=TURNAROUND
  TRENT | 2021-03 | flag=DECLINE_TO_LOSS
  TRENT | TTM | flag=INSUFFICIENT
  TVSMOTOR | 2013-03 | flag=INSUFFICIENT
  TVSMOTOR | 2014-03 | flag=INSUFFICIENT
  TVSMOTOR | 2015-03 | flag=INSUFFICIENT
  TVSMOTOR | 2016-03 | flag=INSUFFICIENT
  TVSMOTOR | 2017-03 | flag=INSUFFICIENT
  TVSMOTOR | TTM | flag=INSUFFICIENT

[EPS_CAGR_10YR_FLAG] Count: 1006
Explanation: Non-normal CAGR cases are documented instead of forcing an invalid CAGR.
  ABB | 2012-12 | flag=INSUFFICIENT
  ABB | 2014-03 | flag=INSUFFICIENT
  ABB | 2015-03 | flag=INSUFFICIENT
  ABB | 2016-03 | flag=INSUFFICIENT
  ABB | 2017-03 | flag=INSUFFICIENT
  ABB | 2018-03 | flag=INSUFFICIENT
  ABB | 2019-03 | flag=INSUFFICIENT
  ABB | 2020-03 | flag=INSUFFICIENT
  ABB | 2021-03 | flag=INSUFFICIENT
  ABB | 2023-03 | flag=INSUFFICIENT
  ABB | TTM | flag=INSUFFICIENT
  ADANIENSOL | 2014-03 | flag=INSUFFICIENT
  ADANIENSOL | 2015-03 | flag=INSUFFICIENT
  ADANIENSOL | 2016-03 | flag=INSUFFICIENT
  ADANIENSOL | 2017-03 | flag=INSUFFICIENT
  ADANIENSOL | 2018-03 | flag=INSUFFICIENT
  ADANIENSOL | 2019-03 | flag=INSUFFICIENT
  ADANIENSOL | 2020-03 | flag=INSUFFICIENT
  ADANIENSOL | 2021-03 | flag=INSUFFICIENT
  ADANIENSOL | 2022-03 | flag=INSUFFICIENT
  ADANIENSOL | 2023-03 | flag=INSUFFICIENT
  ADANIENSOL | 2024-03 | flag=ZERO_BASE
  ADANIENSOL | TTM | flag=INSUFFICIENT
  ADANIENT | 2013-03 | flag=INSUFFICIENT
  ADANIENT | 2014-03 | flag=INSUFFICIENT
  ADANIENT | 2015-03 | flag=INSUFFICIENT
  ADANIENT | 2016-03 | flag=INSUFFICIENT
  ADANIENT | 2017-03 | flag=INSUFFICIENT
  ADANIENT | 2018-03 | flag=INSUFFICIENT
  ADANIENT | 2019-03 | flag=INSUFFICIENT
  ADANIENT | 2020-03 | flag=INSUFFICIENT
  ADANIENT | 2021-03 | flag=INSUFFICIENT
  ADANIENT | 2022-03 | flag=INSUFFICIENT
  ADANIENT | TTM | flag=INSUFFICIENT
  ADANIGREEN | 2017-03 | flag=INSUFFICIENT
  ADANIGREEN | 2018-03 | flag=INSUFFICIENT
  ADANIGREEN | 2019-03 | flag=INSUFFICIENT
  ADANIGREEN | 2020-03 | flag=INSUFFICIENT
  ADANIGREEN | 2021-03 | flag=INSUFFICIENT
  ADANIGREEN | 2022-03 | flag=INSUFFICIENT
  ADANIGREEN | 2023-03 | flag=INSUFFICIENT
  ADANIGREEN | 2024-03 | flag=INSUFFICIENT
  ADANIGREEN | TTM | flag=INSUFFICIENT
  ADANIPORTS | 2013-03 | flag=INSUFFICIENT
  ADANIPORTS | 2014-03 | flag=INSUFFICIENT
  ADANIPORTS | 2015-03 | flag=INSUFFICIENT
  ADANIPORTS | 2016-03 | flag=INSUFFICIENT
  ADANIPORTS | 2017-03 | flag=INSUFFICIENT
  ADANIPORTS | 2018-03 | flag=INSUFFICIENT
  ADANIPORTS | 2019-03 | flag=INSUFFICIENT
  ADANIPORTS | 2020-03 | flag=INSUFFICIENT
  ADANIPORTS | 2021-03 | flag=INSUFFICIENT
  ADANIPORTS | 2022-03 | flag=INSUFFICIENT
  ADANIPORTS | TTM | flag=INSUFFICIENT
  ADANIPOWER | 2013-03 | flag=INSUFFICIENT
  ADANIPOWER | 2014-03 | flag=INSUFFICIENT
  ADANIPOWER | 2015-03 | flag=INSUFFICIENT
  ADANIPOWER | 2016-03 | flag=INSUFFICIENT
  ADANIPOWER | 2017-03 | flag=INSUFFICIENT
  ADANIPOWER | 2018-03 | flag=INSUFFICIENT
  ADANIPOWER | 2019-03 | flag=INSUFFICIENT
  ADANIPOWER | 2020-03 | flag=INSUFFICIENT
  ADANIPOWER | 2021-03 | flag=INSUFFICIENT
  ADANIPOWER | 2022-03 | flag=INSUFFICIENT
  ADANIPOWER | 2023-03 | flag=TURNAROUND
  ADANIPOWER | 2024-03 | flag=TURNAROUND
  ADANIPOWER | TTM | flag=INSUFFICIENT
  AMBUJACEM | 2012-12 | flag=INSUFFICIENT
  AMBUJACEM | 2013-12 | flag=INSUFFICIENT
  AMBUJACEM | 2014-12 | flag=INSUFFICIENT
  AMBUJACEM | 2015-12 | flag=INSUFFICIENT
  AMBUJACEM | 2016-12 | flag=INSUFFICIENT
  AMBUJACEM | 2017-12 | flag=INSUFFICIENT
  AMBUJACEM | 2018-12 | flag=INSUFFICIENT
  AMBUJACEM | 2019-12 | flag=INSUFFICIENT
  AMBUJACEM | 2020-12 | flag=INSUFFICIENT
  AMBUJACEM | 2021-12 | flag=INSUFFICIENT
  AMBUJACEM | TTM | flag=INSUFFICIENT
  APOLLOHOSP | 2013-03 | flag=INSUFFICIENT
  APOLLOHOSP | 2014-03 | flag=INSUFFICIENT
  APOLLOHOSP | 2015-03 | flag=INSUFFICIENT
  APOLLOHOSP | 2016-03 | flag=INSUFFICIENT
  APOLLOHOSP | 2017-03 | flag=INSUFFICIENT
  APOLLOHOSP | 2018-03 | flag=INSUFFICIENT
  APOLLOHOSP | 2019-03 | flag=INSUFFICIENT
  APOLLOHOSP | 2020-03 | flag=INSUFFICIENT
  APOLLOHOSP | 2021-03 | flag=INSUFFICIENT
  APOLLOHOSP | 2022-03 | flag=INSUFFICIENT
  APOLLOHOSP | TTM | flag=INSUFFICIENT
  ASIANPAINT | 2013-03 | flag=INSUFFICIENT
  ASIANPAINT | 2014-03 | flag=INSUFFICIENT
  ASIANPAINT | 2015-03 | flag=INSUFFICIENT
  ASIANPAINT | 2016-03 | flag=INSUFFICIENT
  ASIANPAINT | 2017-03 | flag=INSUFFICIENT
  ASIANPAINT | 2018-03 | flag=INSUFFICIENT
  ASIANPAINT | 2019-03 | flag=INSUFFICIENT
  ASIANPAINT | 2020-03 | flag=INSUFFICIENT
  ASIANPAINT | 2021-03 | flag=INSUFFICIENT
  ASIANPAINT | 2022-03 | flag=INSUFFICIENT
  ASIANPAINT | TTM | flag=INSUFFICIENT
  ATGL | 2018-03 | flag=INSUFFICIENT
  ATGL | 2019-03 | flag=INSUFFICIENT
  ATGL | 2020-03 | flag=INSUFFICIENT
  ATGL | 2021-03 | flag=INSUFFICIENT
  ATGL | 2022-03 | flag=INSUFFICIENT
  ATGL | 2023-03 | flag=INSUFFICIENT
  ATGL | 2024-03 | flag=INSUFFICIENT
  ATGL | TTM | flag=INSUFFICIENT
  AXISBANK | 2013-03 | flag=INSUFFICIENT
  AXISBANK | 2014-03 | flag=INSUFFICIENT
  AXISBANK | 2015-03 | flag=INSUFFICIENT
  AXISBANK | 2016-03 | flag=INSUFFICIENT
  AXISBANK | 2017-03 | flag=INSUFFICIENT
  AXISBANK | 2018-03 | flag=INSUFFICIENT
  AXISBANK | 2019-03 | flag=INSUFFICIENT
  AXISBANK | 2020-03 | flag=INSUFFICIENT
  AXISBANK | 2021-03 | flag=INSUFFICIENT
  AXISBANK | 2022-03 | flag=INSUFFICIENT
  AXISBANK | TTM | flag=INSUFFICIENT
  BAJAJ-AUTO | 2013-03 | flag=INSUFFICIENT
  BAJAJ-AUTO | 2014-03 | flag=INSUFFICIENT
  BAJAJ-AUTO | 2015-03 | flag=INSUFFICIENT
  BAJAJ-AUTO | 2016-03 | flag=INSUFFICIENT
  BAJAJ-AUTO | 2017-03 | flag=INSUFFICIENT
  BAJAJ-AUTO | 2018-03 | flag=INSUFFICIENT
  BAJAJ-AUTO | 2019-03 | flag=INSUFFICIENT
  BAJAJ-AUTO | 2020-03 | flag=INSUFFICIENT
  BAJAJ-AUTO | 2021-03 | flag=INSUFFICIENT
  BAJAJ-AUTO | 2022-03 | flag=INSUFFICIENT
  BAJAJ-AUTO | TTM | flag=INSUFFICIENT
  BAJAJFINSV | 2013-03 | flag=INSUFFICIENT
  BAJAJFINSV | 2014-03 | flag=INSUFFICIENT
  BAJAJFINSV | 2015-03 | flag=INSUFFICIENT
  BAJAJFINSV | 2016-03 | flag=INSUFFICIENT
  BAJAJFINSV | 2017-03 | flag=INSUFFICIENT
  BAJAJFINSV | 2018-03 | flag=INSUFFICIENT
  BAJAJFINSV | 2019-03 | flag=INSUFFICIENT
  BAJAJFINSV | 2020-03 | flag=INSUFFICIENT
  BAJAJFINSV | 2021-03 | flag=INSUFFICIENT
  BAJAJFINSV | 2022-03 | flag=INSUFFICIENT
  BAJAJFINSV | TTM | flag=INSUFFICIENT
  BAJAJHLDNG | 2013-03 | flag=INSUFFICIENT
  BAJAJHLDNG | 2014-03 | flag=INSUFFICIENT
  BAJAJHLDNG | 2015-03 | flag=INSUFFICIENT
  BAJAJHLDNG | 2016-03 | flag=INSUFFICIENT
  BAJAJHLDNG | 2017-03 | flag=INSUFFICIENT
  BAJAJHLDNG | 2018-03 | flag=INSUFFICIENT
  BAJAJHLDNG | 2019-03 | flag=INSUFFICIENT
  BAJAJHLDNG | 2020-03 | flag=INSUFFICIENT
  BAJAJHLDNG | 2021-03 | flag=INSUFFICIENT
  BAJAJHLDNG | 2022-03 | flag=INSUFFICIENT
  BAJAJHLDNG | TTM | flag=INSUFFICIENT
  BAJFINANCE | 2015-03 | flag=INSUFFICIENT
  BAJFINANCE | 2016-03 | flag=INSUFFICIENT
  BAJFINANCE | 2017-03 | flag=INSUFFICIENT
  BAJFINANCE | 2018-03 | flag=INSUFFICIENT
  BAJFINANCE | 2019-03 | flag=INSUFFICIENT
  BAJFINANCE | 2020-03 | flag=INSUFFICIENT
  BAJFINANCE | 2021-03 | flag=INSUFFICIENT
  BAJFINANCE | 2022-03 | flag=INSUFFICIENT
  BAJFINANCE | 2023-03 | flag=INSUFFICIENT
  BAJFINANCE | 2024-03 | flag=INSUFFICIENT
  BAJFINANCE | TTM | flag=INSUFFICIENT
  BANKBARODA | 2013-03 | flag=INSUFFICIENT
  BANKBARODA | 2014-03 | flag=INSUFFICIENT
  BANKBARODA | 2015-03 | flag=INSUFFICIENT
  BANKBARODA | 2016-03 | flag=INSUFFICIENT
  BANKBARODA | 2017-03 | flag=INSUFFICIENT
  BANKBARODA | 2018-03 | flag=INSUFFICIENT
  BANKBARODA | 2019-03 | flag=INSUFFICIENT
  BANKBARODA | 2020-03 | flag=INSUFFICIENT
  BANKBARODA | 2021-03 | flag=INSUFFICIENT
  BANKBARODA | 2022-03 | flag=INSUFFICIENT
  BANKBARODA | TTM | flag=INSUFFICIENT
  BEL | 2013-03 | flag=INSUFFICIENT
  BEL | 2014-03 | flag=INSUFFICIENT
  BEL | 2015-03 | flag=INSUFFICIENT
  BEL | 2016-03 | flag=INSUFFICIENT
  BEL | 2017-03 | flag=INSUFFICIENT
  BEL | 2018-03 | flag=INSUFFICIENT
  BEL | 2019-03 | flag=INSUFFICIENT
  BEL | 2020-03 | flag=INSUFFICIENT
  BEL | 2021-03 | flag=INSUFFICIENT
  BEL | 2022-03 | flag=INSUFFICIENT
  BEL | TTM | flag=INSUFFICIENT
  BHARTIARTL | 2013-03 | flag=INSUFFICIENT
  BHARTIARTL | 2014-03 | flag=INSUFFICIENT
  BHARTIARTL | 2015-03 | flag=INSUFFICIENT
  BHARTIARTL | 2016-03 | flag=INSUFFICIENT
  BHARTIARTL | 2017-03 | flag=INSUFFICIENT
  BHARTIARTL | 2018-03 | flag=INSUFFICIENT
  BHARTIARTL | 2019-03 | flag=INSUFFICIENT
  BHARTIARTL | 2020-03 | flag=INSUFFICIENT
  BHARTIARTL | 2021-03 | flag=INSUFFICIENT
  BHARTIARTL | 2022-03 | flag=INSUFFICIENT
  BHARTIARTL | TTM | flag=INSUFFICIENT
  BHEL | 2013-03 | flag=INSUFFICIENT
  BHEL | 2014-03 | flag=INSUFFICIENT
  BHEL | 2015-03 | flag=INSUFFICIENT
  BHEL | 2016-03 | flag=INSUFFICIENT
  BHEL | 2017-03 | flag=INSUFFICIENT
  BHEL | 2018-03 | flag=INSUFFICIENT
  BHEL | 2019-03 | flag=INSUFFICIENT
  BHEL | 2020-03 | flag=INSUFFICIENT
  BHEL | 2021-03 | flag=INSUFFICIENT
  BHEL | 2022-03 | flag=INSUFFICIENT
  BHEL | TTM | flag=INSUFFICIENT
  BOSCHLTD | 2012-12 | flag=INSUFFICIENT
  BOSCHLTD | 2013-12 | flag=INSUFFICIENT
  BOSCHLTD | 2015-03 | flag=INSUFFICIENT
  BOSCHLTD | 2016-03 | flag=INSUFFICIENT
  BOSCHLTD | 2017-03 | flag=INSUFFICIENT
  BOSCHLTD | 2018-03 | flag=INSUFFICIENT
  BOSCHLTD | 2019-03 | flag=INSUFFICIENT
  BOSCHLTD | 2020-03 | flag=INSUFFICIENT
  BOSCHLTD | 2021-03 | flag=INSUFFICIENT
  BOSCHLTD | 2024-03 | flag=INSUFFICIENT
  BOSCHLTD | TTM | flag=INSUFFICIENT
  BPCL | 2013-03 | flag=INSUFFICIENT
  BPCL | 2014-03 | flag=INSUFFICIENT
  BPCL | 2015-03 | flag=INSUFFICIENT
  BPCL | 2016-03 | flag=INSUFFICIENT
  BPCL | 2017-03 | flag=INSUFFICIENT
  BPCL | 2018-03 | flag=INSUFFICIENT
  BPCL | 2019-03 | flag=INSUFFICIENT
  BPCL | 2020-03 | flag=INSUFFICIENT
  BPCL | 2021-03 | flag=INSUFFICIENT
  BPCL | 2022-03 | flag=INSUFFICIENT
  BPCL | TTM | flag=INSUFFICIENT
  BRITANNIA | 2013-03 | flag=INSUFFICIENT
  BRITANNIA | 2014-03 | flag=INSUFFICIENT
  BRITANNIA | 2015-03 | flag=INSUFFICIENT
  BRITANNIA | 2016-03 | flag=INSUFFICIENT
  BRITANNIA | 2017-03 | flag=INSUFFICIENT
  BRITANNIA | 2018-03 | flag=INSUFFICIENT
  BRITANNIA | 2019-03 | flag=INSUFFICIENT
  BRITANNIA | 2020-03 | flag=INSUFFICIENT
  BRITANNIA | 2021-03 | flag=INSUFFICIENT
  BRITANNIA | 2022-03 | flag=INSUFFICIENT
  BRITANNIA | TTM | flag=INSUFFICIENT
  CANBK | 2013-03 | flag=INSUFFICIENT
  CANBK | 2014-03 | flag=INSUFFICIENT
  CANBK | 2015-03 | flag=INSUFFICIENT
  CANBK | 2016-03 | flag=INSUFFICIENT
  CANBK | 2017-03 | flag=INSUFFICIENT
  CANBK | 2018-03 | flag=INSUFFICIENT
  CANBK | 2019-03 | flag=INSUFFICIENT
  CANBK | 2020-03 | flag=INSUFFICIENT
  CANBK | 2021-03 | flag=INSUFFICIENT
  CANBK | 2022-03 | flag=INSUFFICIENT
  CANBK | TTM | flag=INSUFFICIENT
  CHOLAFIN | 2013-03 | flag=INSUFFICIENT
  CHOLAFIN | 2014-03 | flag=INSUFFICIENT
  CHOLAFIN | 2015-03 | flag=INSUFFICIENT
  CHOLAFIN | 2016-03 | flag=INSUFFICIENT
  CHOLAFIN | 2017-03 | flag=INSUFFICIENT
  CHOLAFIN | 2018-03 | flag=INSUFFICIENT
  CHOLAFIN | 2019-03 | flag=INSUFFICIENT
  CHOLAFIN | 2020-03 | flag=INSUFFICIENT
  CHOLAFIN | 2021-03 | flag=INSUFFICIENT
  CHOLAFIN | 2022-03 | flag=INSUFFICIENT
  CHOLAFIN | TTM | flag=INSUFFICIENT
  CIPLA | 2013-03 | flag=INSUFFICIENT
  CIPLA | 2014-03 | flag=INSUFFICIENT
  CIPLA | 2015-03 | flag=INSUFFICIENT
  CIPLA | 2016-03 | flag=INSUFFICIENT
  CIPLA | 2017-03 | flag=INSUFFICIENT
  CIPLA | 2018-03 | flag=INSUFFICIENT
  CIPLA | 2019-03 | flag=INSUFFICIENT
  CIPLA | 2020-03 | flag=INSUFFICIENT
  CIPLA | 2021-03 | flag=INSUFFICIENT
  CIPLA | 2022-03 | flag=INSUFFICIENT
  CIPLA | TTM | flag=INSUFFICIENT
  COALINDIA | 2013-03 | flag=INSUFFICIENT
  COALINDIA | 2014-03 | flag=INSUFFICIENT
  COALINDIA | 2015-03 | flag=INSUFFICIENT
  COALINDIA | 2016-03 | flag=INSUFFICIENT
  COALINDIA | 2017-03 | flag=INSUFFICIENT
  COALINDIA | 2018-03 | flag=INSUFFICIENT
  COALINDIA | 2019-03 | flag=INSUFFICIENT
  COALINDIA | 2020-03 | flag=INSUFFICIENT
  COALINDIA | 2021-03 | flag=INSUFFICIENT
  COALINDIA | 2022-03 | flag=INSUFFICIENT
  COALINDIA | TTM | flag=INSUFFICIENT
  DABUR | 2013-03 | flag=INSUFFICIENT
  DABUR | 2014-03 | flag=INSUFFICIENT
  DABUR | 2015-03 | flag=INSUFFICIENT
  DABUR | 2016-03 | flag=INSUFFICIENT
  DABUR | 2017-03 | flag=INSUFFICIENT
  DABUR | 2018-03 | flag=INSUFFICIENT
  DABUR | 2019-03 | flag=INSUFFICIENT
  DABUR | 2020-03 | flag=INSUFFICIENT
  DABUR | 2021-03 | flag=INSUFFICIENT
  DABUR | 2022-03 | flag=INSUFFICIENT
  DABUR | TTM | flag=INSUFFICIENT
  DIVISLAB | 2013-03 | flag=INSUFFICIENT
  DIVISLAB | 2014-03 | flag=INSUFFICIENT
  DIVISLAB | 2015-03 | flag=INSUFFICIENT
  DIVISLAB | 2016-03 | flag=INSUFFICIENT
  DIVISLAB | 2017-03 | flag=INSUFFICIENT
  DIVISLAB | 2018-03 | flag=INSUFFICIENT
  DIVISLAB | 2019-03 | flag=INSUFFICIENT
  DIVISLAB | 2020-03 | flag=INSUFFICIENT
  DIVISLAB | 2021-03 | flag=INSUFFICIENT
  DIVISLAB | 2022-03 | flag=INSUFFICIENT
  DIVISLAB | TTM | flag=INSUFFICIENT
  DLF | 2013-03 | flag=INSUFFICIENT
  DLF | 2014-03 | flag=INSUFFICIENT
  DLF | 2015-03 | flag=INSUFFICIENT
  DLF | 2016-03 | flag=INSUFFICIENT
  DLF | 2017-03 | flag=INSUFFICIENT
  DLF | 2018-03 | flag=INSUFFICIENT
  DLF | 2019-03 | flag=INSUFFICIENT
  DLF | 2020-03 | flag=INSUFFICIENT
  DLF | 2021-03 | flag=INSUFFICIENT
  DLF | 2022-03 | flag=INSUFFICIENT
  DLF | TTM | flag=INSUFFICIENT
  DMART | 2013-03 | flag=INSUFFICIENT
  DMART | 2014-03 | flag=INSUFFICIENT
  DMART | 2015-03 | flag=INSUFFICIENT
  DMART | 2016-03 | flag=INSUFFICIENT
  DMART | 2017-03 | flag=INSUFFICIENT
  DMART | 2018-03 | flag=INSUFFICIENT
  DMART | 2019-03 | flag=INSUFFICIENT
  DMART | 2020-03 | flag=INSUFFICIENT
  DMART | 2021-03 | flag=INSUFFICIENT
  DMART | 2022-03 | flag=INSUFFICIENT
  DMART | TTM | flag=INSUFFICIENT
  DRREDDY | 2013-03 | flag=INSUFFICIENT
  DRREDDY | 2014-03 | flag=INSUFFICIENT
  DRREDDY | 2015-03 | flag=INSUFFICIENT
  DRREDDY | 2016-03 | flag=INSUFFICIENT
  DRREDDY | 2017-03 | flag=INSUFFICIENT
  DRREDDY | 2018-03 | flag=INSUFFICIENT
  DRREDDY | 2019-03 | flag=INSUFFICIENT
  DRREDDY | 2020-03 | flag=INSUFFICIENT
  DRREDDY | 2021-03 | flag=INSUFFICIENT
  DRREDDY | 2022-03 | flag=INSUFFICIENT
  DRREDDY | TTM | flag=INSUFFICIENT
  EICHERMOT | 2012-12 | flag=INSUFFICIENT
  EICHERMOT | 2013-12 | flag=INSUFFICIENT
  EICHERMOT | 2014-12 | flag=INSUFFICIENT
  EICHERMOT | 2016-03 | flag=INSUFFICIENT
  EICHERMOT | 2017-03 | flag=INSUFFICIENT
  EICHERMOT | 2018-03 | flag=INSUFFICIENT
  EICHERMOT | 2019-03 | flag=INSUFFICIENT
  EICHERMOT | 2020-03 | flag=INSUFFICIENT
  EICHERMOT | 2021-03 | flag=INSUFFICIENT
  EICHERMOT | TTM | flag=INSUFFICIENT
  GAIL | 2013-03 | flag=INSUFFICIENT
  GAIL | 2014-03 | flag=INSUFFICIENT
  GAIL | 2015-03 | flag=INSUFFICIENT
  GAIL | 2016-03 | flag=INSUFFICIENT
  GAIL | 2017-03 | flag=INSUFFICIENT
  GAIL | 2018-03 | flag=INSUFFICIENT
  GAIL | 2019-03 | flag=INSUFFICIENT
  GAIL | 2020-03 | flag=INSUFFICIENT
  GAIL | 2021-03 | flag=INSUFFICIENT
  GAIL | 2022-03 | flag=INSUFFICIENT
  GAIL | TTM | flag=INSUFFICIENT
  GODREJCP | 2013-03 | flag=INSUFFICIENT
  GODREJCP | 2014-03 | flag=INSUFFICIENT
  GODREJCP | 2015-03 | flag=INSUFFICIENT
  GODREJCP | 2016-03 | flag=INSUFFICIENT
  GODREJCP | 2017-03 | flag=INSUFFICIENT
  GODREJCP | 2018-03 | flag=INSUFFICIENT
  GODREJCP | 2019-03 | flag=INSUFFICIENT
  GODREJCP | 2020-03 | flag=INSUFFICIENT
  GODREJCP | 2021-03 | flag=INSUFFICIENT
  GODREJCP | 2022-03 | flag=INSUFFICIENT
  GODREJCP | 2024-03 | flag=DECLINE_TO_LOSS
  GODREJCP | TTM | flag=INSUFFICIENT
  GRASIM | 2013-03 | flag=INSUFFICIENT
  GRASIM | 2014-03 | flag=INSUFFICIENT
  GRASIM | 2015-03 | flag=INSUFFICIENT
  GRASIM | 2016-03 | flag=INSUFFICIENT
  GRASIM | 2017-03 | flag=INSUFFICIENT
  GRASIM | 2018-03 | flag=INSUFFICIENT
  GRASIM | 2019-03 | flag=INSUFFICIENT
  GRASIM | 2020-03 | flag=INSUFFICIENT
  GRASIM | 2021-03 | flag=INSUFFICIENT
  GRASIM | 2022-03 | flag=INSUFFICIENT
  GRASIM | TTM | flag=INSUFFICIENT
  HAL | 2013-03 | flag=INSUFFICIENT
  HAL | 2014-03 | flag=INSUFFICIENT
  HAL | 2015-03 | flag=INSUFFICIENT
  HAL | 2016-03 | flag=INSUFFICIENT
  HAL | 2017-03 | flag=INSUFFICIENT
  HAL | 2018-03 | flag=INSUFFICIENT
  HAL | 2019-03 | flag=INSUFFICIENT
  HAL | 2020-03 | flag=INSUFFICIENT
  HAL | 2021-03 | flag=INSUFFICIENT
  HAL | 2022-03 | flag=INSUFFICIENT
  HAL | TTM | flag=INSUFFICIENT
  HAVELLS | 2013-03 | flag=INSUFFICIENT
  HAVELLS | 2014-03 | flag=INSUFFICIENT
  HAVELLS | 2015-03 | flag=INSUFFICIENT
  HAVELLS | 2016-03 | flag=INSUFFICIENT
  HAVELLS | 2017-03 | flag=INSUFFICIENT
  HAVELLS | 2018-03 | flag=INSUFFICIENT
  HAVELLS | 2019-03 | flag=INSUFFICIENT
  HAVELLS | 2020-03 | flag=INSUFFICIENT
  HAVELLS | 2021-03 | flag=INSUFFICIENT
  HAVELLS | 2022-03 | flag=INSUFFICIENT
  HAVELLS | TTM | flag=INSUFFICIENT
  HCLTECH | 2013-06 | flag=INSUFFICIENT
  HCLTECH | 2014-06 | flag=INSUFFICIENT
  HCLTECH | 2015-06 | flag=INSUFFICIENT
  HCLTECH | 2016-03 | flag=INSUFFICIENT
  HCLTECH | 2017-03 | flag=INSUFFICIENT
  HCLTECH | 2018-03 | flag=INSUFFICIENT
  HCLTECH | 2019-03 | flag=INSUFFICIENT
  HCLTECH | 2020-03 | flag=INSUFFICIENT
  HCLTECH | 2021-03 | flag=INSUFFICIENT
  HCLTECH | 2022-03 | flag=INSUFFICIENT
  HCLTECH | TTM | flag=INSUFFICIENT
  HDFCBANK | 2013-03 | flag=INSUFFICIENT
  HDFCBANK | 2014-03 | flag=INSUFFICIENT
  HDFCBANK | 2015-03 | flag=INSUFFICIENT
  HDFCBANK | 2016-03 | flag=INSUFFICIENT
  HDFCBANK | 2017-03 | flag=INSUFFICIENT
  HDFCBANK | 2018-03 | flag=INSUFFICIENT
  HDFCBANK | 2019-03 | flag=INSUFFICIENT
  HDFCBANK | 2020-03 | flag=INSUFFICIENT
  HDFCBANK | 2021-03 | flag=INSUFFICIENT
  HDFCBANK | 2022-03 | flag=INSUFFICIENT
  HDFCBANK | TTM | flag=INSUFFICIENT
  HDFCLIFE | 2013-03 | flag=INSUFFICIENT
  HDFCLIFE | 2014-03 | flag=INSUFFICIENT
  HDFCLIFE | 2015-03 | flag=INSUFFICIENT
  HDFCLIFE | 2016-03 | flag=INSUFFICIENT
  HDFCLIFE | 2017-03 | flag=INSUFFICIENT
  HDFCLIFE | 2018-03 | flag=INSUFFICIENT
  HDFCLIFE | 2019-03 | flag=INSUFFICIENT
  HDFCLIFE | 2020-03 | flag=INSUFFICIENT
  HDFCLIFE | 2021-03 | flag=INSUFFICIENT
  HDFCLIFE | 2022-03 | flag=INSUFFICIENT
  HDFCLIFE | TTM | flag=INSUFFICIENT
  HEROMOTOCO | 2014-03 | flag=INSUFFICIENT
  HEROMOTOCO | 2015-03 | flag=INSUFFICIENT
  HEROMOTOCO | 2016-03 | flag=INSUFFICIENT
  HEROMOTOCO | 2017-03 | flag=INSUFFICIENT
  HEROMOTOCO | 2018-03 | flag=INSUFFICIENT
  HEROMOTOCO | 2019-03 | flag=INSUFFICIENT
  HEROMOTOCO | 2020-03 | flag=INSUFFICIENT
  HEROMOTOCO | 2021-03 | flag=INSUFFICIENT
  HEROMOTOCO | 2022-03 | flag=INSUFFICIENT
  HEROMOTOCO | 2023-03 | flag=INSUFFICIENT
  HEROMOTOCO | TTM | flag=INSUFFICIENT
  HINDALCO | 2013-03 | flag=INSUFFICIENT
  HINDALCO | 2014-03 | flag=INSUFFICIENT
  HINDALCO | 2015-03 | flag=INSUFFICIENT
  HINDALCO | 2016-03 | flag=INSUFFICIENT
  HINDALCO | 2017-03 | flag=INSUFFICIENT
  HINDALCO | 2018-03 | flag=INSUFFICIENT
  HINDALCO | 2019-03 | flag=INSUFFICIENT
  HINDALCO | 2020-03 | flag=INSUFFICIENT
  HINDALCO | 2021-03 | flag=INSUFFICIENT
  HINDALCO | 2022-03 | flag=INSUFFICIENT
  HINDALCO | TTM | flag=INSUFFICIENT
  HINDUNILVR | 2013-03 | flag=INSUFFICIENT
  HINDUNILVR | 2014-03 | flag=INSUFFICIENT
  HINDUNILVR | 2015-03 | flag=INSUFFICIENT
  HINDUNILVR | 2016-03 | flag=INSUFFICIENT
  HINDUNILVR | 2017-03 | flag=INSUFFICIENT
  HINDUNILVR | 2018-03 | flag=INSUFFICIENT
  HINDUNILVR | 2019-03 | flag=INSUFFICIENT
  HINDUNILVR | 2020-03 | flag=INSUFFICIENT
  HINDUNILVR | 2021-03 | flag=INSUFFICIENT
  HINDUNILVR | 2022-03 | flag=INSUFFICIENT
  HINDUNILVR | TTM | flag=INSUFFICIENT
  ICICIBANK | 2013-03 | flag=INSUFFICIENT
  ICICIBANK | 2014-03 | flag=INSUFFICIENT
  ICICIBANK | 2015-03 | flag=INSUFFICIENT
  ICICIBANK | 2016-03 | flag=INSUFFICIENT
  ICICIBANK | 2017-03 | flag=INSUFFICIENT
  ICICIBANK | 2018-03 | flag=INSUFFICIENT
  ICICIBANK | 2019-03 | flag=INSUFFICIENT
  ICICIBANK | 2020-03 | flag=INSUFFICIENT
  ICICIBANK | 2021-03 | flag=INSUFFICIENT
  ICICIBANK | 2022-03 | flag=INSUFFICIENT
  ICICIBANK | TTM | flag=INSUFFICIENT
  ICICIGI | 2013-03 | flag=INSUFFICIENT
  ICICIGI | 2014-03 | flag=INSUFFICIENT
  ICICIGI | 2015-03 | flag=INSUFFICIENT
  ICICIGI | 2016-03 | flag=INSUFFICIENT
  ICICIGI | 2017-03 | flag=INSUFFICIENT
  ICICIGI | 2018-03 | flag=INSUFFICIENT
  ICICIGI | 2019-03 | flag=INSUFFICIENT
  ICICIGI | 2020-03 | flag=INSUFFICIENT
  ICICIGI | 2021-03 | flag=INSUFFICIENT
  ICICIGI | 2022-03 | flag=INSUFFICIENT
  ICICIGI | TTM | flag=INSUFFICIENT
  ICICIPRULI | 2013-03 | flag=INSUFFICIENT
  ICICIPRULI | 2014-03 | flag=INSUFFICIENT
  ICICIPRULI | 2015-03 | flag=INSUFFICIENT
  ICICIPRULI | 2016-03 | flag=INSUFFICIENT
  ICICIPRULI | 2017-03 | flag=INSUFFICIENT
  ICICIPRULI | 2018-03 | flag=INSUFFICIENT
  ICICIPRULI | 2019-03 | flag=INSUFFICIENT
  ICICIPRULI | 2020-03 | flag=INSUFFICIENT
  ICICIPRULI | 2021-03 | flag=INSUFFICIENT
  ICICIPRULI | 2022-03 | flag=INSUFFICIENT
  ICICIPRULI | TTM | flag=INSUFFICIENT
  INDIGO | 2013-03 | flag=INSUFFICIENT
  INDIGO | 2014-03 | flag=INSUFFICIENT
  INDIGO | 2015-03 | flag=INSUFFICIENT
  INDIGO | 2016-03 | flag=INSUFFICIENT
  INDIGO | 2017-03 | flag=INSUFFICIENT
  INDIGO | 2018-03 | flag=INSUFFICIENT
  INDIGO | 2019-03 | flag=INSUFFICIENT
  INDIGO | 2020-03 | flag=INSUFFICIENT
  INDIGO | 2021-03 | flag=INSUFFICIENT
  INDIGO | 2022-03 | flag=INSUFFICIENT
  INDIGO | 2023-03 | flag=DECLINE_TO_LOSS
  INDIGO | TTM | flag=INSUFFICIENT
  INDUSINDBK | 2013-03 | flag=INSUFFICIENT
  INDUSINDBK | 2014-03 | flag=INSUFFICIENT
  INDUSINDBK | 2015-03 | flag=INSUFFICIENT
  INDUSINDBK | 2016-03 | flag=INSUFFICIENT
  INDUSINDBK | 2017-03 | flag=INSUFFICIENT
  INDUSINDBK | 2018-03 | flag=INSUFFICIENT
  INDUSINDBK | 2019-03 | flag=INSUFFICIENT
  INDUSINDBK | 2020-03 | flag=INSUFFICIENT
  INDUSINDBK | 2021-03 | flag=INSUFFICIENT
  INDUSINDBK | 2022-03 | flag=INSUFFICIENT
  INDUSINDBK | TTM | flag=INSUFFICIENT
  INFY | 2013-03 | flag=INSUFFICIENT
  INFY | 2014-03 | flag=INSUFFICIENT
  INFY | 2015-03 | flag=INSUFFICIENT
  INFY | 2016-03 | flag=INSUFFICIENT
  INFY | 2017-03 | flag=INSUFFICIENT
  INFY | 2018-03 | flag=INSUFFICIENT
  INFY | 2019-03 | flag=INSUFFICIENT
  INFY | 2020-03 | flag=INSUFFICIENT
  INFY | 2021-03 | flag=INSUFFICIENT
  INFY | 2022-03 | flag=INSUFFICIENT
  INFY | TTM | flag=INSUFFICIENT
  IOC | 2013-03 | flag=INSUFFICIENT
  IOC | 2014-03 | flag=INSUFFICIENT
  IOC | 2015-03 | flag=INSUFFICIENT
  IOC | 2016-03 | flag=INSUFFICIENT
  IOC | 2017-03 | flag=INSUFFICIENT
  IOC | 2018-03 | flag=INSUFFICIENT
  IOC | 2019-03 | flag=INSUFFICIENT
  IOC | 2020-03 | flag=INSUFFICIENT
  IOC | 2021-03 | flag=INSUFFICIENT
  IOC | 2022-03 | flag=INSUFFICIENT
  IOC | TTM | flag=INSUFFICIENT
  IRCTC | 2015-03 | flag=INSUFFICIENT
  IRCTC | 2016-03 | flag=INSUFFICIENT
  IRCTC | 2017-03 | flag=INSUFFICIENT
  IRCTC | 2018-03 | flag=INSUFFICIENT
  IRCTC | 2019-03 | flag=INSUFFICIENT
  IRCTC | 2020-03 | flag=INSUFFICIENT
  IRCTC | 2021-03 | flag=INSUFFICIENT
  IRCTC | 2022-03 | flag=INSUFFICIENT
  IRCTC | 2023-03 | flag=INSUFFICIENT
  IRCTC | 2024-03 | flag=INSUFFICIENT
  IRCTC | TTM | flag=INSUFFICIENT
  IRFC | 2013-03 | flag=INSUFFICIENT
  IRFC | 2014-03 | flag=INSUFFICIENT
  IRFC | 2015-03 | flag=INSUFFICIENT
  IRFC | 2016-03 | flag=INSUFFICIENT
  IRFC | 2017-03 | flag=INSUFFICIENT
  IRFC | 2018-03 | flag=INSUFFICIENT
  IRFC | 2019-03 | flag=INSUFFICIENT
  IRFC | 2020-03 | flag=INSUFFICIENT
  IRFC | 2021-03 | flag=INSUFFICIENT
  IRFC | 2022-03 | flag=INSUFFICIENT
  IRFC | TTM | flag=INSUFFICIENT
  ITC | 2013-03 | flag=INSUFFICIENT
  ITC | 2014-03 | flag=INSUFFICIENT
  ITC | 2015-03 | flag=INSUFFICIENT
  ITC | 2016-03 | flag=INSUFFICIENT
  ITC | 2017-03 | flag=INSUFFICIENT
  ITC | 2018-03 | flag=INSUFFICIENT
  ITC | 2019-03 | flag=INSUFFICIENT
  ITC | 2020-03 | flag=INSUFFICIENT
  ITC | 2021-03 | flag=INSUFFICIENT
  ITC | 2022-03 | flag=INSUFFICIENT
  ITC | TTM | flag=INSUFFICIENT
  JINDALSTEL | 2013-03 | flag=INSUFFICIENT
  JINDALSTEL | 2014-03 | flag=INSUFFICIENT
  JINDALSTEL | 2015-03 | flag=INSUFFICIENT
  JINDALSTEL | 2016-03 | flag=INSUFFICIENT
  JINDALSTEL | 2017-03 | flag=INSUFFICIENT
  JINDALSTEL | 2018-03 | flag=INSUFFICIENT
  JINDALSTEL | 2019-03 | flag=INSUFFICIENT
  JINDALSTEL | 2020-03 | flag=INSUFFICIENT
  JINDALSTEL | 2021-03 | flag=INSUFFICIENT
  JINDALSTEL | 2022-03 | flag=INSUFFICIENT
  JINDALSTEL | TTM | flag=INSUFFICIENT
  JIOFIN | 2023-03 | flag=INSUFFICIENT
  JIOFIN | 2024-03 | flag=INSUFFICIENT
  JIOFIN | TTM | flag=INSUFFICIENT
  JSWENERGY | 2013-03 | flag=INSUFFICIENT
  JSWENERGY | 2014-03 | flag=INSUFFICIENT
  JSWENERGY | 2015-03 | flag=INSUFFICIENT
  JSWENERGY | 2016-03 | flag=INSUFFICIENT
  JSWENERGY | 2017-03 | flag=INSUFFICIENT
  JSWENERGY | 2018-03 | flag=INSUFFICIENT
  JSWENERGY | 2019-03 | flag=INSUFFICIENT
  JSWENERGY | 2020-03 | flag=INSUFFICIENT
  JSWENERGY | 2021-03 | flag=INSUFFICIENT
  JSWENERGY | 2022-03 | flag=INSUFFICIENT
  JSWENERGY | TTM | flag=INSUFFICIENT
  JSWSTEEL | 2013-03 | flag=INSUFFICIENT
  JSWSTEEL | 2014-03 | flag=INSUFFICIENT
  JSWSTEEL | 2015-03 | flag=INSUFFICIENT
  JSWSTEEL | 2016-03 | flag=INSUFFICIENT
  JSWSTEEL | 2017-03 | flag=INSUFFICIENT
  JSWSTEEL | 2018-03 | flag=INSUFFICIENT
  JSWSTEEL | 2019-03 | flag=INSUFFICIENT
  JSWSTEEL | 2020-03 | flag=INSUFFICIENT
  JSWSTEEL | 2021-03 | flag=INSUFFICIENT
  JSWSTEEL | 2022-03 | flag=INSUFFICIENT
  JSWSTEEL | TTM | flag=INSUFFICIENT
  KOTAKBANK | 2013-03 | flag=INSUFFICIENT
  KOTAKBANK | 2014-03 | flag=INSUFFICIENT
  KOTAKBANK | 2015-03 | flag=INSUFFICIENT
  KOTAKBANK | 2016-03 | flag=INSUFFICIENT
  KOTAKBANK | 2017-03 | flag=INSUFFICIENT
  KOTAKBANK | 2018-03 | flag=INSUFFICIENT
  KOTAKBANK | 2019-03 | flag=INSUFFICIENT
  KOTAKBANK | 2020-03 | flag=INSUFFICIENT
  KOTAKBANK | 2021-03 | flag=INSUFFICIENT
  KOTAKBANK | 2022-03 | flag=INSUFFICIENT
  KOTAKBANK | TTM | flag=INSUFFICIENT
  LICI | 2019-03 | flag=INSUFFICIENT
  LICI | 2020-03 | flag=INSUFFICIENT
  LICI | 2021-03 | flag=INSUFFICIENT
  LICI | 2022-03 | flag=INSUFFICIENT
  LICI | 2023-03 | flag=INSUFFICIENT
  LICI | 2024-03 | flag=INSUFFICIENT
  LICI | TTM | flag=INSUFFICIENT
  LODHA | 2011-03 | flag=INSUFFICIENT
  LODHA | 2012-03 | flag=INSUFFICIENT
  LODHA | 2015-03 | flag=INSUFFICIENT
  LODHA | 2016-03 | flag=INSUFFICIENT
  LODHA | 2017-03 | flag=INSUFFICIENT
  LODHA | 2018-03 | flag=INSUFFICIENT
  LODHA | 2019-03 | flag=INSUFFICIENT
  LODHA | 2020-03 | flag=INSUFFICIENT
  LODHA | 2023-03 | flag=INSUFFICIENT
  LODHA | 2024-03 | flag=INSUFFICIENT
  LODHA | TTM | flag=INSUFFICIENT
  LT | 2013-03 | flag=INSUFFICIENT
  LT | 2014-03 | flag=INSUFFICIENT
  LT | 2015-03 | flag=INSUFFICIENT
  LT | 2016-03 | flag=INSUFFICIENT
  LT | 2017-03 | flag=INSUFFICIENT
  LT | 2018-03 | flag=INSUFFICIENT
  LT | 2019-03 | flag=INSUFFICIENT
  LT | 2020-03 | flag=INSUFFICIENT
  LT | 2021-03 | flag=INSUFFICIENT
  LT | 2022-03 | flag=INSUFFICIENT
  LT | TTM | flag=INSUFFICIENT
  LTIM | 2013-03 | flag=INSUFFICIENT
  LTIM | 2014-03 | flag=INSUFFICIENT
  LTIM | 2015-03 | flag=INSUFFICIENT
  LTIM | 2016-03 | flag=INSUFFICIENT
  LTIM | 2017-03 | flag=INSUFFICIENT
  LTIM | 2018-03 | flag=INSUFFICIENT
  LTIM | 2019-03 | flag=INSUFFICIENT
  LTIM | 2020-03 | flag=INSUFFICIENT
  LTIM | 2021-03 | flag=INSUFFICIENT
  LTIM | 2022-03 | flag=INSUFFICIENT
  LTIM | TTM | flag=INSUFFICIENT
  M&M | 2013-03 | flag=INSUFFICIENT
  M&M | 2014-03 | flag=INSUFFICIENT
  M&M | 2015-03 | flag=INSUFFICIENT
  M&M | 2016-03 | flag=INSUFFICIENT
  M&M | 2017-03 | flag=INSUFFICIENT
  M&M | 2018-03 | flag=INSUFFICIENT
  M&M | 2019-03 | flag=INSUFFICIENT
  M&M | 2020-03 | flag=INSUFFICIENT
  M&M | 2021-03 | flag=INSUFFICIENT
  M&M | 2022-03 | flag=INSUFFICIENT
  M&M | TTM | flag=INSUFFICIENT
  MARUTI | 2013-03 | flag=INSUFFICIENT
  MARUTI | 2014-03 | flag=INSUFFICIENT
  MARUTI | 2015-03 | flag=INSUFFICIENT
  MARUTI | 2016-03 | flag=INSUFFICIENT
  MARUTI | 2017-03 | flag=INSUFFICIENT
  MARUTI | 2018-03 | flag=INSUFFICIENT
  MARUTI | 2019-03 | flag=INSUFFICIENT
  MARUTI | 2020-03 | flag=INSUFFICIENT
  MARUTI | 2021-03 | flag=INSUFFICIENT
  MARUTI | 2022-03 | flag=INSUFFICIENT
  MARUTI | TTM | flag=INSUFFICIENT
  MOTHERSON | 2013-03 | flag=INSUFFICIENT
  MOTHERSON | 2014-03 | flag=INSUFFICIENT
  MOTHERSON | 2015-03 | flag=INSUFFICIENT
  MOTHERSON | 2016-03 | flag=INSUFFICIENT
  MOTHERSON | 2017-03 | flag=INSUFFICIENT
  MOTHERSON | 2018-03 | flag=INSUFFICIENT
  MOTHERSON | 2019-03 | flag=INSUFFICIENT
  MOTHERSON | 2020-03 | flag=INSUFFICIENT
  MOTHERSON | 2021-03 | flag=INSUFFICIENT
  MOTHERSON | 2022-03 | flag=INSUFFICIENT
  MOTHERSON | TTM | flag=INSUFFICIENT
  NAUKRI | 2013-03 | flag=INSUFFICIENT
  NAUKRI | 2014-03 | flag=INSUFFICIENT
  NAUKRI | 2015-03 | flag=INSUFFICIENT
  NAUKRI | 2016-03 | flag=INSUFFICIENT
  NAUKRI | 2017-03 | flag=INSUFFICIENT
  NAUKRI | 2018-03 | flag=INSUFFICIENT
  NAUKRI | 2019-03 | flag=INSUFFICIENT
  NAUKRI | 2020-03 | flag=INSUFFICIENT
  NAUKRI | 2021-03 | flag=INSUFFICIENT
  NAUKRI | 2022-03 | flag=INSUFFICIENT
  NAUKRI | 2023-03 | flag=DECLINE_TO_LOSS
  NAUKRI | TTM | flag=INSUFFICIENT
  NESTLEIND | 2013-12 | flag=INSUFFICIENT
  NESTLEIND | 2014-12 | flag=INSUFFICIENT
  NESTLEIND | 2015-12 | flag=INSUFFICIENT
  NESTLEIND | 2016-12 | flag=INSUFFICIENT
  NESTLEIND | 2017-12 | flag=INSUFFICIENT
  NESTLEIND | 2018-12 | flag=INSUFFICIENT
  NESTLEIND | 2019-12 | flag=INSUFFICIENT
  NESTLEIND | 2020-12 | flag=INSUFFICIENT
  NESTLEIND | 2021-12 | flag=INSUFFICIENT
  NESTLEIND | 2022-12 | flag=INSUFFICIENT
  NESTLEIND | TTM | flag=INSUFFICIENT
  NHPC | 2013-03 | flag=INSUFFICIENT
  NHPC | 2014-03 | flag=INSUFFICIENT
  NHPC | 2015-03 | flag=INSUFFICIENT
  NHPC | 2016-03 | flag=INSUFFICIENT
  NHPC | 2017-03 | flag=INSUFFICIENT
  NHPC | 2018-03 | flag=INSUFFICIENT
  NHPC | 2019-03 | flag=INSUFFICIENT
  NHPC | 2020-03 | flag=INSUFFICIENT
  NHPC | 2021-03 | flag=INSUFFICIENT
  NHPC | 2022-03 | flag=INSUFFICIENT
  NHPC | TTM | flag=INSUFFICIENT
  NTPC | 2013-03 | flag=INSUFFICIENT
  NTPC | 2014-03 | flag=INSUFFICIENT
  NTPC | 2015-03 | flag=INSUFFICIENT
  NTPC | 2016-03 | flag=INSUFFICIENT
  NTPC | 2017-03 | flag=INSUFFICIENT
  NTPC | 2018-03 | flag=INSUFFICIENT
  NTPC | 2019-03 | flag=INSUFFICIENT
  NTPC | 2020-03 | flag=INSUFFICIENT
  NTPC | 2021-03 | flag=INSUFFICIENT
  NTPC | 2022-03 | flag=INSUFFICIENT
  NTPC | TTM | flag=INSUFFICIENT
  ONGC | 2013-03 | flag=INSUFFICIENT
  ONGC | 2014-03 | flag=INSUFFICIENT
  ONGC | 2015-03 | flag=INSUFFICIENT
  ONGC | 2016-03 | flag=INSUFFICIENT
  ONGC | 2017-03 | flag=INSUFFICIENT
  ONGC | 2018-03 | flag=INSUFFICIENT
  ONGC | 2019-03 | flag=INSUFFICIENT
  ONGC | 2020-03 | flag=INSUFFICIENT
  ONGC | 2021-03 | flag=INSUFFICIENT
  ONGC | 2022-03 | flag=INSUFFICIENT
  ONGC | TTM | flag=INSUFFICIENT
  PFC | 2013-03 | flag=INSUFFICIENT
  PFC | 2014-03 | flag=INSUFFICIENT
  PFC | 2015-03 | flag=INSUFFICIENT
  PFC | 2016-03 | flag=INSUFFICIENT
  PFC | 2017-03 | flag=INSUFFICIENT
  PFC | 2018-03 | flag=INSUFFICIENT
  PFC | 2019-03 | flag=INSUFFICIENT
  PFC | 2020-03 | flag=INSUFFICIENT
  PFC | 2021-03 | flag=INSUFFICIENT
  PFC | 2022-03 | flag=INSUFFICIENT
  PFC | TTM | flag=INSUFFICIENT
  PIDILITIND | 2013-03 | flag=INSUFFICIENT
  PIDILITIND | 2014-03 | flag=INSUFFICIENT
  PIDILITIND | 2015-03 | flag=INSUFFICIENT
  PIDILITIND | 2016-03 | flag=INSUFFICIENT
  PIDILITIND | 2017-03 | flag=INSUFFICIENT
  PIDILITIND | 2018-03 | flag=INSUFFICIENT
  PIDILITIND | 2019-03 | flag=INSUFFICIENT
  PIDILITIND | 2020-03 | flag=INSUFFICIENT
  PIDILITIND | 2021-03 | flag=INSUFFICIENT
  PIDILITIND | 2022-03 | flag=INSUFFICIENT
  PIDILITIND | TTM | flag=INSUFFICIENT
  PNB | 2013-03 | flag=INSUFFICIENT
  PNB | 2014-03 | flag=INSUFFICIENT
  PNB | 2015-03 | flag=INSUFFICIENT
  PNB | 2016-03 | flag=INSUFFICIENT
  PNB | 2017-03 | flag=INSUFFICIENT
  PNB | 2018-03 | flag=INSUFFICIENT
  PNB | 2019-03 | flag=INSUFFICIENT
  PNB | 2020-03 | flag=INSUFFICIENT
  PNB | 2021-03 | flag=INSUFFICIENT
  PNB | 2022-03 | flag=INSUFFICIENT
  PNB | TTM | flag=INSUFFICIENT
  POWERGRID | 2013-03 | flag=INSUFFICIENT
  POWERGRID | 2014-03 | flag=INSUFFICIENT
  POWERGRID | 2015-03 | flag=INSUFFICIENT
  POWERGRID | 2016-03 | flag=INSUFFICIENT
  POWERGRID | 2017-03 | flag=INSUFFICIENT
  POWERGRID | 2018-03 | flag=INSUFFICIENT
  POWERGRID | 2019-03 | flag=INSUFFICIENT
  POWERGRID | 2020-03 | flag=INSUFFICIENT
  POWERGRID | 2021-03 | flag=INSUFFICIENT
  POWERGRID | 2022-03 | flag=INSUFFICIENT
  POWERGRID | TTM | flag=INSUFFICIENT
  RECLTD | 2013-03 | flag=INSUFFICIENT
  RECLTD | 2014-03 | flag=INSUFFICIENT
  RECLTD | 2015-03 | flag=INSUFFICIENT
  RECLTD | 2016-03 | flag=INSUFFICIENT
  RECLTD | 2017-03 | flag=INSUFFICIENT
  RECLTD | 2018-03 | flag=INSUFFICIENT
  RECLTD | 2019-03 | flag=INSUFFICIENT
  RECLTD | 2020-03 | flag=INSUFFICIENT
  RECLTD | 2021-03 | flag=INSUFFICIENT
  RECLTD | 2022-03 | flag=INSUFFICIENT
  RECLTD | TTM | flag=INSUFFICIENT
  RELIANCE | 2013-03 | flag=INSUFFICIENT
  RELIANCE | 2014-03 | flag=INSUFFICIENT
  RELIANCE | 2015-03 | flag=INSUFFICIENT
  RELIANCE | 2016-03 | flag=INSUFFICIENT
  RELIANCE | 2017-03 | flag=INSUFFICIENT
  RELIANCE | 2018-03 | flag=INSUFFICIENT
  RELIANCE | 2019-03 | flag=INSUFFICIENT
  RELIANCE | 2020-03 | flag=INSUFFICIENT
  RELIANCE | 2021-03 | flag=INSUFFICIENT
  RELIANCE | 2022-03 | flag=INSUFFICIENT
  RELIANCE | TTM | flag=INSUFFICIENT
  SBILIFE | 2013-03 | flag=INSUFFICIENT
  SBILIFE | 2014-03 | flag=INSUFFICIENT
  SBILIFE | 2015-03 | flag=INSUFFICIENT
  SBILIFE | 2016-03 | flag=INSUFFICIENT
  SBILIFE | 2017-03 | flag=INSUFFICIENT
  SBILIFE | 2018-03 | flag=INSUFFICIENT
  SBILIFE | 2019-03 | flag=INSUFFICIENT
  SBILIFE | 2020-03 | flag=INSUFFICIENT
  SBILIFE | 2021-03 | flag=INSUFFICIENT
  SBILIFE | 2022-03 | flag=INSUFFICIENT
  SBILIFE | TTM | flag=INSUFFICIENT
  SBIN | 2013-03 | flag=INSUFFICIENT
  SBIN | 2014-03 | flag=INSUFFICIENT
  SBIN | 2015-03 | flag=INSUFFICIENT
  SBIN | 2016-03 | flag=INSUFFICIENT
  SBIN | 2017-03 | flag=INSUFFICIENT
  SBIN | 2018-03 | flag=INSUFFICIENT
  SBIN | 2019-03 | flag=INSUFFICIENT
  SBIN | 2020-03 | flag=INSUFFICIENT
  SBIN | 2021-03 | flag=INSUFFICIENT
  SBIN | 2022-03 | flag=INSUFFICIENT
  SBIN | TTM | flag=INSUFFICIENT
  SHREECEM | 2013-06 | flag=INSUFFICIENT
  SHREECEM | 2014-06 | flag=INSUFFICIENT
  SHREECEM | 2015-06 | flag=INSUFFICIENT
  SHREECEM | 2016-03 | flag=INSUFFICIENT
  SHREECEM | 2017-03 | flag=INSUFFICIENT
  SHREECEM | 2018-03 | flag=INSUFFICIENT
  SHREECEM | 2019-03 | flag=INSUFFICIENT
  SHREECEM | 2020-03 | flag=INSUFFICIENT
  SHREECEM | 2021-03 | flag=INSUFFICIENT
  SHREECEM | 2022-03 | flag=INSUFFICIENT
  SHREECEM | TTM | flag=INSUFFICIENT
  SHRIRAMFIN | 2013-03 | flag=INSUFFICIENT
  SHRIRAMFIN | 2014-03 | flag=INSUFFICIENT
  SHRIRAMFIN | 2015-03 | flag=INSUFFICIENT
  SHRIRAMFIN | 2016-03 | flag=INSUFFICIENT
  SHRIRAMFIN | 2017-03 | flag=INSUFFICIENT
  SHRIRAMFIN | 2018-03 | flag=INSUFFICIENT
  SHRIRAMFIN | 2019-03 | flag=INSUFFICIENT
  SHRIRAMFIN | 2020-03 | flag=INSUFFICIENT
  SHRIRAMFIN | 2021-03 | flag=INSUFFICIENT
  SHRIRAMFIN | 2022-03 | flag=INSUFFICIENT
  SHRIRAMFIN | TTM | flag=INSUFFICIENT
  SIEMENS | 2011-09 | flag=INSUFFICIENT
  SIEMENS | 2014-09 | flag=INSUFFICIENT
  SIEMENS | 2015-09 | flag=INSUFFICIENT
  SIEMENS | 2016-09 | flag=INSUFFICIENT
  SIEMENS | 2017-09 | flag=INSUFFICIENT
  SIEMENS | 2018-09 | flag=INSUFFICIENT
  SIEMENS | 2019-09 | flag=INSUFFICIENT
  SIEMENS | 2020-09 | flag=INSUFFICIENT
  SIEMENS | 2021-09 | flag=INSUFFICIENT
  SIEMENS | 2022-09 | flag=INSUFFICIENT
  SIEMENS | 2023-09 | flag=INSUFFICIENT
  SUNPHARMA | 2013-03 | flag=INSUFFICIENT
  SUNPHARMA | 2014-03 | flag=INSUFFICIENT
  SUNPHARMA | 2015-03 | flag=INSUFFICIENT
  SUNPHARMA | 2016-03 | flag=INSUFFICIENT
  SUNPHARMA | 2017-03 | flag=INSUFFICIENT
  SUNPHARMA | 2018-03 | flag=INSUFFICIENT
  SUNPHARMA | 2019-03 | flag=INSUFFICIENT
  SUNPHARMA | 2020-03 | flag=INSUFFICIENT
  SUNPHARMA | 2021-03 | flag=INSUFFICIENT
  SUNPHARMA | 2022-03 | flag=INSUFFICIENT
  SUNPHARMA | TTM | flag=INSUFFICIENT
  TATACONSUM | 2013-03 | flag=INSUFFICIENT
  TATACONSUM | 2014-03 | flag=INSUFFICIENT
  TATACONSUM | 2015-03 | flag=INSUFFICIENT
  TATACONSUM | 2016-03 | flag=INSUFFICIENT
  TATACONSUM | 2017-03 | flag=INSUFFICIENT
  TATACONSUM | 2018-03 | flag=INSUFFICIENT
  TATACONSUM | 2019-03 | flag=INSUFFICIENT
  TATACONSUM | 2020-03 | flag=INSUFFICIENT
  TATACONSUM | 2021-03 | flag=INSUFFICIENT
  TATACONSUM | 2022-03 | flag=INSUFFICIENT
  TATACONSUM | TTM | flag=INSUFFICIENT
  TATAMOTORS | 2013-03 | flag=INSUFFICIENT
  TATAMOTORS | 2014-03 | flag=INSUFFICIENT
  TATAMOTORS | 2015-03 | flag=INSUFFICIENT
  TATAMOTORS | 2016-03 | flag=INSUFFICIENT
  TATAMOTORS | 2017-03 | flag=INSUFFICIENT
  TATAMOTORS | 2018-03 | flag=INSUFFICIENT
  TATAMOTORS | 2019-03 | flag=INSUFFICIENT
  TATAMOTORS | 2020-03 | flag=INSUFFICIENT
  TATAMOTORS | 2021-03 | flag=INSUFFICIENT
  TATAMOTORS | 2022-03 | flag=INSUFFICIENT
  TATAMOTORS | TTM | flag=INSUFFICIENT
  TATAPOWER | 2013-03 | flag=INSUFFICIENT
  TATAPOWER | 2014-03 | flag=INSUFFICIENT
  TATAPOWER | 2015-03 | flag=INSUFFICIENT
  TATAPOWER | 2016-03 | flag=INSUFFICIENT
  TATAPOWER | 2017-03 | flag=INSUFFICIENT
  TATAPOWER | 2018-03 | flag=INSUFFICIENT
  TATAPOWER | 2019-03 | flag=INSUFFICIENT
  TATAPOWER | 2020-03 | flag=INSUFFICIENT
  TATAPOWER | 2021-03 | flag=INSUFFICIENT
  TATAPOWER | 2022-03 | flag=INSUFFICIENT
  TATAPOWER | 2023-03 | flag=ZERO_BASE
  TATAPOWER | 2024-03 | flag=TURNAROUND
  TATAPOWER | TTM | flag=INSUFFICIENT
  TATASTEEL | 2013-03 | flag=INSUFFICIENT
  TATASTEEL | 2014-03 | flag=INSUFFICIENT
  TATASTEEL | 2015-03 | flag=INSUFFICIENT
  TATASTEEL | 2016-03 | flag=INSUFFICIENT
  TATASTEEL | 2017-03 | flag=INSUFFICIENT
  TATASTEEL | 2018-03 | flag=INSUFFICIENT
  TATASTEEL | 2019-03 | flag=INSUFFICIENT
  TATASTEEL | 2020-03 | flag=INSUFFICIENT
  TATASTEEL | 2021-03 | flag=INSUFFICIENT
  TATASTEEL | 2022-03 | flag=INSUFFICIENT
  TATASTEEL | 2023-03 | flag=TURNAROUND
  TATASTEEL | 2024-03 | flag=DECLINE_TO_LOSS
  TATASTEEL | TTM | flag=INSUFFICIENT
  TCS | 2013-03 | flag=INSUFFICIENT
  TCS | 2014-03 | flag=INSUFFICIENT
  TCS | 2015-03 | flag=INSUFFICIENT
  TCS | 2016-03 | flag=INSUFFICIENT
  TCS | 2017-03 | flag=INSUFFICIENT
  TCS | 2018-03 | flag=INSUFFICIENT
  TCS | 2019-03 | flag=INSUFFICIENT
  TCS | 2020-03 | flag=INSUFFICIENT
  TCS | 2021-03 | flag=INSUFFICIENT
  TCS | 2022-03 | flag=INSUFFICIENT
  TCS | TTM | flag=INSUFFICIENT
  TECHM | 2013-03 | flag=INSUFFICIENT
  TECHM | 2014-03 | flag=INSUFFICIENT
  TECHM | 2015-03 | flag=INSUFFICIENT
  TECHM | 2016-03 | flag=INSUFFICIENT
  TECHM | 2017-03 | flag=INSUFFICIENT
  TECHM | 2018-03 | flag=INSUFFICIENT
  TECHM | 2019-03 | flag=INSUFFICIENT
  TECHM | 2020-03 | flag=INSUFFICIENT
  TECHM | 2021-03 | flag=INSUFFICIENT
  TECHM | 2022-03 | flag=INSUFFICIENT
  TECHM | TTM | flag=INSUFFICIENT
  TITAN | 2013-03 | flag=INSUFFICIENT
  TITAN | 2014-03 | flag=INSUFFICIENT
  TITAN | 2015-03 | flag=INSUFFICIENT
  TITAN | 2016-03 | flag=INSUFFICIENT
  TITAN | 2017-03 | flag=INSUFFICIENT
  TITAN | 2018-03 | flag=INSUFFICIENT
  TITAN | 2019-03 | flag=INSUFFICIENT
  TITAN | 2020-03 | flag=INSUFFICIENT
  TITAN | 2021-03 | flag=INSUFFICIENT
  TITAN | 2022-03 | flag=INSUFFICIENT
  TITAN | TTM | flag=INSUFFICIENT
  TORNTPHARM | 2013-03 | flag=INSUFFICIENT
  TORNTPHARM | 2014-03 | flag=INSUFFICIENT
  TORNTPHARM | 2015-03 | flag=INSUFFICIENT
  TORNTPHARM | 2016-03 | flag=INSUFFICIENT
  TORNTPHARM | 2017-03 | flag=INSUFFICIENT
  TORNTPHARM | 2018-03 | flag=INSUFFICIENT
  TORNTPHARM | 2019-03 | flag=INSUFFICIENT
  TORNTPHARM | 2020-03 | flag=INSUFFICIENT
  TORNTPHARM | 2021-03 | flag=INSUFFICIENT
  TORNTPHARM | 2022-03 | flag=INSUFFICIENT
  TORNTPHARM | TTM | flag=INSUFFICIENT
  TRENT | 2013-03 | flag=INSUFFICIENT
  TRENT | 2014-03 | flag=INSUFFICIENT
  TRENT | 2015-03 | flag=INSUFFICIENT
  TRENT | 2016-03 | flag=INSUFFICIENT
  TRENT | 2017-03 | flag=INSUFFICIENT
  TRENT | 2018-03 | flag=INSUFFICIENT
  TRENT | 2019-03 | flag=INSUFFICIENT
  TRENT | 2020-03 | flag=INSUFFICIENT
  TRENT | 2021-03 | flag=INSUFFICIENT
  TRENT | 2022-03 | flag=INSUFFICIENT
  TRENT | 2023-03 | flag=TURNAROUND
  TRENT | 2024-03 | flag=TURNAROUND
  TRENT | TTM | flag=INSUFFICIENT
  TVSMOTOR | 2013-03 | flag=INSUFFICIENT
  TVSMOTOR | 2014-03 | flag=INSUFFICIENT
  TVSMOTOR | 2015-03 | flag=INSUFFICIENT
  TVSMOTOR | 2016-03 | flag=INSUFFICIENT
  TVSMOTOR | 2017-03 | flag=INSUFFICIENT
  TVSMOTOR | 2018-03 | flag=INSUFFICIENT
  TVSMOTOR | 2019-03 | flag=INSUFFICIENT
  TVSMOTOR | 2020-03 | flag=INSUFFICIENT
  TVSMOTOR | 2021-03 | flag=INSUFFICIENT
  TVSMOTOR | 2022-03 | flag=INSUFFICIENT
  TVSMOTOR | TTM | flag=INSUFFICIENT

[MISSING_BALANCE_SHEET_COMPANY] Count: 1
Explanation: Company remains in financial_ratios because P&L data exists; BS-dependent KPIs remain NULL rather than deleting the company.
  SBIN

[MISSING_CASHFLOW_COMPANY] Count: 1
Explanation: Cash-flow-dependent KPIs remain NULL when no valid cash-flow record exists; no synthetic values are created.
  ATGL

[COMPOSITE_SCORE_INSUFFICIENT_INPUTS] Count: 134
Explanation: Composite score remains NULL when one or more required ROE, FCF, ROCE or D/E inputs are unavailable.
  ABB | TTM
  ADANIENSOL | TTM
  ADANIENT | TTM
  ADANIGREEN | TTM
  ADANIPORTS | TTM
  ADANIPOWER | TTM
  AMBUJACEM | TTM
  APOLLOHOSP | TTM
  ASIANPAINT | TTM
  ATGL | 2018-03
  ATGL | 2019-03
  ATGL | 2020-03
  ATGL | 2021-03
  ATGL | 2022-03
  ATGL | 2023-03
  ATGL | 2024-03
  ATGL | TTM
  AXISBANK | TTM
  BAJAJ-AUTO | TTM
  BAJAJFINSV | TTM
  BAJAJHLDNG | TTM
  BAJFINANCE | TTM
  BANKBARODA | TTM
  BEL | TTM
  BHARTIARTL | TTM
  BHEL | TTM
  BOSCHLTD | TTM
  BPCL | TTM
  BRITANNIA | TTM
  CANBK | TTM
  CHOLAFIN | TTM
  CIPLA | TTM
  COALINDIA | TTM
  DABUR | TTM
  DIVISLAB | TTM
  DLF | TTM
  DMART | TTM
  DRREDDY | TTM
  EICHERMOT | TTM
  GAIL | TTM
  GODREJCP | TTM
  GRASIM | TTM
  HAL | 2013-03
  HAL | 2014-03
  HAL | 2015-03
  HAL | 2016-03
  HAL | TTM
  HAVELLS | TTM
  HCLTECH | TTM
  HDFCBANK | TTM
  HDFCLIFE | 2013-03
  HDFCLIFE | 2014-03
  HDFCLIFE | TTM
  HEROMOTOCO | TTM
  HINDALCO | TTM
  HINDUNILVR | TTM
  ICICIBANK | TTM
  ICICIGI | TTM
  ICICIPRULI | TTM
  INDIGO | TTM
  INDUSINDBK | TTM
  INFY | TTM
  IOC | TTM
  IRCTC | TTM
  IRFC | 2013-03
  IRFC | 2014-03
  IRFC | 2015-03
  IRFC | TTM
  ITC | TTM
  JINDALSTEL | TTM
  JIOFIN | TTM
  JSWENERGY | TTM
  JSWSTEEL | TTM
  KOTAKBANK | TTM
  LICI | TTM
  LODHA | 2011-03
  LODHA | 2012-03
  LODHA | 2015-03
  LODHA | TTM
  LT | TTM
  LTIM | TTM
  M&M | TTM
  MARUTI | TTM
  MOTHERSON | TTM
  NAUKRI | TTM
  NESTLEIND | TTM
  NHPC | TTM
  NTPC | TTM
  ONGC | TTM
  PFC | TTM
  PIDILITIND | TTM
  PNB | 2013-03
  PNB | 2014-03
  PNB | 2015-03
  PNB | 2016-03
  PNB | 2017-03
  PNB | 2018-03
  PNB | 2019-03
  PNB | 2020-03
  PNB | 2021-03
  PNB | 2022-03
  PNB | 2023-03
  PNB | 2024-03
  PNB | TTM
  POWERGRID | TTM
  RECLTD | TTM
  RELIANCE | TTM
  SBILIFE | TTM
  SBIN | 2013-03
  SBIN | 2014-03
  SBIN | 2015-03
  SBIN | 2016-03
  SBIN | 2017-03
  SBIN | 2018-03
  SBIN | 2019-03
  SBIN | 2020-03
  SBIN | 2021-03
  SBIN | 2022-03
  SBIN | 2023-03
  SBIN | 2024-03
  SBIN | TTM
  SHREECEM | TTM
  SHRIRAMFIN | TTM
  SUNPHARMA | TTM
  TATACONSUM | TTM
  TATAMOTORS | TTM
  TATAPOWER | TTM
  TATASTEEL | TTM
  TCS | TTM
  TECHM | TTM
  TITAN | TTM
  TORNTPHARM | TTM
  TRENT | TTM
  TVSMOTOR | TTM


================================================================================
SOURCE DATA SCALE ANOMALIES
================================================================================
The following companies have latest-year ROE > 200%.

Formula validation confirms ROE is mathematically correct using the loaded
source values. Inspection of the original Balance Sheet Excel confirms that
the SQLite loader preserved the source values without scaling.

These observations are therefore classified as SOURCE DATA QUALITY anomalies,
not Ratio Engine formula errors.

No arbitrary scaling correction was applied because doing so would fabricate
financial values without a documented source-unit conversion.

BEL | 2024-03 | Net Profit=3985.0 | Equity=11.0 | Reserves=73.0 | Assets=161.0 | ROE=4744.05%
HAL | 2024-03 | Net Profit=7595.0 | Equity=5.0 | Reserves=194.0 | Assets=450.0 | ROE=3816.58%
INDIGO | 2024-03 | Net Profit=8167.0 | Equity=48.0 | Reserves=867.0 | Assets=1222.0 | ROE=892.57%


================================================================================
SOURCE DATA SCALE ANOMALIES
================================================================================
The following companies have latest-year ROE > 200%.

Formula validation confirms ROE is mathematically correct using the loaded
source values. Inspection of the original Balance Sheet Excel confirms that
the SQLite loader preserved the source values without scaling.

These observations are therefore classified as SOURCE DATA QUALITY anomalies,
not Ratio Engine formula errors.

No arbitrary scaling correction was applied because doing so would fabricate
financial values without a documented source-unit conversion.

BEL | 2024-03 | Net Profit=3985.0 | Equity=11.0 | Reserves=73.0 | Assets=161.0 | ROE=4744.05%
HAL | 2024-03 | Net Profit=7595.0 | Equity=5.0 | Reserves=194.0 | Assets=450.0 | ROE=3816.58%
INDIGO | 2024-03 | Net Profit=8167.0 | Equity=48.0 | Reserves=867.0 | Assets=1222.0 | ROE=892.57%


================================================================================
SOURCE DATA SCALE ANOMALIES
================================================================================
The following companies have latest-year ROE > 200%.

Formula validation confirms ROE is mathematically correct using the loaded
source values. Inspection of the original Balance Sheet Excel confirms that
the SQLite loader preserved the source values without scaling.

These observations are therefore classified as SOURCE DATA QUALITY anomalies,
not Ratio Engine formula errors.

No arbitrary scaling correction was applied because doing so would fabricate
financial values without a documented source-unit conversion.

BEL | 2024-03 | Net Profit=3985.0 | Equity=11.0 | Reserves=73.0 | Assets=161.0 | ROE=4744.05%
HAL | 2024-03 | Net Profit=7595.0 | Equity=5.0 | Reserves=194.0 | Assets=450.0 | ROE=3816.58%
INDIGO | 2024-03 | Net Profit=8167.0 | Equity=48.0 | Reserves=867.0 | Assets=1222.0 | ROE=892.57%


================================================================================
SOURCE DATA SCALE ANOMALIES
================================================================================
The following companies have latest-year ROE > 200%.

Formula validation confirms ROE is mathematically correct using the loaded
source values. Inspection of the original Balance Sheet Excel confirms that
the SQLite loader preserved the source values without scaling.

These observations are therefore classified as SOURCE DATA QUALITY anomalies,
not Ratio Engine formula errors.

No arbitrary scaling correction was applied because doing so would fabricate
financial values without a documented source-unit conversion.

BEL | 2024-03 | Net Profit=3985.0 | Equity=11.0 | Reserves=73.0 | Assets=161.0 | ROE=4744.05%
HAL | 2024-03 | Net Profit=7595.0 | Equity=5.0 | Reserves=194.0 | Assets=450.0 | ROE=3816.58%
INDIGO | 2024-03 | Net Profit=8167.0 | Equity=48.0 | Reserves=867.0 | Assets=1222.0 | ROE=892.57%
